ISO-10303-21;
HEADER;
/* Generated by software containing ST-Developer
 * from STEP Tools, Inc. (www.steptools.com) 
 */

FILE_DESCRIPTION(
/* description */ (''),
/* implementation_level */ '2;1');

FILE_NAME(
/* name */ 
'C:\\Users\\janartha\\Desktop\\WF\\PG-TDSON-8-60_Z8B00221225_V01_3D.st
p',
/* time_stamp */ '2021-11-26T12:43:13+05:00',
/* author */ ('janartha'),
/* organization */ (''),
/* preprocessor_version */ 'ST-DEVELOPER v16.13',
/* originating_system */ 'AutoCAD Mechanical',
/* authorisation */ '');

FILE_SCHEMA (('AUTOMOTIVE_DESIGN { 1 0 10303 214 3 1 1 }'));
ENDSEC;

DATA;
#10=MECHANICAL_DESIGN_GEOMETRIC_PRESENTATION_REPRESENTATION('',(#90,#73,
#72,#71,#74,#75,#76,#77,#78,#79,#80,#81,#82,#83,#84,#85,#86,#87,#88,#89),
#7876);
#11=PRESENTATION_LAYER_ASSIGNMENT('1','3D_Mold',(#91));
#12=PRESENTATION_LAYER_ASSIGNMENT('3','3D_Pin1',(#92));
#13=PRESENTATION_LAYER_ASSIGNMENT('2','3D_Pins',(#93,#94,#95,#108,#109,
#110));
#14=PRESENTATION_LAYER_ASSIGNMENT('4','3D_Logo',(#96,#97,#98,#99,#100,#101,
#102,#103,#104,#105,#106,#107));
#15=SHAPE_REPRESENTATION_RELATIONSHIP('SRR','None',#7882,#16);
#16=ADVANCED_BREP_SHAPE_REPRESENTATION('',(#91,#92,#93,#94,#95,#96,#97,
#98,#99,#100,#101,#102,#103,#104,#105,#106,#107,#108,#109,#110),#7875);
#17=(
BOUNDED_CURVE()
B_SPLINE_CURVE(3,(#6867,#6868,#6869,#6870,#6871,#6872),.UNSPECIFIED.,.F.,
 .F.)
B_SPLINE_CURVE_WITH_KNOTS((4,1,1,4),(8.,8.08240423193708,8.28162384559016,
8.87628584163225),.UNSPECIFIED.)
CURVE()
GEOMETRIC_REPRESENTATION_ITEM()
RATIONAL_B_SPLINE_CURVE((1.,1.,1.,1.,1.,1.))
REPRESENTATION_ITEM('')
);
#18=(
BOUNDED_CURVE()
B_SPLINE_CURVE(3,(#6874,#6875,#6876,#6877,#6878,#6879),.UNSPECIFIED.,.F.,
 .F.)
B_SPLINE_CURVE_WITH_KNOTS((4,1,1,4),(8.,8.08240423193708,8.28162384559016,
8.87628584163225),.UNSPECIFIED.)
CURVE()
GEOMETRIC_REPRESENTATION_ITEM()
RATIONAL_B_SPLINE_CURVE((1.,1.,1.,1.,1.,1.))
REPRESENTATION_ITEM('')
);
#19=(
BOUNDED_CURVE()
B_SPLINE_CURVE(3,(#6924,#6925,#6926,#6927,#6928,#6929),.UNSPECIFIED.,.F.,
 .F.)
B_SPLINE_CURVE_WITH_KNOTS((4,1,1,4),(2.,2.40837092276102,2.66552450102328,
3.),.UNSPECIFIED.)
CURVE()
GEOMETRIC_REPRESENTATION_ITEM()
RATIONAL_B_SPLINE_CURVE((1.,1.,1.,1.,1.,1.))
REPRESENTATION_ITEM('')
);
#20=(
BOUNDED_CURVE()
B_SPLINE_CURVE(3,(#6931,#6932,#6933,#6934,#6935,#6936),.UNSPECIFIED.,.F.,
 .F.)
B_SPLINE_CURVE_WITH_KNOTS((4,1,1,4),(2.,2.40837092276102,2.66552450102328,
3.),.UNSPECIFIED.)
CURVE()
GEOMETRIC_REPRESENTATION_ITEM()
RATIONAL_B_SPLINE_CURVE((1.,1.,1.,1.,1.,1.))
REPRESENTATION_ITEM('')
);
#21=(
BOUNDED_CURVE()
B_SPLINE_CURVE(3,(#6987,#6988,#6989,#6990,#6991,#6992,#6993,#6994),
 .UNSPECIFIED.,.F.,.F.)
B_SPLINE_CURVE_WITH_KNOTS((4,1,1,1,1,4),(6.01566842132609,6.20237463151185,
6.28091428608021,6.45173704701892,6.62776787562851,7.01566842132609),
 .UNSPECIFIED.)
CURVE()
GEOMETRIC_REPRESENTATION_ITEM()
RATIONAL_B_SPLINE_CURVE((1.,1.,1.,1.,1.,1.,1.,1.))
REPRESENTATION_ITEM('')
);
#22=(
BOUNDED_CURVE()
B_SPLINE_CURVE(3,(#6996,#6997,#6998,#6999,#7000,#7001,#7002,#7003),
 .UNSPECIFIED.,.F.,.F.)
B_SPLINE_CURVE_WITH_KNOTS((4,1,1,1,1,4),(6.01566842132609,6.20237463151185,
6.28091428608021,6.45173704701892,6.62776787562851,7.01566842132609),
 .UNSPECIFIED.)
CURVE()
GEOMETRIC_REPRESENTATION_ITEM()
RATIONAL_B_SPLINE_CURVE((1.,1.,1.,1.,1.,1.,1.,1.))
REPRESENTATION_ITEM('')
);
#23=(
BOUNDED_CURVE()
B_SPLINE_CURVE(3,(#7028,#7029,#7030,#7031,#7032,#7033,#7034,#7035),
 .UNSPECIFIED.,.F.,.F.)
B_SPLINE_CURVE_WITH_KNOTS((4,1,1,1,1,4),(4.01566842132609,4.41363868034962,
4.58952925719752,4.67714765281929,4.82852116272143,5.01566842132609),
 .UNSPECIFIED.)
CURVE()
GEOMETRIC_REPRESENTATION_ITEM()
RATIONAL_B_SPLINE_CURVE((1.,1.,1.,1.,1.,1.,1.,1.))
REPRESENTATION_ITEM('')
);
#24=(
BOUNDED_CURVE()
B_SPLINE_CURVE(3,(#7037,#7038,#7039,#7040,#7041,#7042,#7043,#7044),
 .UNSPECIFIED.,.F.,.F.)
B_SPLINE_CURVE_WITH_KNOTS((4,1,1,1,1,4),(4.01566842132609,4.41363868034962,
4.58952925719752,4.67714765281929,4.82852116272143,5.01566842132609),
 .UNSPECIFIED.)
CURVE()
GEOMETRIC_REPRESENTATION_ITEM()
RATIONAL_B_SPLINE_CURVE((1.,1.,1.,1.,1.,1.,1.,1.))
REPRESENTATION_ITEM('')
);
#25=(
BOUNDED_CURVE()
B_SPLINE_CURVE(3,(#7130,#7131,#7132,#7133),.UNSPECIFIED.,.F.,.F.)
B_SPLINE_CURVE_WITH_KNOTS((4,4),(6.,7.),.UNSPECIFIED.)
CURVE()
GEOMETRIC_REPRESENTATION_ITEM()
RATIONAL_B_SPLINE_CURVE((1.,1.,1.,1.))
REPRESENTATION_ITEM('')
);
#26=(
BOUNDED_CURVE()
B_SPLINE_CURVE(3,(#7135,#7136,#7137,#7138),.UNSPECIFIED.,.F.,.F.)
B_SPLINE_CURVE_WITH_KNOTS((4,4),(6.,7.),.UNSPECIFIED.)
CURVE()
GEOMETRIC_REPRESENTATION_ITEM()
RATIONAL_B_SPLINE_CURVE((1.,1.,1.,1.))
REPRESENTATION_ITEM('')
);
#27=(
BOUNDED_CURVE()
B_SPLINE_CURVE(3,(#7155,#7156,#7157,#7158),.UNSPECIFIED.,.F.,.F.)
B_SPLINE_CURVE_WITH_KNOTS((4,4),(4.,5.),.UNSPECIFIED.)
CURVE()
GEOMETRIC_REPRESENTATION_ITEM()
RATIONAL_B_SPLINE_CURVE((1.,1.,1.,1.))
REPRESENTATION_ITEM('')
);
#28=(
BOUNDED_CURVE()
B_SPLINE_CURVE(3,(#7160,#7161,#7162,#7163),.UNSPECIFIED.,.F.,.F.)
B_SPLINE_CURVE_WITH_KNOTS((4,4),(4.,5.),.UNSPECIFIED.)
CURVE()
GEOMETRIC_REPRESENTATION_ITEM()
RATIONAL_B_SPLINE_CURVE((1.,1.,1.,1.))
REPRESENTATION_ITEM('')
);
#29=(
BOUNDED_CURVE()
B_SPLINE_CURVE(3,(#7217,#7218,#7219,#7220,#7221,#7222),.UNSPECIFIED.,.F.,
 .F.)
B_SPLINE_CURVE_WITH_KNOTS((4,1,1,4),(2.,2.36572596968597,2.55479422171517,
3.),.UNSPECIFIED.)
CURVE()
GEOMETRIC_REPRESENTATION_ITEM()
RATIONAL_B_SPLINE_CURVE((1.,1.,1.,1.,1.,1.))
REPRESENTATION_ITEM('')
);
#30=(
BOUNDED_CURVE()
B_SPLINE_CURVE(3,(#7225,#7226,#7227,#7228,#7229,#7230),.UNSPECIFIED.,.F.,
 .F.)
B_SPLINE_CURVE_WITH_KNOTS((4,1,1,4),(-3.,-2.55479422171517,-2.36572596968597,
-2.),.UNSPECIFIED.)
CURVE()
GEOMETRIC_REPRESENTATION_ITEM()
RATIONAL_B_SPLINE_CURVE((1.,1.,1.,1.,1.,1.))
REPRESENTATION_ITEM('')
);
#31=(
BOUNDED_CURVE()
B_SPLINE_CURVE(3,(#7258,#7259,#7260,#7261,#7262,#7263,#7264,#7265),
 .UNSPECIFIED.,.F.,.F.)
B_SPLINE_CURVE_WITH_KNOTS((4,1,1,1,1,4),(7.,7.27904478465975,7.40141566500528,
7.5874852008217,7.71505906011003,8.),.UNSPECIFIED.)
CURVE()
GEOMETRIC_REPRESENTATION_ITEM()
RATIONAL_B_SPLINE_CURVE((1.,1.,1.,1.,1.,1.,1.,1.))
REPRESENTATION_ITEM('')
);
#32=(
BOUNDED_CURVE()
B_SPLINE_CURVE(3,(#7269,#7270,#7271,#7272,#7273,#7274,#7275,#7276),
 .UNSPECIFIED.,.F.,.F.)
B_SPLINE_CURVE_WITH_KNOTS((4,1,1,1,1,4),(7.,7.27904478465975,7.40141566500528,
7.5874852008217,7.71505906011003,8.),.UNSPECIFIED.)
CURVE()
GEOMETRIC_REPRESENTATION_ITEM()
RATIONAL_B_SPLINE_CURVE((1.,1.,1.,1.,1.,1.,1.,1.))
REPRESENTATION_ITEM('')
);
#33=(
BOUNDED_CURVE()
B_SPLINE_CURVE(3,(#7301,#7302,#7303,#7304,#7305,#7306,#7307,#7308),
 .UNSPECIFIED.,.F.,.F.)
B_SPLINE_CURVE_WITH_KNOTS((4,1,1,1,1,4),(5.,5.24696874039171,5.38486534881784,
5.52503043007791,5.70459415147942,6.),.UNSPECIFIED.)
CURVE()
GEOMETRIC_REPRESENTATION_ITEM()
RATIONAL_B_SPLINE_CURVE((1.,1.,1.,1.,1.,1.,1.,1.))
REPRESENTATION_ITEM('')
);
#34=(
BOUNDED_CURVE()
B_SPLINE_CURVE(3,(#7310,#7311,#7312,#7313,#7314,#7315,#7316,#7317),
 .UNSPECIFIED.,.F.,.F.)
B_SPLINE_CURVE_WITH_KNOTS((4,1,1,1,1,4),(5.,5.24696874039171,5.38486534881784,
5.52503043007791,5.70459415147942,6.),.UNSPECIFIED.)
CURVE()
GEOMETRIC_REPRESENTATION_ITEM()
RATIONAL_B_SPLINE_CURVE((1.,1.,1.,1.,1.,1.,1.,1.))
REPRESENTATION_ITEM('')
);
#35=(
BOUNDED_CURVE()
B_SPLINE_CURVE(3,(#7350,#7351,#7352,#7353,#7354,#7355),.UNSPECIFIED.,.F.,
 .F.)
B_SPLINE_CURVE_WITH_KNOTS((4,1,1,4),(1.,1.32066880210392,1.5317693827302,
2.),.UNSPECIFIED.)
CURVE()
GEOMETRIC_REPRESENTATION_ITEM()
RATIONAL_B_SPLINE_CURVE((1.,1.,1.,1.,1.,1.))
REPRESENTATION_ITEM('')
);
#36=(
BOUNDED_CURVE()
B_SPLINE_CURVE(3,(#7357,#7358,#7359,#7360,#7361,#7362),.UNSPECIFIED.,.F.,
 .F.)
B_SPLINE_CURVE_WITH_KNOTS((4,1,1,4),(1.,1.32066880210392,1.5317693827302,
2.),.UNSPECIFIED.)
CURVE()
GEOMETRIC_REPRESENTATION_ITEM()
RATIONAL_B_SPLINE_CURVE((1.,1.,1.,1.,1.,1.))
REPRESENTATION_ITEM('')
);
#37=(
BOUNDED_CURVE()
B_SPLINE_CURVE(3,(#7383,#7384,#7385,#7386,#7387,#7388),.UNSPECIFIED.,.F.,
 .F.)
B_SPLINE_CURVE_WITH_KNOTS((4,1,1,4),(3.,3.39299516178054,3.60826230014293,
4.),.UNSPECIFIED.)
CURVE()
GEOMETRIC_REPRESENTATION_ITEM()
RATIONAL_B_SPLINE_CURVE((1.,1.,1.,1.,1.,1.))
REPRESENTATION_ITEM('')
);
#38=(
BOUNDED_CURVE()
B_SPLINE_CURVE(3,(#7392,#7393,#7394,#7395,#7396,#7397),.UNSPECIFIED.,.F.,
 .F.)
B_SPLINE_CURVE_WITH_KNOTS((4,1,1,4),(-4.,-3.60826230014293,-3.39299516178054,
-3.),.UNSPECIFIED.)
CURVE()
GEOMETRIC_REPRESENTATION_ITEM()
RATIONAL_B_SPLINE_CURVE((1.,1.,1.,1.,1.,1.))
REPRESENTATION_ITEM('')
);
#39=(
BOUNDED_CURVE()
B_SPLINE_CURVE(3,(#7418,#7419,#7420,#7421,#7422,#7423),.UNSPECIFIED.,.F.,
 .F.)
B_SPLINE_CURVE_WITH_KNOTS((4,1,1,4),(1.,1.43115517248575,1.62538744993752,
2.),.UNSPECIFIED.)
CURVE()
GEOMETRIC_REPRESENTATION_ITEM()
RATIONAL_B_SPLINE_CURVE((1.,1.,1.,1.,1.,1.))
REPRESENTATION_ITEM('')
);
#40=(
BOUNDED_CURVE()
B_SPLINE_CURVE(3,(#7426,#7427,#7428,#7429,#7430,#7431),.UNSPECIFIED.,.F.,
 .F.)
B_SPLINE_CURVE_WITH_KNOTS((4,1,1,4),(-2.,-1.62538744993752,-1.43115517248575,
-1.),.UNSPECIFIED.)
CURVE()
GEOMETRIC_REPRESENTATION_ITEM()
RATIONAL_B_SPLINE_CURVE((1.,1.,1.,1.,1.,1.))
REPRESENTATION_ITEM('')
);
#41=(
BOUNDED_CURVE()
B_SPLINE_CURVE(3,(#7451,#7452,#7453,#7454,#7455,#7456,#7457),
 .UNSPECIFIED.,.F.,.F.)
B_SPLINE_CURVE_WITH_KNOTS((4,1,1,1,4),(3.,3.27603883230088,3.39737819488559,
3.6132623875528,4.),.UNSPECIFIED.)
CURVE()
GEOMETRIC_REPRESENTATION_ITEM()
RATIONAL_B_SPLINE_CURVE((1.,1.,1.,1.,1.,1.,1.))
REPRESENTATION_ITEM('')
);
#42=(
BOUNDED_CURVE()
B_SPLINE_CURVE(3,(#7461,#7462,#7463,#7464,#7465,#7466,#7467),
 .UNSPECIFIED.,.F.,.F.)
B_SPLINE_CURVE_WITH_KNOTS((4,1,1,1,4),(3.,3.27603883230088,3.39737819488559,
3.6132623875528,4.),.UNSPECIFIED.)
CURVE()
GEOMETRIC_REPRESENTATION_ITEM()
RATIONAL_B_SPLINE_CURVE((1.,1.,1.,1.,1.,1.,1.))
REPRESENTATION_ITEM('')
);
#43=(
BOUNDED_CURVE()
B_SPLINE_CURVE(3,(#7492,#7493,#7494,#7495,#7496,#7497,#7498,#7499),
 .UNSPECIFIED.,.F.,.F.)
B_SPLINE_CURVE_WITH_KNOTS((4,1,1,1,1,4),(1.,1.29515623423606,1.40201997002782,
1.54662976040742,1.68301935939558,2.),.UNSPECIFIED.)
CURVE()
GEOMETRIC_REPRESENTATION_ITEM()
RATIONAL_B_SPLINE_CURVE((1.,1.,1.,1.,1.,1.,1.,1.))
REPRESENTATION_ITEM('')
);
#44=(
BOUNDED_CURVE()
B_SPLINE_CURVE(3,(#7501,#7502,#7503,#7504,#7505,#7506,#7507,#7508),
 .UNSPECIFIED.,.F.,.F.)
B_SPLINE_CURVE_WITH_KNOTS((4,1,1,1,1,4),(1.,1.29515623423606,1.40201997002782,
1.54662976040742,1.68301935939558,2.),.UNSPECIFIED.)
CURVE()
GEOMETRIC_REPRESENTATION_ITEM()
RATIONAL_B_SPLINE_CURVE((1.,1.,1.,1.,1.,1.,1.,1.))
REPRESENTATION_ITEM('')
);
#45=(
BOUNDED_CURVE()
B_SPLINE_CURVE(3,(#7529,#7530,#7531,#7532,#7533,#7534),.UNSPECIFIED.,.F.,
 .F.)
B_SPLINE_CURVE_WITH_KNOTS((4,1,1,4),(8.87628584163225,9.29115814000777,
9.54548587338307,9.87628584163225),.UNSPECIFIED.)
CURVE()
GEOMETRIC_REPRESENTATION_ITEM()
RATIONAL_B_SPLINE_CURVE((1.,1.,1.,1.,1.,1.))
REPRESENTATION_ITEM('')
);
#46=(
BOUNDED_CURVE()
B_SPLINE_CURVE(3,(#7538,#7539,#7540,#7541,#7542,#7543),.UNSPECIFIED.,.F.,
 .F.)
B_SPLINE_CURVE_WITH_KNOTS((4,1,1,4),(8.87628584163225,9.29115814000777,
9.54548587338307,9.87628584163225),.UNSPECIFIED.)
CURVE()
GEOMETRIC_REPRESENTATION_ITEM()
RATIONAL_B_SPLINE_CURVE((1.,1.,1.,1.,1.,1.))
REPRESENTATION_ITEM('')
);
#47=(
BOUNDED_CURVE()
B_SPLINE_CURVE(3,(#7576,#7577,#7578,#7579,#7580,#7581),.UNSPECIFIED.,.F.,
 .F.)
B_SPLINE_CURVE_WITH_KNOTS((4,1,1,4),(5.,5.08240423193708,5.28162384559016,
5.87628584163225),.UNSPECIFIED.)
CURVE()
GEOMETRIC_REPRESENTATION_ITEM()
RATIONAL_B_SPLINE_CURVE((1.,1.,1.,1.,1.,1.))
REPRESENTATION_ITEM('')
);
#48=(
BOUNDED_CURVE()
B_SPLINE_CURVE(3,(#7583,#7584,#7585,#7586,#7587,#7588),.UNSPECIFIED.,.F.,
 .F.)
B_SPLINE_CURVE_WITH_KNOTS((4,1,1,4),(5.,5.08240423193708,5.28162384559016,
5.87628584163225),.UNSPECIFIED.)
CURVE()
GEOMETRIC_REPRESENTATION_ITEM()
RATIONAL_B_SPLINE_CURVE((1.,1.,1.,1.,1.,1.))
REPRESENTATION_ITEM('')
);
#49=(
BOUNDED_CURVE()
B_SPLINE_CURVE(3,(#7633,#7634,#7635,#7636,#7637,#7638),.UNSPECIFIED.,.F.,
 .F.)
B_SPLINE_CURVE_WITH_KNOTS((4,1,1,4),(8.87628584163225,9.28465676439327,
9.54181034265554,9.87628584163225),.UNSPECIFIED.)
CURVE()
GEOMETRIC_REPRESENTATION_ITEM()
RATIONAL_B_SPLINE_CURVE((1.,1.,1.,1.,1.,1.))
REPRESENTATION_ITEM('')
);
#50=(
BOUNDED_CURVE()
B_SPLINE_CURVE(3,(#7642,#7643,#7644,#7645,#7646,#7647),.UNSPECIFIED.,.F.,
 .F.)
B_SPLINE_CURVE_WITH_KNOTS((4,1,1,4),(8.87628584163225,9.28465676439327,
9.54181034265554,9.87628584163225),.UNSPECIFIED.)
CURVE()
GEOMETRIC_REPRESENTATION_ITEM()
RATIONAL_B_SPLINE_CURVE((1.,1.,1.,1.,1.,1.))
REPRESENTATION_ITEM('')
);
#51=(
BOUNDED_CURVE()
B_SPLINE_CURVE(3,(#7680,#7681,#7682,#7683,#7684,#7685),.UNSPECIFIED.,.F.,
 .F.)
B_SPLINE_CURVE_WITH_KNOTS((4,1,1,4),(5.,5.08240423193708,5.28162384559016,
5.87628584163225),.UNSPECIFIED.)
CURVE()
GEOMETRIC_REPRESENTATION_ITEM()
RATIONAL_B_SPLINE_CURVE((1.,1.,1.,1.,1.,1.))
REPRESENTATION_ITEM('')
);
#52=(
BOUNDED_CURVE()
B_SPLINE_CURVE(3,(#7687,#7688,#7689,#7690,#7691,#7692),.UNSPECIFIED.,.F.,
 .F.)
B_SPLINE_CURVE_WITH_KNOTS((4,1,1,4),(5.,5.08240423193708,5.28162384559016,
5.87628584163225),.UNSPECIFIED.)
CURVE()
GEOMETRIC_REPRESENTATION_ITEM()
RATIONAL_B_SPLINE_CURVE((1.,1.,1.,1.,1.,1.))
REPRESENTATION_ITEM('')
);
#53=(
BOUNDED_SURFACE()
B_SPLINE_SURFACE(3,1,((#6854,#6855),(#6856,#6857),(#6858,#6859),(#6860,
#6861),(#6862,#6863),(#6864,#6865)),.UNSPECIFIED.,.F.,.F.,.F.)
B_SPLINE_SURFACE_WITH_KNOTS((4,1,1,4),(2,2),(8.,8.08240423193708,8.28162384559016,
8.87628584163225),(0.,0.01),.UNSPECIFIED.)
GEOMETRIC_REPRESENTATION_ITEM()
RATIONAL_B_SPLINE_SURFACE(((1.,1.),(1.,1.),(1.,1.),(1.,1.),(1.,1.),(1.,
1.)))
REPRESENTATION_ITEM('')
SURFACE()
);
#54=(
BOUNDED_SURFACE()
B_SPLINE_SURFACE(3,1,((#6911,#6912),(#6913,#6914),(#6915,#6916),(#6917,
#6918),(#6919,#6920),(#6921,#6922)),.UNSPECIFIED.,.F.,.F.,.F.)
B_SPLINE_SURFACE_WITH_KNOTS((4,1,1,4),(2,2),(2.,2.40837092276102,2.66552450102328,
3.),(0.,0.01),.UNSPECIFIED.)
GEOMETRIC_REPRESENTATION_ITEM()
RATIONAL_B_SPLINE_SURFACE(((1.,1.),(1.,1.),(1.,1.),(1.,1.),(1.,1.),(1.,
1.)))
REPRESENTATION_ITEM('')
SURFACE()
);
#55=(
BOUNDED_SURFACE()
B_SPLINE_SURFACE(3,1,((#6970,#6971),(#6972,#6973),(#6974,#6975),(#6976,
#6977),(#6978,#6979),(#6980,#6981),(#6982,#6983),(#6984,#6985)),
 .UNSPECIFIED.,.F.,.F.,.F.)
B_SPLINE_SURFACE_WITH_KNOTS((4,1,1,1,1,4),(2,2),(6.01566842132609,6.20237463151185,
6.28091428608021,6.45173704701892,6.62776787562851,7.01566842132609),(0.,
0.01),.UNSPECIFIED.)
GEOMETRIC_REPRESENTATION_ITEM()
RATIONAL_B_SPLINE_SURFACE(((1.,1.),(1.,1.),(1.,1.),(1.,1.),(1.,1.),(1.,
1.),(1.,1.),(1.,1.)))
REPRESENTATION_ITEM('')
SURFACE()
);
#56=(
BOUNDED_SURFACE()
B_SPLINE_SURFACE(3,1,((#7011,#7012),(#7013,#7014),(#7015,#7016),(#7017,
#7018),(#7019,#7020),(#7021,#7022),(#7023,#7024),(#7025,#7026)),
 .UNSPECIFIED.,.F.,.F.,.F.)
B_SPLINE_SURFACE_WITH_KNOTS((4,1,1,1,1,4),(2,2),(4.01566842132609,4.41363868034962,
4.58952925719752,4.67714765281929,4.82852116272143,5.01566842132609),(0.,
0.01),.UNSPECIFIED.)
GEOMETRIC_REPRESENTATION_ITEM()
RATIONAL_B_SPLINE_SURFACE(((1.,1.),(1.,1.),(1.,1.),(1.,1.),(1.,1.),(1.,
1.),(1.,1.),(1.,1.)))
REPRESENTATION_ITEM('')
SURFACE()
);
#57=(
BOUNDED_SURFACE()
B_SPLINE_SURFACE(3,1,((#7121,#7122),(#7123,#7124),(#7125,#7126),(#7127,
#7128)),.UNSPECIFIED.,.F.,.F.,.F.)
B_SPLINE_SURFACE_WITH_KNOTS((4,4),(2,2),(6.,7.),(0.,0.01),.UNSPECIFIED.)
GEOMETRIC_REPRESENTATION_ITEM()
RATIONAL_B_SPLINE_SURFACE(((1.,1.),(1.,1.),(1.,1.),(1.,1.)))
REPRESENTATION_ITEM('')
SURFACE()
);
#58=(
BOUNDED_SURFACE()
B_SPLINE_SURFACE(3,1,((#7146,#7147),(#7148,#7149),(#7150,#7151),(#7152,
#7153)),.UNSPECIFIED.,.F.,.F.,.F.)
B_SPLINE_SURFACE_WITH_KNOTS((4,4),(2,2),(4.,5.),(0.,0.01),.UNSPECIFIED.)
GEOMETRIC_REPRESENTATION_ITEM()
RATIONAL_B_SPLINE_SURFACE(((1.,1.),(1.,1.),(1.,1.),(1.,1.)))
REPRESENTATION_ITEM('')
SURFACE()
);
#59=(
BOUNDED_SURFACE()
B_SPLINE_SURFACE(3,1,((#7204,#7205),(#7206,#7207),(#7208,#7209),(#7210,
#7211),(#7212,#7213),(#7214,#7215)),.UNSPECIFIED.,.F.,.F.,.F.)
B_SPLINE_SURFACE_WITH_KNOTS((4,1,1,4),(2,2),(2.,2.36572596968597,2.55479422171517,
3.),(0.,0.01),.UNSPECIFIED.)
GEOMETRIC_REPRESENTATION_ITEM()
RATIONAL_B_SPLINE_SURFACE(((1.,1.),(1.,1.),(1.,1.),(1.,1.),(1.,1.),(1.,
1.)))
REPRESENTATION_ITEM('')
SURFACE()
);
#60=(
BOUNDED_SURFACE()
B_SPLINE_SURFACE(3,1,((#7240,#7241),(#7242,#7243),(#7244,#7245),(#7246,
#7247),(#7248,#7249),(#7250,#7251),(#7252,#7253),(#7254,#7255)),
 .UNSPECIFIED.,.F.,.F.,.F.)
B_SPLINE_SURFACE_WITH_KNOTS((4,1,1,1,1,4),(2,2),(7.,7.27904478465975,7.40141566500528,
7.5874852008217,7.71505906011003,8.),(0.,0.01),.UNSPECIFIED.)
GEOMETRIC_REPRESENTATION_ITEM()
RATIONAL_B_SPLINE_SURFACE(((1.,1.),(1.,1.),(1.,1.),(1.,1.),(1.,1.),(1.,
1.),(1.,1.),(1.,1.)))
REPRESENTATION_ITEM('')
SURFACE()
);
#61=(
BOUNDED_SURFACE()
B_SPLINE_SURFACE(3,1,((#7284,#7285),(#7286,#7287),(#7288,#7289),(#7290,
#7291),(#7292,#7293),(#7294,#7295),(#7296,#7297),(#7298,#7299)),
 .UNSPECIFIED.,.F.,.F.,.F.)
B_SPLINE_SURFACE_WITH_KNOTS((4,1,1,1,1,4),(2,2),(5.,5.24696874039171,5.38486534881784,
5.52503043007791,5.70459415147942,6.),(0.,0.01),.UNSPECIFIED.)
GEOMETRIC_REPRESENTATION_ITEM()
RATIONAL_B_SPLINE_SURFACE(((1.,1.),(1.,1.),(1.,1.),(1.,1.),(1.,1.),(1.,
1.),(1.,1.),(1.,1.)))
REPRESENTATION_ITEM('')
SURFACE()
);
#62=(
BOUNDED_SURFACE()
B_SPLINE_SURFACE(3,1,((#7337,#7338),(#7339,#7340),(#7341,#7342),(#7343,
#7344),(#7345,#7346),(#7347,#7348)),.UNSPECIFIED.,.F.,.F.,.F.)
B_SPLINE_SURFACE_WITH_KNOTS((4,1,1,4),(2,2),(1.,1.32066880210392,1.5317693827302,
2.),(0.,0.01),.UNSPECIFIED.)
GEOMETRIC_REPRESENTATION_ITEM()
RATIONAL_B_SPLINE_SURFACE(((1.,1.),(1.,1.),(1.,1.),(1.,1.),(1.,1.),(1.,
1.)))
REPRESENTATION_ITEM('')
SURFACE()
);
#63=(
BOUNDED_SURFACE()
B_SPLINE_SURFACE(3,1,((#7369,#7370),(#7371,#7372),(#7373,#7374),(#7375,
#7376),(#7377,#7378),(#7379,#7380)),.UNSPECIFIED.,.F.,.F.,.F.)
B_SPLINE_SURFACE_WITH_KNOTS((4,1,1,4),(2,2),(3.,3.39299516178054,3.60826230014293,
4.),(0.,0.01),.UNSPECIFIED.)
GEOMETRIC_REPRESENTATION_ITEM()
RATIONAL_B_SPLINE_SURFACE(((1.,1.),(1.,1.),(1.,1.),(1.,1.),(1.,1.),(1.,
1.)))
REPRESENTATION_ITEM('')
SURFACE()
);
#64=(
BOUNDED_SURFACE()
B_SPLINE_SURFACE(3,1,((#7405,#7406),(#7407,#7408),(#7409,#7410),(#7411,
#7412),(#7413,#7414),(#7415,#7416)),.UNSPECIFIED.,.F.,.F.,.F.)
B_SPLINE_SURFACE_WITH_KNOTS((4,1,1,4),(2,2),(1.,1.43115517248575,1.62538744993752,
2.),(0.,0.01),.UNSPECIFIED.)
GEOMETRIC_REPRESENTATION_ITEM()
RATIONAL_B_SPLINE_SURFACE(((1.,1.),(1.,1.),(1.,1.),(1.,1.),(1.,1.),(1.,
1.)))
REPRESENTATION_ITEM('')
SURFACE()
);
#65=(
BOUNDED_SURFACE()
B_SPLINE_SURFACE(3,1,((#7435,#7436),(#7437,#7438),(#7439,#7440),(#7441,
#7442),(#7443,#7444),(#7445,#7446),(#7447,#7448)),.UNSPECIFIED.,.F.,.F.,
 .F.)
B_SPLINE_SURFACE_WITH_KNOTS((4,1,1,1,4),(2,2),(3.,3.27603883230088,3.39737819488559,
3.6132623875528,4.),(0.,0.01),.UNSPECIFIED.)
GEOMETRIC_REPRESENTATION_ITEM()
RATIONAL_B_SPLINE_SURFACE(((1.,1.),(1.,1.),(1.,1.),(1.,1.),(1.,1.),(1.,
1.),(1.,1.)))
REPRESENTATION_ITEM('')
SURFACE()
);
#66=(
BOUNDED_SURFACE()
B_SPLINE_SURFACE(3,1,((#7475,#7476),(#7477,#7478),(#7479,#7480),(#7481,
#7482),(#7483,#7484),(#7485,#7486),(#7487,#7488),(#7489,#7490)),
 .UNSPECIFIED.,.F.,.F.,.F.)
B_SPLINE_SURFACE_WITH_KNOTS((4,1,1,1,1,4),(2,2),(1.,1.29515623423606,1.40201997002782,
1.54662976040742,1.68301935939558,2.),(0.,0.01),.UNSPECIFIED.)
GEOMETRIC_REPRESENTATION_ITEM()
RATIONAL_B_SPLINE_SURFACE(((1.,1.),(1.,1.),(1.,1.),(1.,1.),(1.,1.),(1.,
1.),(1.,1.),(1.,1.)))
REPRESENTATION_ITEM('')
SURFACE()
);
#67=(
BOUNDED_SURFACE()
B_SPLINE_SURFACE(3,1,((#7515,#7516),(#7517,#7518),(#7519,#7520),(#7521,
#7522),(#7523,#7524),(#7525,#7526)),.UNSPECIFIED.,.F.,.F.,.F.)
B_SPLINE_SURFACE_WITH_KNOTS((4,1,1,4),(2,2),(8.87628584163225,9.29115814000777,
9.54548587338307,9.87628584163225),(0.,0.01),.UNSPECIFIED.)
GEOMETRIC_REPRESENTATION_ITEM()
RATIONAL_B_SPLINE_SURFACE(((1.,1.),(1.,1.),(1.,1.),(1.,1.),(1.,1.),(1.,
1.)))
REPRESENTATION_ITEM('')
SURFACE()
);
#68=(
BOUNDED_SURFACE()
B_SPLINE_SURFACE(3,1,((#7563,#7564),(#7565,#7566),(#7567,#7568),(#7569,
#7570),(#7571,#7572),(#7573,#7574)),.UNSPECIFIED.,.F.,.F.,.F.)
B_SPLINE_SURFACE_WITH_KNOTS((4,1,1,4),(2,2),(5.,5.08240423193708,5.28162384559016,
5.87628584163225),(0.,0.01),.UNSPECIFIED.)
GEOMETRIC_REPRESENTATION_ITEM()
RATIONAL_B_SPLINE_SURFACE(((1.,1.),(1.,1.),(1.,1.),(1.,1.),(1.,1.),(1.,
1.)))
REPRESENTATION_ITEM('')
SURFACE()
);
#69=(
BOUNDED_SURFACE()
B_SPLINE_SURFACE(3,1,((#7619,#7620),(#7621,#7622),(#7623,#7624),(#7625,
#7626),(#7627,#7628),(#7629,#7630)),.UNSPECIFIED.,.F.,.F.,.F.)
B_SPLINE_SURFACE_WITH_KNOTS((4,1,1,4),(2,2),(8.87628584163225,9.28465676439327,
9.54181034265554,9.87628584163225),(0.,0.01),.UNSPECIFIED.)
GEOMETRIC_REPRESENTATION_ITEM()
RATIONAL_B_SPLINE_SURFACE(((1.,1.),(1.,1.),(1.,1.),(1.,1.),(1.,1.),(1.,
1.)))
REPRESENTATION_ITEM('')
SURFACE()
);
#70=(
BOUNDED_SURFACE()
B_SPLINE_SURFACE(3,1,((#7667,#7668),(#7669,#7670),(#7671,#7672),(#7673,
#7674),(#7675,#7676),(#7677,#7678)),.UNSPECIFIED.,.F.,.F.,.F.)
B_SPLINE_SURFACE_WITH_KNOTS((4,1,1,4),(2,2),(5.,5.08240423193708,5.28162384559016,
5.87628584163225),(0.,0.01),.UNSPECIFIED.)
GEOMETRIC_REPRESENTATION_ITEM()
RATIONAL_B_SPLINE_SURFACE(((1.,1.),(1.,1.),(1.,1.),(1.,1.),(1.,1.),(1.,
1.)))
REPRESENTATION_ITEM('')
SURFACE()
);
#71=STYLED_ITEM('',(#7891),#91);
#72=STYLED_ITEM('',(#7892),#92);
#73=STYLED_ITEM('',(#7893),#93);
#74=STYLED_ITEM('',(#7893),#94);
#75=STYLED_ITEM('',(#7893),#95);
#76=STYLED_ITEM('',(#7892),#96);
#77=STYLED_ITEM('',(#7892),#97);
#78=STYLED_ITEM('',(#7892),#98);
#79=STYLED_ITEM('',(#7892),#99);
#80=STYLED_ITEM('',(#7892),#100);
#81=STYLED_ITEM('',(#7892),#101);
#82=STYLED_ITEM('',(#7892),#102);
#83=STYLED_ITEM('',(#7892),#103);
#84=STYLED_ITEM('',(#7892),#104);
#85=STYLED_ITEM('',(#7892),#105);
#86=STYLED_ITEM('',(#7892),#106);
#87=STYLED_ITEM('',(#7892),#107);
#88=STYLED_ITEM('',(#7893),#108);
#89=STYLED_ITEM('',(#7893),#109);
#90=STYLED_ITEM('',(#7893),#110);
#91=MANIFOLD_SOLID_BREP('98A',#4641);
#92=MANIFOLD_SOLID_BREP('C64',#4642);
#93=MANIFOLD_SOLID_BREP('16AD',#4643);
#94=MANIFOLD_SOLID_BREP('16B1',#4644);
#95=MANIFOLD_SOLID_BREP('16C1',#4645);
#96=MANIFOLD_SOLID_BREP('17EF',#4646);
#97=MANIFOLD_SOLID_BREP('17F3',#4647);
#98=MANIFOLD_SOLID_BREP('17F7',#4648);
#99=MANIFOLD_SOLID_BREP('17FB',#4649);
#100=MANIFOLD_SOLID_BREP('17FF',#4650);
#101=MANIFOLD_SOLID_BREP('1803',#4651);
#102=MANIFOLD_SOLID_BREP('1807',#4652);
#103=MANIFOLD_SOLID_BREP('180B',#4653);
#104=MANIFOLD_SOLID_BREP('180F',#4654);
#105=MANIFOLD_SOLID_BREP('1817',#4655);
#106=MANIFOLD_SOLID_BREP('181F',#4656);
#107=MANIFOLD_SOLID_BREP('1823',#4657);
#108=MANIFOLD_SOLID_BREP('1E1C',#4658);
#109=MANIFOLD_SOLID_BREP('1E20',#4659);
#110=MANIFOLD_SOLID_BREP('1E24',#4660);
#111=FACE_BOUND('',#657,.T.);
#112=FACE_BOUND('',#659,.T.);
#113=FACE_BOUND('',#669,.T.);
#114=FACE_BOUND('',#813,.T.);
#115=FACE_BOUND('',#833,.T.);
#116=FACE_BOUND('',#849,.T.);
#117=FACE_BOUND('',#851,.T.);
#118=FACE_BOUND('',#861,.T.);
#119=FACE_BOUND('',#863,.T.);
#120=CIRCLE('',#4673,0.267252226092792);
#121=CIRCLE('',#4675,0.267252226092792);
#122=CIRCLE('',#4685,0.267252226092792);
#123=CIRCLE('',#4686,0.267252226092792);
#124=CIRCLE('',#4705,0.150000000000005);
#125=CIRCLE('',#4706,0.150000000000005);
#126=CIRCLE('',#4708,0.149999999997097);
#127=CIRCLE('',#4709,0.149999999997097);
#128=CIRCLE('',#4712,0.150000000000007);
#129=CIRCLE('',#4713,0.150000000000007);
#130=CIRCLE('',#4718,0.149999999999987);
#131=CIRCLE('',#4719,0.149999999999987);
#132=CIRCLE('',#4722,0.150000000000006);
#133=CIRCLE('',#4723,0.150000000000006);
#134=CIRCLE('',#4730,0.149999999999995);
#135=CIRCLE('',#4731,0.149999999999995);
#136=CIRCLE('',#4734,0.149999999999985);
#137=CIRCLE('',#4735,0.149999999999985);
#138=CIRCLE('',#4740,0.149999999999991);
#139=CIRCLE('',#4741,0.149999999999991);
#140=CIRCLE('',#4744,0.150000000000008);
#141=CIRCLE('',#4745,0.150000000000008);
#142=CIRCLE('',#4747,0.149999999997094);
#143=CIRCLE('',#4748,0.149999999997094);
#144=CIRCLE('',#4755,0.149999999997092);
#145=CIRCLE('',#4756,0.149999999997092);
#146=CIRCLE('',#4758,0.150000000000007);
#147=CIRCLE('',#4759,0.150000000000007);
#148=CIRCLE('',#4762,0.149999999999991);
#149=CIRCLE('',#4763,0.149999999999991);
#150=CIRCLE('',#4768,0.149999999999985);
#151=CIRCLE('',#4769,0.149999999999985);
#152=CIRCLE('',#4772,0.149999999999995);
#153=CIRCLE('',#4773,0.149999999999995);
#154=CIRCLE('',#4780,0.150000000000006);
#155=CIRCLE('',#4781,0.150000000000006);
#156=CIRCLE('',#4784,0.149999999999986);
#157=CIRCLE('',#4785,0.149999999999986);
#158=CIRCLE('',#4790,0.150000000000007);
#159=CIRCLE('',#4791,0.150000000000007);
#160=CIRCLE('',#4794,0.149999999997098);
#161=CIRCLE('',#4795,0.149999999997098);
#162=CIRCLE('',#4797,0.150000000000005);
#163=CIRCLE('',#4798,0.150000000000005);
#164=CIRCLE('',#4821,0.149999999999993);
#165=CIRCLE('',#4822,0.149999999999993);
#166=CIRCLE('',#4827,0.150000000000003);
#167=CIRCLE('',#4828,0.150000000000003);
#168=CIRCLE('',#4861,0.0348244195275895);
#169=CIRCLE('',#4862,0.0348244195275895);
#170=CIRCLE('',#4867,0.0332968411061003);
#171=CIRCLE('',#4868,0.0332968411061003);
#172=CIRCLE('',#4874,0.115041372359925);
#173=CIRCLE('',#4875,0.115041372359925);
#174=CIRCLE('',#4893,0.0568534048623339);
#175=CIRCLE('',#4894,0.0568534048623339);
#176=CIRCLE('',#4937,0.149999999999993);
#177=CIRCLE('',#4938,0.149999999999993);
#178=CIRCLE('',#4943,0.150000000000003);
#179=CIRCLE('',#4944,0.150000000000003);
#180=CIRCLE('',#4951,0.149999999999993);
#181=CIRCLE('',#4952,0.149999999999993);
#182=CIRCLE('',#4957,0.150000000000003);
#183=CIRCLE('',#4958,0.150000000000003);
#184=CIRCLE('',#4965,0.149999999999993);
#185=CIRCLE('',#4966,0.149999999999993);
#186=CIRCLE('',#4971,0.150000000000003);
#187=CIRCLE('',#4972,0.150000000000003);
#188=PLANE('',#4670);
#189=PLANE('',#4671);
#190=PLANE('',#4672);
#191=PLANE('',#4676);
#192=PLANE('',#4677);
#193=PLANE('',#4678);
#194=PLANE('',#4679);
#195=PLANE('',#4680);
#196=PLANE('',#4681);
#197=PLANE('',#4682);
#198=PLANE('',#4683);
#199=PLANE('',#4687);
#200=PLANE('',#4688);
#201=PLANE('',#4689);
#202=PLANE('',#4690);
#203=PLANE('',#4691);
#204=PLANE('',#4692);
#205=PLANE('',#4693);
#206=PLANE('',#4694);
#207=PLANE('',#4695);
#208=PLANE('',#4696);
#209=PLANE('',#4697);
#210=PLANE('',#4698);
#211=PLANE('',#4699);
#212=PLANE('',#4700);
#213=PLANE('',#4701);
#214=PLANE('',#4702);
#215=PLANE('',#4703);
#216=PLANE('',#4710);
#217=PLANE('',#4714);
#218=PLANE('',#4715);
#219=PLANE('',#4716);
#220=PLANE('',#4720);
#221=PLANE('',#4724);
#222=PLANE('',#4725);
#223=PLANE('',#4726);
#224=PLANE('',#4727);
#225=PLANE('',#4728);
#226=PLANE('',#4732);
#227=PLANE('',#4736);
#228=PLANE('',#4737);
#229=PLANE('',#4738);
#230=PLANE('',#4742);
#231=PLANE('',#4749);
#232=PLANE('',#4750);
#233=PLANE('',#4751);
#234=PLANE('',#4752);
#235=PLANE('',#4753);
#236=PLANE('',#4760);
#237=PLANE('',#4764);
#238=PLANE('',#4765);
#239=PLANE('',#4766);
#240=PLANE('',#4770);
#241=PLANE('',#4774);
#242=PLANE('',#4775);
#243=PLANE('',#4776);
#244=PLANE('',#4777);
#245=PLANE('',#4778);
#246=PLANE('',#4782);
#247=PLANE('',#4786);
#248=PLANE('',#4787);
#249=PLANE('',#4788);
#250=PLANE('',#4792);
#251=PLANE('',#4799);
#252=PLANE('',#4800);
#253=PLANE('',#4801);
#254=PLANE('',#4802);
#255=PLANE('',#4803);
#256=PLANE('',#4804);
#257=PLANE('',#4805);
#258=PLANE('',#4806);
#259=PLANE('',#4807);
#260=PLANE('',#4808);
#261=PLANE('',#4809);
#262=PLANE('',#4810);
#263=PLANE('',#4811);
#264=PLANE('',#4812);
#265=PLANE('',#4813);
#266=PLANE('',#4814);
#267=PLANE('',#4815);
#268=PLANE('',#4816);
#269=PLANE('',#4817);
#270=PLANE('',#4818);
#271=PLANE('',#4819);
#272=PLANE('',#4823);
#273=PLANE('',#4824);
#274=PLANE('',#4825);
#275=PLANE('',#4829);
#276=PLANE('',#4830);
#277=PLANE('',#4831);
#278=PLANE('',#4832);
#279=PLANE('',#4833);
#280=PLANE('',#4834);
#281=PLANE('',#4835);
#282=PLANE('',#4836);
#283=PLANE('',#4837);
#284=PLANE('',#4838);
#285=PLANE('',#4839);
#286=PLANE('',#4840);
#287=PLANE('',#4841);
#288=PLANE('',#4842);
#289=PLANE('',#4843);
#290=PLANE('',#4844);
#291=PLANE('',#4845);
#292=PLANE('',#4846);
#293=PLANE('',#4847);
#294=PLANE('',#4848);
#295=PLANE('',#4849);
#296=PLANE('',#4850);
#297=PLANE('',#4851);
#298=PLANE('',#4852);
#299=PLANE('',#4853);
#300=PLANE('',#4854);
#301=PLANE('',#4855);
#302=PLANE('',#4856);
#303=PLANE('',#4857);
#304=PLANE('',#4858);
#305=PLANE('',#4859);
#306=PLANE('',#4863);
#307=PLANE('',#4864);
#308=PLANE('',#4865);
#309=PLANE('',#4869);
#310=PLANE('',#4870);
#311=PLANE('',#4871);
#312=PLANE('',#4872);
#313=PLANE('',#4876);
#314=PLANE('',#4877);
#315=PLANE('',#4878);
#316=PLANE('',#4879);
#317=PLANE('',#4880);
#318=PLANE('',#4881);
#319=PLANE('',#4882);
#320=PLANE('',#4883);
#321=PLANE('',#4884);
#322=PLANE('',#4885);
#323=PLANE('',#4886);
#324=PLANE('',#4887);
#325=PLANE('',#4888);
#326=PLANE('',#4889);
#327=PLANE('',#4890);
#328=PLANE('',#4891);
#329=PLANE('',#4895);
#330=PLANE('',#4896);
#331=PLANE('',#4897);
#332=PLANE('',#4898);
#333=PLANE('',#4899);
#334=PLANE('',#4900);
#335=PLANE('',#4901);
#336=PLANE('',#4902);
#337=PLANE('',#4903);
#338=PLANE('',#4904);
#339=PLANE('',#4905);
#340=PLANE('',#4906);
#341=PLANE('',#4907);
#342=PLANE('',#4908);
#343=PLANE('',#4909);
#344=PLANE('',#4910);
#345=PLANE('',#4911);
#346=PLANE('',#4912);
#347=PLANE('',#4913);
#348=PLANE('',#4914);
#349=PLANE('',#4915);
#350=PLANE('',#4916);
#351=PLANE('',#4917);
#352=PLANE('',#4918);
#353=PLANE('',#4919);
#354=PLANE('',#4920);
#355=PLANE('',#4921);
#356=PLANE('',#4922);
#357=PLANE('',#4923);
#358=PLANE('',#4924);
#359=PLANE('',#4925);
#360=PLANE('',#4926);
#361=PLANE('',#4927);
#362=PLANE('',#4928);
#363=PLANE('',#4929);
#364=PLANE('',#4930);
#365=PLANE('',#4931);
#366=PLANE('',#4932);
#367=PLANE('',#4933);
#368=PLANE('',#4934);
#369=PLANE('',#4935);
#370=PLANE('',#4939);
#371=PLANE('',#4940);
#372=PLANE('',#4941);
#373=PLANE('',#4945);
#374=PLANE('',#4946);
#375=PLANE('',#4947);
#376=PLANE('',#4948);
#377=PLANE('',#4949);
#378=PLANE('',#4953);
#379=PLANE('',#4954);
#380=PLANE('',#4955);
#381=PLANE('',#4959);
#382=PLANE('',#4960);
#383=PLANE('',#4961);
#384=PLANE('',#4962);
#385=PLANE('',#4963);
#386=PLANE('',#4967);
#387=PLANE('',#4968);
#388=PLANE('',#4969);
#389=PLANE('',#4973);
#390=PLANE('',#4974);
#391=FACE_OUTER_BOUND('',#650,.T.);
#392=FACE_OUTER_BOUND('',#651,.T.);
#393=FACE_OUTER_BOUND('',#652,.T.);
#394=FACE_OUTER_BOUND('',#653,.T.);
#395=FACE_OUTER_BOUND('',#654,.T.);
#396=FACE_OUTER_BOUND('',#655,.T.);
#397=FACE_OUTER_BOUND('',#656,.T.);
#398=FACE_OUTER_BOUND('',#658,.T.);
#399=FACE_OUTER_BOUND('',#660,.T.);
#400=FACE_OUTER_BOUND('',#661,.T.);
#401=FACE_OUTER_BOUND('',#662,.T.);
#402=FACE_OUTER_BOUND('',#663,.T.);
#403=FACE_OUTER_BOUND('',#664,.T.);
#404=FACE_OUTER_BOUND('',#665,.T.);
#405=FACE_OUTER_BOUND('',#666,.T.);
#406=FACE_OUTER_BOUND('',#667,.T.);
#407=FACE_OUTER_BOUND('',#668,.T.);
#408=FACE_OUTER_BOUND('',#670,.T.);
#409=FACE_OUTER_BOUND('',#671,.T.);
#410=FACE_OUTER_BOUND('',#672,.T.);
#411=FACE_OUTER_BOUND('',#673,.T.);
#412=FACE_OUTER_BOUND('',#674,.T.);
#413=FACE_OUTER_BOUND('',#675,.T.);
#414=FACE_OUTER_BOUND('',#676,.T.);
#415=FACE_OUTER_BOUND('',#677,.T.);
#416=FACE_OUTER_BOUND('',#678,.T.);
#417=FACE_OUTER_BOUND('',#679,.T.);
#418=FACE_OUTER_BOUND('',#680,.T.);
#419=FACE_OUTER_BOUND('',#681,.T.);
#420=FACE_OUTER_BOUND('',#682,.T.);
#421=FACE_OUTER_BOUND('',#683,.T.);
#422=FACE_OUTER_BOUND('',#684,.T.);
#423=FACE_OUTER_BOUND('',#685,.T.);
#424=FACE_OUTER_BOUND('',#686,.T.);
#425=FACE_OUTER_BOUND('',#687,.T.);
#426=FACE_OUTER_BOUND('',#688,.T.);
#427=FACE_OUTER_BOUND('',#689,.T.);
#428=FACE_OUTER_BOUND('',#690,.T.);
#429=FACE_OUTER_BOUND('',#691,.T.);
#430=FACE_OUTER_BOUND('',#692,.T.);
#431=FACE_OUTER_BOUND('',#693,.T.);
#432=FACE_OUTER_BOUND('',#694,.T.);
#433=FACE_OUTER_BOUND('',#695,.T.);
#434=FACE_OUTER_BOUND('',#696,.T.);
#435=FACE_OUTER_BOUND('',#697,.T.);
#436=FACE_OUTER_BOUND('',#698,.T.);
#437=FACE_OUTER_BOUND('',#699,.T.);
#438=FACE_OUTER_BOUND('',#700,.T.);
#439=FACE_OUTER_BOUND('',#701,.T.);
#440=FACE_OUTER_BOUND('',#702,.T.);
#441=FACE_OUTER_BOUND('',#703,.T.);
#442=FACE_OUTER_BOUND('',#704,.T.);
#443=FACE_OUTER_BOUND('',#705,.T.);
#444=FACE_OUTER_BOUND('',#706,.T.);
#445=FACE_OUTER_BOUND('',#707,.T.);
#446=FACE_OUTER_BOUND('',#708,.T.);
#447=FACE_OUTER_BOUND('',#709,.T.);
#448=FACE_OUTER_BOUND('',#710,.T.);
#449=FACE_OUTER_BOUND('',#711,.T.);
#450=FACE_OUTER_BOUND('',#712,.T.);
#451=FACE_OUTER_BOUND('',#713,.T.);
#452=FACE_OUTER_BOUND('',#714,.T.);
#453=FACE_OUTER_BOUND('',#715,.T.);
#454=FACE_OUTER_BOUND('',#716,.T.);
#455=FACE_OUTER_BOUND('',#717,.T.);
#456=FACE_OUTER_BOUND('',#718,.T.);
#457=FACE_OUTER_BOUND('',#719,.T.);
#458=FACE_OUTER_BOUND('',#720,.T.);
#459=FACE_OUTER_BOUND('',#721,.T.);
#460=FACE_OUTER_BOUND('',#722,.T.);
#461=FACE_OUTER_BOUND('',#723,.T.);
#462=FACE_OUTER_BOUND('',#724,.T.);
#463=FACE_OUTER_BOUND('',#725,.T.);
#464=FACE_OUTER_BOUND('',#726,.T.);
#465=FACE_OUTER_BOUND('',#727,.T.);
#466=FACE_OUTER_BOUND('',#728,.T.);
#467=FACE_OUTER_BOUND('',#729,.T.);
#468=FACE_OUTER_BOUND('',#730,.T.);
#469=FACE_OUTER_BOUND('',#731,.T.);
#470=FACE_OUTER_BOUND('',#732,.T.);
#471=FACE_OUTER_BOUND('',#733,.T.);
#472=FACE_OUTER_BOUND('',#734,.T.);
#473=FACE_OUTER_BOUND('',#735,.T.);
#474=FACE_OUTER_BOUND('',#736,.T.);
#475=FACE_OUTER_BOUND('',#737,.T.);
#476=FACE_OUTER_BOUND('',#738,.T.);
#477=FACE_OUTER_BOUND('',#739,.T.);
#478=FACE_OUTER_BOUND('',#740,.T.);
#479=FACE_OUTER_BOUND('',#741,.T.);
#480=FACE_OUTER_BOUND('',#742,.T.);
#481=FACE_OUTER_BOUND('',#743,.T.);
#482=FACE_OUTER_BOUND('',#744,.T.);
#483=FACE_OUTER_BOUND('',#745,.T.);
#484=FACE_OUTER_BOUND('',#746,.T.);
#485=FACE_OUTER_BOUND('',#747,.T.);
#486=FACE_OUTER_BOUND('',#748,.T.);
#487=FACE_OUTER_BOUND('',#749,.T.);
#488=FACE_OUTER_BOUND('',#750,.T.);
#489=FACE_OUTER_BOUND('',#751,.T.);
#490=FACE_OUTER_BOUND('',#752,.T.);
#491=FACE_OUTER_BOUND('',#753,.T.);
#492=FACE_OUTER_BOUND('',#754,.T.);
#493=FACE_OUTER_BOUND('',#755,.T.);
#494=FACE_OUTER_BOUND('',#756,.T.);
#495=FACE_OUTER_BOUND('',#757,.T.);
#496=FACE_OUTER_BOUND('',#758,.T.);
#497=FACE_OUTER_BOUND('',#759,.T.);
#498=FACE_OUTER_BOUND('',#760,.T.);
#499=FACE_OUTER_BOUND('',#761,.T.);
#500=FACE_OUTER_BOUND('',#762,.T.);
#501=FACE_OUTER_BOUND('',#763,.T.);
#502=FACE_OUTER_BOUND('',#764,.T.);
#503=FACE_OUTER_BOUND('',#765,.T.);
#504=FACE_OUTER_BOUND('',#766,.T.);
#505=FACE_OUTER_BOUND('',#767,.T.);
#506=FACE_OUTER_BOUND('',#768,.T.);
#507=FACE_OUTER_BOUND('',#769,.T.);
#508=FACE_OUTER_BOUND('',#770,.T.);
#509=FACE_OUTER_BOUND('',#771,.T.);
#510=FACE_OUTER_BOUND('',#772,.T.);
#511=FACE_OUTER_BOUND('',#773,.T.);
#512=FACE_OUTER_BOUND('',#774,.T.);
#513=FACE_OUTER_BOUND('',#775,.T.);
#514=FACE_OUTER_BOUND('',#776,.T.);
#515=FACE_OUTER_BOUND('',#777,.T.);
#516=FACE_OUTER_BOUND('',#778,.T.);
#517=FACE_OUTER_BOUND('',#779,.T.);
#518=FACE_OUTER_BOUND('',#780,.T.);
#519=FACE_OUTER_BOUND('',#781,.T.);
#520=FACE_OUTER_BOUND('',#782,.T.);
#521=FACE_OUTER_BOUND('',#783,.T.);
#522=FACE_OUTER_BOUND('',#784,.T.);
#523=FACE_OUTER_BOUND('',#785,.T.);
#524=FACE_OUTER_BOUND('',#786,.T.);
#525=FACE_OUTER_BOUND('',#787,.T.);
#526=FACE_OUTER_BOUND('',#788,.T.);
#527=FACE_OUTER_BOUND('',#789,.T.);
#528=FACE_OUTER_BOUND('',#790,.T.);
#529=FACE_OUTER_BOUND('',#791,.T.);
#530=FACE_OUTER_BOUND('',#792,.T.);
#531=FACE_OUTER_BOUND('',#793,.T.);
#532=FACE_OUTER_BOUND('',#794,.T.);
#533=FACE_OUTER_BOUND('',#795,.T.);
#534=FACE_OUTER_BOUND('',#796,.T.);
#535=FACE_OUTER_BOUND('',#797,.T.);
#536=FACE_OUTER_BOUND('',#798,.T.);
#537=FACE_OUTER_BOUND('',#799,.T.);
#538=FACE_OUTER_BOUND('',#800,.T.);
#539=FACE_OUTER_BOUND('',#801,.T.);
#540=FACE_OUTER_BOUND('',#802,.T.);
#541=FACE_OUTER_BOUND('',#803,.T.);
#542=FACE_OUTER_BOUND('',#804,.T.);
#543=FACE_OUTER_BOUND('',#805,.T.);
#544=FACE_OUTER_BOUND('',#806,.T.);
#545=FACE_OUTER_BOUND('',#807,.T.);
#546=FACE_OUTER_BOUND('',#808,.T.);
#547=FACE_OUTER_BOUND('',#809,.T.);
#548=FACE_OUTER_BOUND('',#810,.T.);
#549=FACE_OUTER_BOUND('',#811,.T.);
#550=FACE_OUTER_BOUND('',#812,.T.);
#551=FACE_OUTER_BOUND('',#814,.T.);
#552=FACE_OUTER_BOUND('',#815,.T.);
#553=FACE_OUTER_BOUND('',#816,.T.);
#554=FACE_OUTER_BOUND('',#817,.T.);
#555=FACE_OUTER_BOUND('',#818,.T.);
#556=FACE_OUTER_BOUND('',#819,.T.);
#557=FACE_OUTER_BOUND('',#820,.T.);
#558=FACE_OUTER_BOUND('',#821,.T.);
#559=FACE_OUTER_BOUND('',#822,.T.);
#560=FACE_OUTER_BOUND('',#823,.T.);
#561=FACE_OUTER_BOUND('',#824,.T.);
#562=FACE_OUTER_BOUND('',#825,.T.);
#563=FACE_OUTER_BOUND('',#826,.T.);
#564=FACE_OUTER_BOUND('',#827,.T.);
#565=FACE_OUTER_BOUND('',#828,.T.);
#566=FACE_OUTER_BOUND('',#829,.T.);
#567=FACE_OUTER_BOUND('',#830,.T.);
#568=FACE_OUTER_BOUND('',#831,.T.);
#569=FACE_OUTER_BOUND('',#832,.T.);
#570=FACE_OUTER_BOUND('',#834,.T.);
#571=FACE_OUTER_BOUND('',#835,.T.);
#572=FACE_OUTER_BOUND('',#836,.T.);
#573=FACE_OUTER_BOUND('',#837,.T.);
#574=FACE_OUTER_BOUND('',#838,.T.);
#575=FACE_OUTER_BOUND('',#839,.T.);
#576=FACE_OUTER_BOUND('',#840,.T.);
#577=FACE_OUTER_BOUND('',#841,.T.);
#578=FACE_OUTER_BOUND('',#842,.T.);
#579=FACE_OUTER_BOUND('',#843,.T.);
#580=FACE_OUTER_BOUND('',#844,.T.);
#581=FACE_OUTER_BOUND('',#845,.T.);
#582=FACE_OUTER_BOUND('',#846,.T.);
#583=FACE_OUTER_BOUND('',#847,.T.);
#584=FACE_OUTER_BOUND('',#848,.T.);
#585=FACE_OUTER_BOUND('',#850,.T.);
#586=FACE_OUTER_BOUND('',#852,.T.);
#587=FACE_OUTER_BOUND('',#853,.T.);
#588=FACE_OUTER_BOUND('',#854,.T.);
#589=FACE_OUTER_BOUND('',#855,.T.);
#590=FACE_OUTER_BOUND('',#856,.T.);
#591=FACE_OUTER_BOUND('',#857,.T.);
#592=FACE_OUTER_BOUND('',#858,.T.);
#593=FACE_OUTER_BOUND('',#859,.T.);
#594=FACE_OUTER_BOUND('',#860,.T.);
#595=FACE_OUTER_BOUND('',#862,.T.);
#596=FACE_OUTER_BOUND('',#864,.T.);
#597=FACE_OUTER_BOUND('',#865,.T.);
#598=FACE_OUTER_BOUND('',#866,.T.);
#599=FACE_OUTER_BOUND('',#867,.T.);
#600=FACE_OUTER_BOUND('',#868,.T.);
#601=FACE_OUTER_BOUND('',#869,.T.);
#602=FACE_OUTER_BOUND('',#870,.T.);
#603=FACE_OUTER_BOUND('',#871,.T.);
#604=FACE_OUTER_BOUND('',#872,.T.);
#605=FACE_OUTER_BOUND('',#873,.T.);
#606=FACE_OUTER_BOUND('',#874,.T.);
#607=FACE_OUTER_BOUND('',#875,.T.);
#608=FACE_OUTER_BOUND('',#876,.T.);
#609=FACE_OUTER_BOUND('',#877,.T.);
#610=FACE_OUTER_BOUND('',#878,.T.);
#611=FACE_OUTER_BOUND('',#879,.T.);
#612=FACE_OUTER_BOUND('',#880,.T.);
#613=FACE_OUTER_BOUND('',#881,.T.);
#614=FACE_OUTER_BOUND('',#882,.T.);
#615=FACE_OUTER_BOUND('',#883,.T.);
#616=FACE_OUTER_BOUND('',#884,.T.);
#617=FACE_OUTER_BOUND('',#885,.T.);
#618=FACE_OUTER_BOUND('',#886,.T.);
#619=FACE_OUTER_BOUND('',#887,.T.);
#620=FACE_OUTER_BOUND('',#888,.T.);
#621=FACE_OUTER_BOUND('',#889,.T.);
#622=FACE_OUTER_BOUND('',#890,.T.);
#623=FACE_OUTER_BOUND('',#891,.T.);
#624=FACE_OUTER_BOUND('',#892,.T.);
#625=FACE_OUTER_BOUND('',#893,.T.);
#626=FACE_OUTER_BOUND('',#894,.T.);
#627=FACE_OUTER_BOUND('',#895,.T.);
#628=FACE_OUTER_BOUND('',#896,.T.);
#629=FACE_OUTER_BOUND('',#897,.T.);
#630=FACE_OUTER_BOUND('',#898,.T.);
#631=FACE_OUTER_BOUND('',#899,.T.);
#632=FACE_OUTER_BOUND('',#900,.T.);
#633=FACE_OUTER_BOUND('',#901,.T.);
#634=FACE_OUTER_BOUND('',#902,.T.);
#635=FACE_OUTER_BOUND('',#903,.T.);
#636=FACE_OUTER_BOUND('',#904,.T.);
#637=FACE_OUTER_BOUND('',#905,.T.);
#638=FACE_OUTER_BOUND('',#906,.T.);
#639=FACE_OUTER_BOUND('',#907,.T.);
#640=FACE_OUTER_BOUND('',#908,.T.);
#641=FACE_OUTER_BOUND('',#909,.T.);
#642=FACE_OUTER_BOUND('',#910,.T.);
#643=FACE_OUTER_BOUND('',#911,.T.);
#644=FACE_OUTER_BOUND('',#912,.T.);
#645=FACE_OUTER_BOUND('',#913,.T.);
#646=FACE_OUTER_BOUND('',#914,.T.);
#647=FACE_OUTER_BOUND('',#915,.T.);
#648=FACE_OUTER_BOUND('',#916,.T.);
#649=FACE_OUTER_BOUND('',#917,.T.);
#650=EDGE_LOOP('',(#3060,#3061,#3062,#3063));
#651=EDGE_LOOP('',(#3064,#3065,#3066,#3067));
#652=EDGE_LOOP('',(#3068,#3069,#3070,#3071));
#653=EDGE_LOOP('',(#3072,#3073,#3074,#3075));
#654=EDGE_LOOP('',(#3076,#3077,#3078,#3079));
#655=EDGE_LOOP('',(#3080,#3081,#3082,#3083));
#656=EDGE_LOOP('',(#3084,#3085,#3086,#3087));
#657=EDGE_LOOP('',(#3088));
#658=EDGE_LOOP('',(#3089));
#659=EDGE_LOOP('',(#3090));
#660=EDGE_LOOP('',(#3091));
#661=EDGE_LOOP('',(#3092,#3093,#3094,#3095));
#662=EDGE_LOOP('',(#3096,#3097,#3098,#3099));
#663=EDGE_LOOP('',(#3100,#3101,#3102,#3103));
#664=EDGE_LOOP('',(#3104,#3105,#3106,#3107));
#665=EDGE_LOOP('',(#3108,#3109,#3110,#3111));
#666=EDGE_LOOP('',(#3112,#3113,#3114,#3115));
#667=EDGE_LOOP('',(#3116,#3117,#3118,#3119));
#668=EDGE_LOOP('',(#3120));
#669=EDGE_LOOP('',(#3121));
#670=EDGE_LOOP('',(#3122));
#671=EDGE_LOOP('',(#3123));
#672=EDGE_LOOP('',(#3124,#3125,#3126,#3127));
#673=EDGE_LOOP('',(#3128,#3129,#3130,#3131));
#674=EDGE_LOOP('',(#3132,#3133,#3134,#3135));
#675=EDGE_LOOP('',(#3136,#3137,#3138,#3139));
#676=EDGE_LOOP('',(#3140,#3141,#3142,#3143));
#677=EDGE_LOOP('',(#3144,#3145,#3146,#3147));
#678=EDGE_LOOP('',(#3148,#3149,#3150,#3151));
#679=EDGE_LOOP('',(#3152,#3153,#3154,#3155));
#680=EDGE_LOOP('',(#3156,#3157,#3158,#3159));
#681=EDGE_LOOP('',(#3160,#3161,#3162,#3163));
#682=EDGE_LOOP('',(#3164,#3165,#3166,#3167));
#683=EDGE_LOOP('',(#3168,#3169,#3170,#3171));
#684=EDGE_LOOP('',(#3172,#3173,#3174,#3175));
#685=EDGE_LOOP('',(#3176,#3177,#3178,#3179));
#686=EDGE_LOOP('',(#3180,#3181,#3182,#3183));
#687=EDGE_LOOP('',(#3184,#3185,#3186,#3187));
#688=EDGE_LOOP('',(#3188,#3189,#3190,#3191));
#689=EDGE_LOOP('',(#3192,#3193,#3194,#3195));
#690=EDGE_LOOP('',(#3196,#3197,#3198,#3199));
#691=EDGE_LOOP('',(#3200,#3201,#3202,#3203));
#692=EDGE_LOOP('',(#3204,#3205,#3206,#3207));
#693=EDGE_LOOP('',(#3208,#3209,#3210,#3211));
#694=EDGE_LOOP('',(#3212,#3213,#3214,#3215));
#695=EDGE_LOOP('',(#3216,#3217,#3218,#3219));
#696=EDGE_LOOP('',(#3220,#3221,#3222,#3223));
#697=EDGE_LOOP('',(#3224,#3225,#3226,#3227));
#698=EDGE_LOOP('',(#3228,#3229,#3230,#3231));
#699=EDGE_LOOP('',(#3232,#3233,#3234,#3235));
#700=EDGE_LOOP('',(#3236,#3237,#3238,#3239));
#701=EDGE_LOOP('',(#3240,#3241,#3242,#3243));
#702=EDGE_LOOP('',(#3244,#3245,#3246,#3247));
#703=EDGE_LOOP('',(#3248,#3249,#3250,#3251));
#704=EDGE_LOOP('',(#3252,#3253,#3254,#3255));
#705=EDGE_LOOP('',(#3256,#3257,#3258,#3259));
#706=EDGE_LOOP('',(#3260,#3261,#3262,#3263));
#707=EDGE_LOOP('',(#3264,#3265,#3266,#3267));
#708=EDGE_LOOP('',(#3268,#3269,#3270,#3271));
#709=EDGE_LOOP('',(#3272,#3273,#3274,#3275));
#710=EDGE_LOOP('',(#3276,#3277,#3278,#3279));
#711=EDGE_LOOP('',(#3280,#3281,#3282,#3283));
#712=EDGE_LOOP('',(#3284,#3285,#3286,#3287));
#713=EDGE_LOOP('',(#3288,#3289,#3290,#3291));
#714=EDGE_LOOP('',(#3292,#3293,#3294,#3295,#3296,#3297,#3298,#3299,#3300,
#3301,#3302,#3303,#3304,#3305,#3306,#3307,#3308,#3309,#3310,#3311,#3312,
#3313,#3314,#3315,#3316,#3317,#3318,#3319,#3320,#3321,#3322,#3323,#3324,
#3325,#3326,#3327,#3328,#3329,#3330,#3331,#3332,#3333));
#715=EDGE_LOOP('',(#3334,#3335,#3336,#3337,#3338,#3339,#3340,#3341,#3342,
#3343,#3344,#3345,#3346,#3347,#3348,#3349,#3350,#3351,#3352,#3353,#3354,
#3355,#3356,#3357,#3358,#3359,#3360,#3361,#3362,#3363,#3364,#3365,#3366,
#3367,#3368,#3369,#3370,#3371,#3372,#3373,#3374,#3375));
#716=EDGE_LOOP('',(#3376,#3377,#3378,#3379));
#717=EDGE_LOOP('',(#3380,#3381,#3382,#3383));
#718=EDGE_LOOP('',(#3384,#3385,#3386,#3387));
#719=EDGE_LOOP('',(#3388,#3389,#3390,#3391));
#720=EDGE_LOOP('',(#3392,#3393,#3394,#3395));
#721=EDGE_LOOP('',(#3396,#3397,#3398,#3399));
#722=EDGE_LOOP('',(#3400,#3401,#3402,#3403));
#723=EDGE_LOOP('',(#3404,#3405,#3406,#3407));
#724=EDGE_LOOP('',(#3408,#3409,#3410,#3411));
#725=EDGE_LOOP('',(#3412,#3413,#3414,#3415));
#726=EDGE_LOOP('',(#3416,#3417,#3418,#3419));
#727=EDGE_LOOP('',(#3420,#3421,#3422,#3423));
#728=EDGE_LOOP('',(#3424,#3425,#3426,#3427));
#729=EDGE_LOOP('',(#3428,#3429,#3430,#3431));
#730=EDGE_LOOP('',(#3432,#3433,#3434,#3435));
#731=EDGE_LOOP('',(#3436,#3437,#3438,#3439));
#732=EDGE_LOOP('',(#3440,#3441,#3442,#3443));
#733=EDGE_LOOP('',(#3444,#3445,#3446,#3447));
#734=EDGE_LOOP('',(#3448,#3449,#3450,#3451));
#735=EDGE_LOOP('',(#3452,#3453,#3454,#3455));
#736=EDGE_LOOP('',(#3456,#3457,#3458,#3459));
#737=EDGE_LOOP('',(#3460,#3461,#3462,#3463));
#738=EDGE_LOOP('',(#3464,#3465,#3466,#3467));
#739=EDGE_LOOP('',(#3468,#3469,#3470,#3471));
#740=EDGE_LOOP('',(#3472,#3473,#3474,#3475));
#741=EDGE_LOOP('',(#3476,#3477,#3478,#3479));
#742=EDGE_LOOP('',(#3480,#3481,#3482,#3483));
#743=EDGE_LOOP('',(#3484,#3485,#3486,#3487));
#744=EDGE_LOOP('',(#3488,#3489,#3490,#3491));
#745=EDGE_LOOP('',(#3492,#3493,#3494,#3495));
#746=EDGE_LOOP('',(#3496,#3497,#3498,#3499));
#747=EDGE_LOOP('',(#3500,#3501,#3502,#3503));
#748=EDGE_LOOP('',(#3504,#3505,#3506,#3507));
#749=EDGE_LOOP('',(#3508,#3509,#3510,#3511));
#750=EDGE_LOOP('',(#3512,#3513,#3514,#3515));
#751=EDGE_LOOP('',(#3516,#3517,#3518,#3519));
#752=EDGE_LOOP('',(#3520,#3521,#3522,#3523));
#753=EDGE_LOOP('',(#3524,#3525,#3526,#3527));
#754=EDGE_LOOP('',(#3528,#3529,#3530,#3531));
#755=EDGE_LOOP('',(#3532,#3533,#3534,#3535));
#756=EDGE_LOOP('',(#3536,#3537,#3538,#3539));
#757=EDGE_LOOP('',(#3540,#3541,#3542,#3543));
#758=EDGE_LOOP('',(#3544,#3545,#3546,#3547,#3548,#3549,#3550,#3551,#3552,
#3553,#3554,#3555,#3556,#3557,#3558,#3559,#3560,#3561,#3562,#3563,#3564,
#3565,#3566,#3567,#3568,#3569,#3570,#3571,#3572,#3573,#3574,#3575,#3576,
#3577,#3578,#3579,#3580,#3581,#3582,#3583,#3584,#3585));
#759=EDGE_LOOP('',(#3586,#3587,#3588,#3589,#3590,#3591,#3592,#3593,#3594,
#3595,#3596,#3597,#3598,#3599,#3600,#3601,#3602,#3603,#3604,#3605,#3606,
#3607,#3608,#3609,#3610,#3611,#3612,#3613,#3614,#3615,#3616,#3617,#3618,
#3619,#3620,#3621,#3622,#3623,#3624,#3625,#3626,#3627));
#760=EDGE_LOOP('',(#3628,#3629,#3630,#3631));
#761=EDGE_LOOP('',(#3632,#3633,#3634,#3635));
#762=EDGE_LOOP('',(#3636,#3637,#3638,#3639));
#763=EDGE_LOOP('',(#3640,#3641,#3642,#3643));
#764=EDGE_LOOP('',(#3644,#3645,#3646,#3647));
#765=EDGE_LOOP('',(#3648,#3649,#3650,#3651));
#766=EDGE_LOOP('',(#3652,#3653,#3654,#3655));
#767=EDGE_LOOP('',(#3656,#3657,#3658,#3659));
#768=EDGE_LOOP('',(#3660,#3661,#3662,#3663,#3664,#3665,#3666,#3667));
#769=EDGE_LOOP('',(#3668,#3669,#3670,#3671,#3672,#3673,#3674,#3675));
#770=EDGE_LOOP('',(#3676,#3677,#3678,#3679));
#771=EDGE_LOOP('',(#3680,#3681,#3682,#3683));
#772=EDGE_LOOP('',(#3684,#3685,#3686,#3687));
#773=EDGE_LOOP('',(#3688,#3689,#3690,#3691));
#774=EDGE_LOOP('',(#3692,#3693,#3694,#3695));
#775=EDGE_LOOP('',(#3696,#3697,#3698,#3699));
#776=EDGE_LOOP('',(#3700,#3701,#3702,#3703));
#777=EDGE_LOOP('',(#3704,#3705,#3706,#3707));
#778=EDGE_LOOP('',(#3708,#3709,#3710,#3711));
#779=EDGE_LOOP('',(#3712,#3713,#3714,#3715));
#780=EDGE_LOOP('',(#3716,#3717,#3718,#3719));
#781=EDGE_LOOP('',(#3720,#3721,#3722,#3723));
#782=EDGE_LOOP('',(#3724,#3725,#3726,#3727));
#783=EDGE_LOOP('',(#3728,#3729,#3730,#3731));
#784=EDGE_LOOP('',(#3732,#3733,#3734,#3735));
#785=EDGE_LOOP('',(#3736,#3737,#3738,#3739));
#786=EDGE_LOOP('',(#3740,#3741,#3742,#3743));
#787=EDGE_LOOP('',(#3744,#3745,#3746,#3747));
#788=EDGE_LOOP('',(#3748,#3749,#3750,#3751));
#789=EDGE_LOOP('',(#3752,#3753,#3754,#3755));
#790=EDGE_LOOP('',(#3756,#3757,#3758,#3759));
#791=EDGE_LOOP('',(#3760,#3761,#3762,#3763));
#792=EDGE_LOOP('',(#3764,#3765,#3766,#3767));
#793=EDGE_LOOP('',(#3768,#3769,#3770,#3771));
#794=EDGE_LOOP('',(#3772,#3773,#3774,#3775));
#795=EDGE_LOOP('',(#3776,#3777,#3778,#3779));
#796=EDGE_LOOP('',(#3780,#3781,#3782,#3783));
#797=EDGE_LOOP('',(#3784,#3785,#3786,#3787));
#798=EDGE_LOOP('',(#3788,#3789,#3790,#3791,#3792,#3793,#3794,#3795,#3796,
#3797));
#799=EDGE_LOOP('',(#3798,#3799,#3800,#3801,#3802,#3803,#3804,#3805,#3806,
#3807));
#800=EDGE_LOOP('',(#3808,#3809,#3810,#3811));
#801=EDGE_LOOP('',(#3812,#3813,#3814,#3815));
#802=EDGE_LOOP('',(#3816,#3817,#3818,#3819));
#803=EDGE_LOOP('',(#3820,#3821,#3822,#3823));
#804=EDGE_LOOP('',(#3824,#3825,#3826,#3827));
#805=EDGE_LOOP('',(#3828,#3829,#3830,#3831));
#806=EDGE_LOOP('',(#3832,#3833,#3834,#3835));
#807=EDGE_LOOP('',(#3836,#3837,#3838,#3839));
#808=EDGE_LOOP('',(#3840,#3841,#3842,#3843));
#809=EDGE_LOOP('',(#3844,#3845,#3846,#3847));
#810=EDGE_LOOP('',(#3848,#3849,#3850,#3851,#3852,#3853,#3854,#3855,#3856,
#3857));
#811=EDGE_LOOP('',(#3858,#3859,#3860,#3861,#3862,#3863,#3864,#3865,#3866,
#3867));
#812=EDGE_LOOP('',(#3868));
#813=EDGE_LOOP('',(#3869));
#814=EDGE_LOOP('',(#3870));
#815=EDGE_LOOP('',(#3871));
#816=EDGE_LOOP('',(#3872,#3873,#3874,#3875));
#817=EDGE_LOOP('',(#3876,#3877,#3878,#3879));
#818=EDGE_LOOP('',(#3880,#3881,#3882,#3883));
#819=EDGE_LOOP('',(#3884,#3885,#3886,#3887));
#820=EDGE_LOOP('',(#3888,#3889,#3890,#3891));
#821=EDGE_LOOP('',(#3892,#3893,#3894,#3895));
#822=EDGE_LOOP('',(#3896,#3897,#3898,#3899));
#823=EDGE_LOOP('',(#3900,#3901,#3902,#3903));
#824=EDGE_LOOP('',(#3904,#3905,#3906,#3907));
#825=EDGE_LOOP('',(#3908,#3909,#3910,#3911));
#826=EDGE_LOOP('',(#3912,#3913,#3914,#3915));
#827=EDGE_LOOP('',(#3916,#3917,#3918,#3919));
#828=EDGE_LOOP('',(#3920,#3921,#3922,#3923));
#829=EDGE_LOOP('',(#3924,#3925,#3926,#3927));
#830=EDGE_LOOP('',(#3928,#3929,#3930,#3931,#3932,#3933,#3934,#3935,#3936,
#3937,#3938,#3939,#3940,#3941));
#831=EDGE_LOOP('',(#3942,#3943,#3944,#3945,#3946,#3947,#3948,#3949,#3950,
#3951,#3952,#3953,#3954,#3955));
#832=EDGE_LOOP('',(#3956));
#833=EDGE_LOOP('',(#3957));
#834=EDGE_LOOP('',(#3958));
#835=EDGE_LOOP('',(#3959));
#836=EDGE_LOOP('',(#3960,#3961,#3962,#3963));
#837=EDGE_LOOP('',(#3964,#3965,#3966,#3967));
#838=EDGE_LOOP('',(#3968,#3969,#3970,#3971));
#839=EDGE_LOOP('',(#3972,#3973,#3974,#3975));
#840=EDGE_LOOP('',(#3976,#3977,#3978,#3979));
#841=EDGE_LOOP('',(#3980,#3981,#3982,#3983));
#842=EDGE_LOOP('',(#3984,#3985,#3986,#3987));
#843=EDGE_LOOP('',(#3988,#3989,#3990,#3991));
#844=EDGE_LOOP('',(#3992,#3993,#3994,#3995));
#845=EDGE_LOOP('',(#3996,#3997,#3998,#3999));
#846=EDGE_LOOP('',(#4000,#4001,#4002,#4003));
#847=EDGE_LOOP('',(#4004,#4005,#4006,#4007));
#848=EDGE_LOOP('',(#4008,#4009,#4010,#4011,#4012,#4013,#4014,#4015));
#849=EDGE_LOOP('',(#4016,#4017,#4018,#4019));
#850=EDGE_LOOP('',(#4020,#4021,#4022,#4023,#4024,#4025,#4026,#4027));
#851=EDGE_LOOP('',(#4028,#4029,#4030,#4031));
#852=EDGE_LOOP('',(#4032,#4033,#4034,#4035));
#853=EDGE_LOOP('',(#4036,#4037,#4038,#4039));
#854=EDGE_LOOP('',(#4040,#4041,#4042,#4043));
#855=EDGE_LOOP('',(#4044,#4045,#4046,#4047));
#856=EDGE_LOOP('',(#4048,#4049,#4050,#4051));
#857=EDGE_LOOP('',(#4052,#4053,#4054,#4055));
#858=EDGE_LOOP('',(#4056,#4057,#4058,#4059));
#859=EDGE_LOOP('',(#4060,#4061,#4062,#4063));
#860=EDGE_LOOP('',(#4064,#4065,#4066,#4067));
#861=EDGE_LOOP('',(#4068,#4069,#4070,#4071));
#862=EDGE_LOOP('',(#4072,#4073,#4074,#4075));
#863=EDGE_LOOP('',(#4076,#4077,#4078,#4079));
#864=EDGE_LOOP('',(#4080,#4081,#4082,#4083));
#865=EDGE_LOOP('',(#4084,#4085,#4086,#4087));
#866=EDGE_LOOP('',(#4088,#4089,#4090,#4091));
#867=EDGE_LOOP('',(#4092,#4093,#4094,#4095));
#868=EDGE_LOOP('',(#4096,#4097,#4098,#4099));
#869=EDGE_LOOP('',(#4100,#4101,#4102,#4103));
#870=EDGE_LOOP('',(#4104,#4105,#4106,#4107));
#871=EDGE_LOOP('',(#4108,#4109,#4110,#4111));
#872=EDGE_LOOP('',(#4112,#4113,#4114,#4115));
#873=EDGE_LOOP('',(#4116,#4117,#4118,#4119));
#874=EDGE_LOOP('',(#4120,#4121,#4122,#4123,#4124,#4125,#4126,#4127,#4128,
#4129));
#875=EDGE_LOOP('',(#4130,#4131,#4132,#4133,#4134,#4135,#4136,#4137,#4138,
#4139));
#876=EDGE_LOOP('',(#4140,#4141,#4142,#4143));
#877=EDGE_LOOP('',(#4144,#4145,#4146,#4147));
#878=EDGE_LOOP('',(#4148,#4149,#4150,#4151));
#879=EDGE_LOOP('',(#4152,#4153,#4154,#4155));
#880=EDGE_LOOP('',(#4156,#4157,#4158,#4159));
#881=EDGE_LOOP('',(#4160,#4161,#4162,#4163));
#882=EDGE_LOOP('',(#4164,#4165,#4166,#4167));
#883=EDGE_LOOP('',(#4168,#4169,#4170,#4171));
#884=EDGE_LOOP('',(#4172,#4173,#4174,#4175));
#885=EDGE_LOOP('',(#4176,#4177,#4178,#4179));
#886=EDGE_LOOP('',(#4180,#4181,#4182,#4183,#4184,#4185,#4186,#4187,#4188,
#4189));
#887=EDGE_LOOP('',(#4190,#4191,#4192,#4193,#4194,#4195,#4196,#4197,#4198,
#4199));
#888=EDGE_LOOP('',(#4200,#4201,#4202,#4203));
#889=EDGE_LOOP('',(#4204,#4205,#4206,#4207));
#890=EDGE_LOOP('',(#4208,#4209,#4210,#4211));
#891=EDGE_LOOP('',(#4212,#4213,#4214,#4215));
#892=EDGE_LOOP('',(#4216,#4217,#4218,#4219));
#893=EDGE_LOOP('',(#4220,#4221,#4222,#4223));
#894=EDGE_LOOP('',(#4224,#4225,#4226,#4227));
#895=EDGE_LOOP('',(#4228,#4229,#4230,#4231));
#896=EDGE_LOOP('',(#4232,#4233,#4234,#4235,#4236,#4237,#4238,#4239));
#897=EDGE_LOOP('',(#4240,#4241,#4242,#4243,#4244,#4245,#4246,#4247));
#898=EDGE_LOOP('',(#4248,#4249,#4250,#4251));
#899=EDGE_LOOP('',(#4252,#4253,#4254,#4255));
#900=EDGE_LOOP('',(#4256,#4257,#4258,#4259));
#901=EDGE_LOOP('',(#4260,#4261,#4262,#4263));
#902=EDGE_LOOP('',(#4264,#4265,#4266,#4267));
#903=EDGE_LOOP('',(#4268,#4269,#4270,#4271));
#904=EDGE_LOOP('',(#4272,#4273,#4274,#4275));
#905=EDGE_LOOP('',(#4276,#4277,#4278,#4279));
#906=EDGE_LOOP('',(#4280,#4281,#4282,#4283,#4284,#4285,#4286,#4287));
#907=EDGE_LOOP('',(#4288,#4289,#4290,#4291,#4292,#4293,#4294,#4295));
#908=EDGE_LOOP('',(#4296,#4297,#4298,#4299));
#909=EDGE_LOOP('',(#4300,#4301,#4302,#4303));
#910=EDGE_LOOP('',(#4304,#4305,#4306,#4307));
#911=EDGE_LOOP('',(#4308,#4309,#4310,#4311));
#912=EDGE_LOOP('',(#4312,#4313,#4314,#4315));
#913=EDGE_LOOP('',(#4316,#4317,#4318,#4319));
#914=EDGE_LOOP('',(#4320,#4321,#4322,#4323));
#915=EDGE_LOOP('',(#4324,#4325,#4326,#4327));
#916=EDGE_LOOP('',(#4328,#4329,#4330,#4331,#4332,#4333,#4334,#4335));
#917=EDGE_LOOP('',(#4336,#4337,#4338,#4339,#4340,#4341,#4342,#4343));
#918=ELLIPSE('',#4663,0.141421356237311,0.1);
#919=ELLIPSE('',#4664,0.141421356237308,0.1);
#920=ELLIPSE('',#4666,0.141421356237313,0.1);
#921=ELLIPSE('',#4668,0.141421356237311,0.1);
#922=LINE('',#6141,#1456);
#923=LINE('',#6145,#1457);
#924=LINE('',#6149,#1458);
#925=LINE('',#6152,#1459);
#926=LINE('',#6155,#1460);
#927=LINE('',#6158,#1461);
#928=LINE('',#6160,#1462);
#929=LINE('',#6161,#1463);
#930=LINE('',#6164,#1464);
#931=LINE('',#6166,#1465);
#932=LINE('',#6167,#1466);
#933=LINE('',#6170,#1467);
#934=LINE('',#6171,#1468);
#935=LINE('',#6181,#1469);
#936=LINE('',#6183,#1470);
#937=LINE('',#6184,#1471);
#938=LINE('',#6187,#1472);
#939=LINE('',#6188,#1473);
#940=LINE('',#6191,#1474);
#941=LINE('',#6192,#1475);
#942=LINE('',#6195,#1476);
#943=LINE('',#6196,#1477);
#944=LINE('',#6198,#1478);
#945=LINE('',#6199,#1479);
#946=LINE('',#6212,#1480);
#947=LINE('',#6214,#1481);
#948=LINE('',#6216,#1482);
#949=LINE('',#6217,#1483);
#950=LINE('',#6220,#1484);
#951=LINE('',#6222,#1485);
#952=LINE('',#6223,#1486);
#953=LINE('',#6226,#1487);
#954=LINE('',#6228,#1488);
#955=LINE('',#6229,#1489);
#956=LINE('',#6232,#1490);
#957=LINE('',#6234,#1491);
#958=LINE('',#6235,#1492);
#959=LINE('',#6238,#1493);
#960=LINE('',#6240,#1494);
#961=LINE('',#6241,#1495);
#962=LINE('',#6244,#1496);
#963=LINE('',#6246,#1497);
#964=LINE('',#6247,#1498);
#965=LINE('',#6250,#1499);
#966=LINE('',#6252,#1500);
#967=LINE('',#6253,#1501);
#968=LINE('',#6256,#1502);
#969=LINE('',#6258,#1503);
#970=LINE('',#6259,#1504);
#971=LINE('',#6262,#1505);
#972=LINE('',#6264,#1506);
#973=LINE('',#6265,#1507);
#974=LINE('',#6268,#1508);
#975=LINE('',#6270,#1509);
#976=LINE('',#6271,#1510);
#977=LINE('',#6274,#1511);
#978=LINE('',#6276,#1512);
#979=LINE('',#6277,#1513);
#980=LINE('',#6280,#1514);
#981=LINE('',#6282,#1515);
#982=LINE('',#6283,#1516);
#983=LINE('',#6286,#1517);
#984=LINE('',#6288,#1518);
#985=LINE('',#6289,#1519);
#986=LINE('',#6292,#1520);
#987=LINE('',#6294,#1521);
#988=LINE('',#6295,#1522);
#989=LINE('',#6298,#1523);
#990=LINE('',#6300,#1524);
#991=LINE('',#6301,#1525);
#992=LINE('',#6307,#1526);
#993=LINE('',#6313,#1527);
#994=LINE('',#6316,#1528);
#995=LINE('',#6318,#1529);
#996=LINE('',#6319,#1530);
#997=LINE('',#6325,#1531);
#998=LINE('',#6328,#1532);
#999=LINE('',#6330,#1533);
#1000=LINE('',#6331,#1534);
#1001=LINE('',#6334,#1535);
#1002=LINE('',#6336,#1536);
#1003=LINE('',#6337,#1537);
#1004=LINE('',#6340,#1538);
#1005=LINE('',#6342,#1539);
#1006=LINE('',#6343,#1540);
#1007=LINE('',#6349,#1541);
#1008=LINE('',#6352,#1542);
#1009=LINE('',#6354,#1543);
#1010=LINE('',#6355,#1544);
#1011=LINE('',#6361,#1545);
#1012=LINE('',#6364,#1546);
#1013=LINE('',#6366,#1547);
#1014=LINE('',#6367,#1548);
#1015=LINE('',#6370,#1549);
#1016=LINE('',#6372,#1550);
#1017=LINE('',#6373,#1551);
#1018=LINE('',#6376,#1552);
#1019=LINE('',#6378,#1553);
#1020=LINE('',#6379,#1554);
#1021=LINE('',#6382,#1555);
#1022=LINE('',#6384,#1556);
#1023=LINE('',#6385,#1557);
#1024=LINE('',#6388,#1558);
#1025=LINE('',#6390,#1559);
#1026=LINE('',#6391,#1560);
#1027=LINE('',#6397,#1561);
#1028=LINE('',#6400,#1562);
#1029=LINE('',#6402,#1563);
#1030=LINE('',#6403,#1564);
#1031=LINE('',#6409,#1565);
#1032=LINE('',#6412,#1566);
#1033=LINE('',#6414,#1567);
#1034=LINE('',#6415,#1568);
#1035=LINE('',#6418,#1569);
#1036=LINE('',#6420,#1570);
#1037=LINE('',#6421,#1571);
#1038=LINE('',#6424,#1572);
#1039=LINE('',#6426,#1573);
#1040=LINE('',#6427,#1574);
#1041=LINE('',#6433,#1575);
#1042=LINE('',#6436,#1576);
#1043=LINE('',#6438,#1577);
#1044=LINE('',#6439,#1578);
#1045=LINE('',#6445,#1579);
#1046=LINE('',#6451,#1580);
#1047=LINE('',#6454,#1581);
#1048=LINE('',#6456,#1582);
#1049=LINE('',#6457,#1583);
#1050=LINE('',#6459,#1584);
#1051=LINE('',#6460,#1585);
#1052=LINE('',#6466,#1586);
#1053=LINE('',#6468,#1587);
#1054=LINE('',#6470,#1588);
#1055=LINE('',#6471,#1589);
#1056=LINE('',#6477,#1590);
#1057=LINE('',#6483,#1591);
#1058=LINE('',#6486,#1592);
#1059=LINE('',#6488,#1593);
#1060=LINE('',#6489,#1594);
#1061=LINE('',#6495,#1595);
#1062=LINE('',#6498,#1596);
#1063=LINE('',#6500,#1597);
#1064=LINE('',#6501,#1598);
#1065=LINE('',#6504,#1599);
#1066=LINE('',#6506,#1600);
#1067=LINE('',#6507,#1601);
#1068=LINE('',#6510,#1602);
#1069=LINE('',#6512,#1603);
#1070=LINE('',#6513,#1604);
#1071=LINE('',#6519,#1605);
#1072=LINE('',#6522,#1606);
#1073=LINE('',#6524,#1607);
#1074=LINE('',#6525,#1608);
#1075=LINE('',#6531,#1609);
#1076=LINE('',#6534,#1610);
#1077=LINE('',#6536,#1611);
#1078=LINE('',#6537,#1612);
#1079=LINE('',#6540,#1613);
#1080=LINE('',#6542,#1614);
#1081=LINE('',#6543,#1615);
#1082=LINE('',#6546,#1616);
#1083=LINE('',#6548,#1617);
#1084=LINE('',#6549,#1618);
#1085=LINE('',#6552,#1619);
#1086=LINE('',#6554,#1620);
#1087=LINE('',#6555,#1621);
#1088=LINE('',#6558,#1622);
#1089=LINE('',#6560,#1623);
#1090=LINE('',#6561,#1624);
#1091=LINE('',#6567,#1625);
#1092=LINE('',#6570,#1626);
#1093=LINE('',#6572,#1627);
#1094=LINE('',#6573,#1628);
#1095=LINE('',#6579,#1629);
#1096=LINE('',#6582,#1630);
#1097=LINE('',#6584,#1631);
#1098=LINE('',#6585,#1632);
#1099=LINE('',#6588,#1633);
#1100=LINE('',#6590,#1634);
#1101=LINE('',#6591,#1635);
#1102=LINE('',#6594,#1636);
#1103=LINE('',#6596,#1637);
#1104=LINE('',#6597,#1638);
#1105=LINE('',#6603,#1639);
#1106=LINE('',#6606,#1640);
#1107=LINE('',#6608,#1641);
#1108=LINE('',#6609,#1642);
#1109=LINE('',#6615,#1643);
#1110=LINE('',#6621,#1644);
#1111=LINE('',#6624,#1645);
#1112=LINE('',#6626,#1646);
#1113=LINE('',#6627,#1647);
#1114=LINE('',#6630,#1648);
#1115=LINE('',#6632,#1649);
#1116=LINE('',#6633,#1650);
#1117=LINE('',#6636,#1651);
#1118=LINE('',#6638,#1652);
#1119=LINE('',#6639,#1653);
#1120=LINE('',#6642,#1654);
#1121=LINE('',#6644,#1655);
#1122=LINE('',#6645,#1656);
#1123=LINE('',#6648,#1657);
#1124=LINE('',#6650,#1658);
#1125=LINE('',#6651,#1659);
#1126=LINE('',#6654,#1660);
#1127=LINE('',#6656,#1661);
#1128=LINE('',#6657,#1662);
#1129=LINE('',#6660,#1663);
#1130=LINE('',#6662,#1664);
#1131=LINE('',#6663,#1665);
#1132=LINE('',#6666,#1666);
#1133=LINE('',#6668,#1667);
#1134=LINE('',#6669,#1668);
#1135=LINE('',#6672,#1669);
#1136=LINE('',#6674,#1670);
#1137=LINE('',#6675,#1671);
#1138=LINE('',#6678,#1672);
#1139=LINE('',#6680,#1673);
#1140=LINE('',#6681,#1674);
#1141=LINE('',#6684,#1675);
#1142=LINE('',#6686,#1676);
#1143=LINE('',#6687,#1677);
#1144=LINE('',#6690,#1678);
#1145=LINE('',#6692,#1679);
#1146=LINE('',#6693,#1680);
#1147=LINE('',#6696,#1681);
#1148=LINE('',#6698,#1682);
#1149=LINE('',#6699,#1683);
#1150=LINE('',#6702,#1684);
#1151=LINE('',#6704,#1685);
#1152=LINE('',#6705,#1686);
#1153=LINE('',#6708,#1687);
#1154=LINE('',#6710,#1688);
#1155=LINE('',#6711,#1689);
#1156=LINE('',#6713,#1690);
#1157=LINE('',#6714,#1691);
#1158=LINE('',#6720,#1692);
#1159=LINE('',#6722,#1693);
#1160=LINE('',#6724,#1694);
#1161=LINE('',#6725,#1695);
#1162=LINE('',#6728,#1696);
#1163=LINE('',#6730,#1697);
#1164=LINE('',#6731,#1698);
#1165=LINE('',#6734,#1699);
#1166=LINE('',#6736,#1700);
#1167=LINE('',#6737,#1701);
#1168=LINE('',#6743,#1702);
#1169=LINE('',#6746,#1703);
#1170=LINE('',#6748,#1704);
#1171=LINE('',#6749,#1705);
#1172=LINE('',#6752,#1706);
#1173=LINE('',#6754,#1707);
#1174=LINE('',#6755,#1708);
#1175=LINE('',#6758,#1709);
#1176=LINE('',#6760,#1710);
#1177=LINE('',#6761,#1711);
#1178=LINE('',#6770,#1712);
#1179=LINE('',#6772,#1713);
#1180=LINE('',#6774,#1714);
#1181=LINE('',#6775,#1715);
#1182=LINE('',#6778,#1716);
#1183=LINE('',#6780,#1717);
#1184=LINE('',#6781,#1718);
#1185=LINE('',#6784,#1719);
#1186=LINE('',#6786,#1720);
#1187=LINE('',#6787,#1721);
#1188=LINE('',#6789,#1722);
#1189=LINE('',#6790,#1723);
#1190=LINE('',#6796,#1724);
#1191=LINE('',#6798,#1725);
#1192=LINE('',#6800,#1726);
#1193=LINE('',#6801,#1727);
#1194=LINE('',#6804,#1728);
#1195=LINE('',#6806,#1729);
#1196=LINE('',#6807,#1730);
#1197=LINE('',#6810,#1731);
#1198=LINE('',#6812,#1732);
#1199=LINE('',#6813,#1733);
#1200=LINE('',#6815,#1734);
#1201=LINE('',#6816,#1735);
#1202=LINE('',#6822,#1736);
#1203=LINE('',#6824,#1737);
#1204=LINE('',#6826,#1738);
#1205=LINE('',#6827,#1739);
#1206=LINE('',#6830,#1740);
#1207=LINE('',#6832,#1741);
#1208=LINE('',#6833,#1742);
#1209=LINE('',#6836,#1743);
#1210=LINE('',#6838,#1744);
#1211=LINE('',#6839,#1745);
#1212=LINE('',#6841,#1746);
#1213=LINE('',#6842,#1747);
#1214=LINE('',#6848,#1748);
#1215=LINE('',#6850,#1749);
#1216=LINE('',#6852,#1750);
#1217=LINE('',#6853,#1751);
#1218=LINE('',#6880,#1752);
#1219=LINE('',#6883,#1753);
#1220=LINE('',#6885,#1754);
#1221=LINE('',#6886,#1755);
#1222=LINE('',#6889,#1756);
#1223=LINE('',#6891,#1757);
#1224=LINE('',#6892,#1758);
#1225=LINE('',#6895,#1759);
#1226=LINE('',#6897,#1760);
#1227=LINE('',#6898,#1761);
#1228=LINE('',#6901,#1762);
#1229=LINE('',#6903,#1763);
#1230=LINE('',#6904,#1764);
#1231=LINE('',#6907,#1765);
#1232=LINE('',#6909,#1766);
#1233=LINE('',#6910,#1767);
#1234=LINE('',#6937,#1768);
#1235=LINE('',#6940,#1769);
#1236=LINE('',#6942,#1770);
#1237=LINE('',#6943,#1771);
#1238=LINE('',#6945,#1772);
#1239=LINE('',#6946,#1773);
#1240=LINE('',#6952,#1774);
#1241=LINE('',#6954,#1775);
#1242=LINE('',#6956,#1776);
#1243=LINE('',#6957,#1777);
#1244=LINE('',#6963,#1778);
#1245=LINE('',#6966,#1779);
#1246=LINE('',#6968,#1780);
#1247=LINE('',#6969,#1781);
#1248=LINE('',#7004,#1782);
#1249=LINE('',#7007,#1783);
#1250=LINE('',#7009,#1784);
#1251=LINE('',#7010,#1785);
#1252=LINE('',#7045,#1786);
#1253=LINE('',#7048,#1787);
#1254=LINE('',#7050,#1788);
#1255=LINE('',#7051,#1789);
#1256=LINE('',#7057,#1790);
#1257=LINE('',#7060,#1791);
#1258=LINE('',#7062,#1792);
#1259=LINE('',#7063,#1793);
#1260=LINE('',#7065,#1794);
#1261=LINE('',#7066,#1795);
#1262=LINE('',#7079,#1796);
#1263=LINE('',#7081,#1797);
#1264=LINE('',#7083,#1798);
#1265=LINE('',#7084,#1799);
#1266=LINE('',#7087,#1800);
#1267=LINE('',#7089,#1801);
#1268=LINE('',#7090,#1802);
#1269=LINE('',#7093,#1803);
#1270=LINE('',#7095,#1804);
#1271=LINE('',#7096,#1805);
#1272=LINE('',#7099,#1806);
#1273=LINE('',#7101,#1807);
#1274=LINE('',#7102,#1808);
#1275=LINE('',#7105,#1809);
#1276=LINE('',#7107,#1810);
#1277=LINE('',#7108,#1811);
#1278=LINE('',#7111,#1812);
#1279=LINE('',#7113,#1813);
#1280=LINE('',#7114,#1814);
#1281=LINE('',#7117,#1815);
#1282=LINE('',#7119,#1816);
#1283=LINE('',#7120,#1817);
#1284=LINE('',#7139,#1818);
#1285=LINE('',#7142,#1819);
#1286=LINE('',#7144,#1820);
#1287=LINE('',#7145,#1821);
#1288=LINE('',#7164,#1822);
#1289=LINE('',#7167,#1823);
#1290=LINE('',#7169,#1824);
#1291=LINE('',#7170,#1825);
#1292=LINE('',#7173,#1826);
#1293=LINE('',#7175,#1827);
#1294=LINE('',#7176,#1828);
#1295=LINE('',#7179,#1829);
#1296=LINE('',#7181,#1830);
#1297=LINE('',#7182,#1831);
#1298=LINE('',#7184,#1832);
#1299=LINE('',#7185,#1833);
#1300=LINE('',#7198,#1834);
#1301=LINE('',#7200,#1835);
#1302=LINE('',#7202,#1836);
#1303=LINE('',#7203,#1837);
#1304=LINE('',#7224,#1838);
#1305=LINE('',#7233,#1839);
#1306=LINE('',#7235,#1840);
#1307=LINE('',#7236,#1841);
#1308=LINE('',#7238,#1842);
#1309=LINE('',#7239,#1843);
#1310=LINE('',#7267,#1844);
#1311=LINE('',#7277,#1845);
#1312=LINE('',#7280,#1846);
#1313=LINE('',#7282,#1847);
#1314=LINE('',#7283,#1848);
#1315=LINE('',#7318,#1849);
#1316=LINE('',#7321,#1850);
#1317=LINE('',#7323,#1851);
#1318=LINE('',#7324,#1852);
#1319=LINE('',#7327,#1853);
#1320=LINE('',#7329,#1854);
#1321=LINE('',#7330,#1855);
#1322=LINE('',#7333,#1856);
#1323=LINE('',#7335,#1857);
#1324=LINE('',#7336,#1858);
#1325=LINE('',#7363,#1859);
#1326=LINE('',#7365,#1860);
#1327=LINE('',#7366,#1861);
#1328=LINE('',#7390,#1862);
#1329=LINE('',#7398,#1863);
#1330=LINE('',#7401,#1864);
#1331=LINE('',#7403,#1865);
#1332=LINE('',#7404,#1866);
#1333=LINE('',#7425,#1867);
#1334=LINE('',#7433,#1868);
#1335=LINE('',#7434,#1869);
#1336=LINE('',#7459,#1870);
#1337=LINE('',#7468,#1871);
#1338=LINE('',#7471,#1872);
#1339=LINE('',#7473,#1873);
#1340=LINE('',#7474,#1874);
#1341=LINE('',#7509,#1875);
#1342=LINE('',#7511,#1876);
#1343=LINE('',#7512,#1877);
#1344=LINE('',#7536,#1878);
#1345=LINE('',#7544,#1879);
#1346=LINE('',#7547,#1880);
#1347=LINE('',#7549,#1881);
#1348=LINE('',#7550,#1882);
#1349=LINE('',#7553,#1883);
#1350=LINE('',#7555,#1884);
#1351=LINE('',#7556,#1885);
#1352=LINE('',#7559,#1886);
#1353=LINE('',#7561,#1887);
#1354=LINE('',#7562,#1888);
#1355=LINE('',#7589,#1889);
#1356=LINE('',#7592,#1890);
#1357=LINE('',#7594,#1891);
#1358=LINE('',#7595,#1892);
#1359=LINE('',#7598,#1893);
#1360=LINE('',#7600,#1894);
#1361=LINE('',#7601,#1895);
#1362=LINE('',#7604,#1896);
#1363=LINE('',#7606,#1897);
#1364=LINE('',#7607,#1898);
#1365=LINE('',#7610,#1899);
#1366=LINE('',#7612,#1900);
#1367=LINE('',#7613,#1901);
#1368=LINE('',#7615,#1902);
#1369=LINE('',#7616,#1903);
#1370=LINE('',#7640,#1904);
#1371=LINE('',#7648,#1905);
#1372=LINE('',#7651,#1906);
#1373=LINE('',#7653,#1907);
#1374=LINE('',#7654,#1908);
#1375=LINE('',#7657,#1909);
#1376=LINE('',#7659,#1910);
#1377=LINE('',#7660,#1911);
#1378=LINE('',#7663,#1912);
#1379=LINE('',#7665,#1913);
#1380=LINE('',#7666,#1914);
#1381=LINE('',#7693,#1915);
#1382=LINE('',#7696,#1916);
#1383=LINE('',#7698,#1917);
#1384=LINE('',#7699,#1918);
#1385=LINE('',#7702,#1919);
#1386=LINE('',#7704,#1920);
#1387=LINE('',#7705,#1921);
#1388=LINE('',#7708,#1922);
#1389=LINE('',#7710,#1923);
#1390=LINE('',#7711,#1924);
#1391=LINE('',#7714,#1925);
#1392=LINE('',#7716,#1926);
#1393=LINE('',#7717,#1927);
#1394=LINE('',#7719,#1928);
#1395=LINE('',#7720,#1929);
#1396=LINE('',#7726,#1930);
#1397=LINE('',#7728,#1931);
#1398=LINE('',#7730,#1932);
#1399=LINE('',#7731,#1933);
#1400=LINE('',#7734,#1934);
#1401=LINE('',#7736,#1935);
#1402=LINE('',#7737,#1936);
#1403=LINE('',#7740,#1937);
#1404=LINE('',#7742,#1938);
#1405=LINE('',#7743,#1939);
#1406=LINE('',#7749,#1940);
#1407=LINE('',#7752,#1941);
#1408=LINE('',#7754,#1942);
#1409=LINE('',#7755,#1943);
#1410=LINE('',#7758,#1944);
#1411=LINE('',#7760,#1945);
#1412=LINE('',#7761,#1946);
#1413=LINE('',#7764,#1947);
#1414=LINE('',#7766,#1948);
#1415=LINE('',#7767,#1949);
#1416=LINE('',#7776,#1950);
#1417=LINE('',#7778,#1951);
#1418=LINE('',#7780,#1952);
#1419=LINE('',#7781,#1953);
#1420=LINE('',#7784,#1954);
#1421=LINE('',#7786,#1955);
#1422=LINE('',#7787,#1956);
#1423=LINE('',#7790,#1957);
#1424=LINE('',#7792,#1958);
#1425=LINE('',#7793,#1959);
#1426=LINE('',#7799,#1960);
#1427=LINE('',#7802,#1961);
#1428=LINE('',#7804,#1962);
#1429=LINE('',#7805,#1963);
#1430=LINE('',#7808,#1964);
#1431=LINE('',#7810,#1965);
#1432=LINE('',#7811,#1966);
#1433=LINE('',#7814,#1967);
#1434=LINE('',#7816,#1968);
#1435=LINE('',#7817,#1969);
#1436=LINE('',#7826,#1970);
#1437=LINE('',#7828,#1971);
#1438=LINE('',#7830,#1972);
#1439=LINE('',#7831,#1973);
#1440=LINE('',#7834,#1974);
#1441=LINE('',#7836,#1975);
#1442=LINE('',#7837,#1976);
#1443=LINE('',#7840,#1977);
#1444=LINE('',#7842,#1978);
#1445=LINE('',#7843,#1979);
#1446=LINE('',#7849,#1980);
#1447=LINE('',#7852,#1981);
#1448=LINE('',#7854,#1982);
#1449=LINE('',#7855,#1983);
#1450=LINE('',#7858,#1984);
#1451=LINE('',#7860,#1985);
#1452=LINE('',#7861,#1986);
#1453=LINE('',#7864,#1987);
#1454=LINE('',#7866,#1988);
#1455=LINE('',#7867,#1989);
#1456=VECTOR('',#4979,1.);
#1457=VECTOR('',#4982,1.);
#1458=VECTOR('',#4987,1.);
#1459=VECTOR('',#4990,1.);
#1460=VECTOR('',#4993,1.);
#1461=VECTOR('',#4996,1.);
#1462=VECTOR('',#4999,1.);
#1463=VECTOR('',#5000,1.);
#1464=VECTOR('',#5003,1.);
#1465=VECTOR('',#5004,1.);
#1466=VECTOR('',#5005,1.);
#1467=VECTOR('',#5008,1.);
#1468=VECTOR('',#5009,1.);
#1469=VECTOR('',#5022,1.);
#1470=VECTOR('',#5023,1.);
#1471=VECTOR('',#5024,1.);
#1472=VECTOR('',#5027,1.);
#1473=VECTOR('',#5028,1.);
#1474=VECTOR('',#5031,1.);
#1475=VECTOR('',#5032,1.);
#1476=VECTOR('',#5035,1.);
#1477=VECTOR('',#5036,1.);
#1478=VECTOR('',#5039,1.);
#1479=VECTOR('',#5040,1.);
#1480=VECTOR('',#5057,1.);
#1481=VECTOR('',#5058,1.);
#1482=VECTOR('',#5059,1.);
#1483=VECTOR('',#5060,1.);
#1484=VECTOR('',#5063,1.);
#1485=VECTOR('',#5064,1.);
#1486=VECTOR('',#5065,1.);
#1487=VECTOR('',#5068,1.);
#1488=VECTOR('',#5069,1.);
#1489=VECTOR('',#5070,1.);
#1490=VECTOR('',#5073,1.);
#1491=VECTOR('',#5074,1.);
#1492=VECTOR('',#5075,1.);
#1493=VECTOR('',#5078,1.);
#1494=VECTOR('',#5079,1.);
#1495=VECTOR('',#5080,1.);
#1496=VECTOR('',#5083,1.);
#1497=VECTOR('',#5084,1.);
#1498=VECTOR('',#5085,1.);
#1499=VECTOR('',#5088,1.);
#1500=VECTOR('',#5089,1.);
#1501=VECTOR('',#5090,1.);
#1502=VECTOR('',#5093,1.);
#1503=VECTOR('',#5094,1.);
#1504=VECTOR('',#5095,1.);
#1505=VECTOR('',#5098,1.);
#1506=VECTOR('',#5099,1.);
#1507=VECTOR('',#5100,1.);
#1508=VECTOR('',#5103,1.);
#1509=VECTOR('',#5104,1.);
#1510=VECTOR('',#5105,1.);
#1511=VECTOR('',#5108,1.);
#1512=VECTOR('',#5109,1.);
#1513=VECTOR('',#5110,1.);
#1514=VECTOR('',#5113,1.);
#1515=VECTOR('',#5114,1.);
#1516=VECTOR('',#5115,1.);
#1517=VECTOR('',#5118,1.);
#1518=VECTOR('',#5119,1.);
#1519=VECTOR('',#5120,1.);
#1520=VECTOR('',#5123,1.);
#1521=VECTOR('',#5124,1.);
#1522=VECTOR('',#5125,1.);
#1523=VECTOR('',#5128,1.);
#1524=VECTOR('',#5129,1.);
#1525=VECTOR('',#5130,1.);
#1526=VECTOR('',#5137,1.);
#1527=VECTOR('',#5144,1.);
#1528=VECTOR('',#5147,1.);
#1529=VECTOR('',#5148,1.);
#1530=VECTOR('',#5149,1.);
#1531=VECTOR('',#5156,1.);
#1532=VECTOR('',#5159,1.);
#1533=VECTOR('',#5160,1.);
#1534=VECTOR('',#5161,1.);
#1535=VECTOR('',#5164,1.);
#1536=VECTOR('',#5165,1.);
#1537=VECTOR('',#5166,1.);
#1538=VECTOR('',#5169,1.);
#1539=VECTOR('',#5170,1.);
#1540=VECTOR('',#5171,1.);
#1541=VECTOR('',#5178,1.);
#1542=VECTOR('',#5181,1.);
#1543=VECTOR('',#5182,1.);
#1544=VECTOR('',#5183,1.);
#1545=VECTOR('',#5190,1.);
#1546=VECTOR('',#5193,1.);
#1547=VECTOR('',#5194,1.);
#1548=VECTOR('',#5195,1.);
#1549=VECTOR('',#5198,1.);
#1550=VECTOR('',#5199,1.);
#1551=VECTOR('',#5200,1.);
#1552=VECTOR('',#5203,1.);
#1553=VECTOR('',#5204,1.);
#1554=VECTOR('',#5205,1.);
#1555=VECTOR('',#5208,1.);
#1556=VECTOR('',#5209,1.);
#1557=VECTOR('',#5210,1.);
#1558=VECTOR('',#5213,1.);
#1559=VECTOR('',#5214,1.);
#1560=VECTOR('',#5215,1.);
#1561=VECTOR('',#5222,1.);
#1562=VECTOR('',#5225,1.);
#1563=VECTOR('',#5226,1.);
#1564=VECTOR('',#5227,1.);
#1565=VECTOR('',#5234,1.);
#1566=VECTOR('',#5237,1.);
#1567=VECTOR('',#5238,1.);
#1568=VECTOR('',#5239,1.);
#1569=VECTOR('',#5242,1.);
#1570=VECTOR('',#5243,1.);
#1571=VECTOR('',#5244,1.);
#1572=VECTOR('',#5247,1.);
#1573=VECTOR('',#5248,1.);
#1574=VECTOR('',#5249,1.);
#1575=VECTOR('',#5256,1.);
#1576=VECTOR('',#5259,1.);
#1577=VECTOR('',#5260,1.);
#1578=VECTOR('',#5261,1.);
#1579=VECTOR('',#5268,1.);
#1580=VECTOR('',#5275,1.);
#1581=VECTOR('',#5278,1.);
#1582=VECTOR('',#5279,1.);
#1583=VECTOR('',#5280,1.);
#1584=VECTOR('',#5283,1.);
#1585=VECTOR('',#5284,1.);
#1586=VECTOR('',#5291,1.);
#1587=VECTOR('',#5292,1.);
#1588=VECTOR('',#5293,1.);
#1589=VECTOR('',#5294,1.);
#1590=VECTOR('',#5301,1.);
#1591=VECTOR('',#5308,1.);
#1592=VECTOR('',#5311,1.);
#1593=VECTOR('',#5312,1.);
#1594=VECTOR('',#5313,1.);
#1595=VECTOR('',#5320,1.);
#1596=VECTOR('',#5323,1.);
#1597=VECTOR('',#5324,1.);
#1598=VECTOR('',#5325,1.);
#1599=VECTOR('',#5328,1.);
#1600=VECTOR('',#5329,1.);
#1601=VECTOR('',#5330,1.);
#1602=VECTOR('',#5333,1.);
#1603=VECTOR('',#5334,1.);
#1604=VECTOR('',#5335,1.);
#1605=VECTOR('',#5342,1.);
#1606=VECTOR('',#5345,1.);
#1607=VECTOR('',#5346,1.);
#1608=VECTOR('',#5347,1.);
#1609=VECTOR('',#5354,1.);
#1610=VECTOR('',#5357,1.);
#1611=VECTOR('',#5358,1.);
#1612=VECTOR('',#5359,1.);
#1613=VECTOR('',#5362,1.);
#1614=VECTOR('',#5363,1.);
#1615=VECTOR('',#5364,1.);
#1616=VECTOR('',#5367,1.);
#1617=VECTOR('',#5368,1.);
#1618=VECTOR('',#5369,1.);
#1619=VECTOR('',#5372,1.);
#1620=VECTOR('',#5373,1.);
#1621=VECTOR('',#5374,1.);
#1622=VECTOR('',#5377,1.);
#1623=VECTOR('',#5378,1.);
#1624=VECTOR('',#5379,1.);
#1625=VECTOR('',#5386,1.);
#1626=VECTOR('',#5389,1.);
#1627=VECTOR('',#5390,1.);
#1628=VECTOR('',#5391,1.);
#1629=VECTOR('',#5398,1.);
#1630=VECTOR('',#5401,1.);
#1631=VECTOR('',#5402,1.);
#1632=VECTOR('',#5403,1.);
#1633=VECTOR('',#5406,1.);
#1634=VECTOR('',#5407,1.);
#1635=VECTOR('',#5408,1.);
#1636=VECTOR('',#5411,1.);
#1637=VECTOR('',#5412,1.);
#1638=VECTOR('',#5413,1.);
#1639=VECTOR('',#5420,1.);
#1640=VECTOR('',#5423,1.);
#1641=VECTOR('',#5424,1.);
#1642=VECTOR('',#5425,1.);
#1643=VECTOR('',#5432,1.);
#1644=VECTOR('',#5439,1.);
#1645=VECTOR('',#5442,1.);
#1646=VECTOR('',#5443,1.);
#1647=VECTOR('',#5444,1.);
#1648=VECTOR('',#5447,1.);
#1649=VECTOR('',#5448,1.);
#1650=VECTOR('',#5449,1.);
#1651=VECTOR('',#5452,1.);
#1652=VECTOR('',#5453,1.);
#1653=VECTOR('',#5454,1.);
#1654=VECTOR('',#5457,1.);
#1655=VECTOR('',#5458,1.);
#1656=VECTOR('',#5459,1.);
#1657=VECTOR('',#5462,1.);
#1658=VECTOR('',#5463,1.);
#1659=VECTOR('',#5464,1.);
#1660=VECTOR('',#5467,1.);
#1661=VECTOR('',#5468,1.);
#1662=VECTOR('',#5469,1.);
#1663=VECTOR('',#5472,1.);
#1664=VECTOR('',#5473,1.);
#1665=VECTOR('',#5474,1.);
#1666=VECTOR('',#5477,1.);
#1667=VECTOR('',#5478,1.);
#1668=VECTOR('',#5479,1.);
#1669=VECTOR('',#5482,1.);
#1670=VECTOR('',#5483,1.);
#1671=VECTOR('',#5484,1.);
#1672=VECTOR('',#5487,1.);
#1673=VECTOR('',#5488,1.);
#1674=VECTOR('',#5489,1.);
#1675=VECTOR('',#5492,1.);
#1676=VECTOR('',#5493,1.);
#1677=VECTOR('',#5494,1.);
#1678=VECTOR('',#5497,1.);
#1679=VECTOR('',#5498,1.);
#1680=VECTOR('',#5499,1.);
#1681=VECTOR('',#5502,1.);
#1682=VECTOR('',#5503,1.);
#1683=VECTOR('',#5504,1.);
#1684=VECTOR('',#5507,1.);
#1685=VECTOR('',#5508,1.);
#1686=VECTOR('',#5509,1.);
#1687=VECTOR('',#5512,1.);
#1688=VECTOR('',#5513,1.);
#1689=VECTOR('',#5514,1.);
#1690=VECTOR('',#5517,1.);
#1691=VECTOR('',#5518,1.);
#1692=VECTOR('',#5525,1.);
#1693=VECTOR('',#5526,1.);
#1694=VECTOR('',#5527,1.);
#1695=VECTOR('',#5528,1.);
#1696=VECTOR('',#5531,1.);
#1697=VECTOR('',#5532,1.);
#1698=VECTOR('',#5533,1.);
#1699=VECTOR('',#5536,1.);
#1700=VECTOR('',#5537,1.);
#1701=VECTOR('',#5538,1.);
#1702=VECTOR('',#5545,1.);
#1703=VECTOR('',#5548,1.);
#1704=VECTOR('',#5549,1.);
#1705=VECTOR('',#5550,1.);
#1706=VECTOR('',#5553,1.);
#1707=VECTOR('',#5554,1.);
#1708=VECTOR('',#5555,1.);
#1709=VECTOR('',#5558,1.);
#1710=VECTOR('',#5559,1.);
#1711=VECTOR('',#5560,1.);
#1712=VECTOR('',#5573,1.);
#1713=VECTOR('',#5574,1.);
#1714=VECTOR('',#5575,1.);
#1715=VECTOR('',#5576,1.);
#1716=VECTOR('',#5579,1.);
#1717=VECTOR('',#5580,1.);
#1718=VECTOR('',#5581,1.);
#1719=VECTOR('',#5584,1.);
#1720=VECTOR('',#5585,1.);
#1721=VECTOR('',#5586,1.);
#1722=VECTOR('',#5589,1.);
#1723=VECTOR('',#5590,1.);
#1724=VECTOR('',#5597,1.);
#1725=VECTOR('',#5598,1.);
#1726=VECTOR('',#5599,1.);
#1727=VECTOR('',#5600,1.);
#1728=VECTOR('',#5603,1.);
#1729=VECTOR('',#5604,1.);
#1730=VECTOR('',#5605,1.);
#1731=VECTOR('',#5608,1.);
#1732=VECTOR('',#5609,1.);
#1733=VECTOR('',#5610,1.);
#1734=VECTOR('',#5613,1.);
#1735=VECTOR('',#5614,1.);
#1736=VECTOR('',#5621,1.);
#1737=VECTOR('',#5622,1.);
#1738=VECTOR('',#5623,1.);
#1739=VECTOR('',#5624,1.);
#1740=VECTOR('',#5627,1.);
#1741=VECTOR('',#5628,1.);
#1742=VECTOR('',#5629,1.);
#1743=VECTOR('',#5632,1.);
#1744=VECTOR('',#5633,1.);
#1745=VECTOR('',#5634,1.);
#1746=VECTOR('',#5637,1.);
#1747=VECTOR('',#5638,1.);
#1748=VECTOR('',#5645,1.);
#1749=VECTOR('',#5646,1.);
#1750=VECTOR('',#5647,1.);
#1751=VECTOR('',#5648,1.);
#1752=VECTOR('',#5649,1.);
#1753=VECTOR('',#5652,1.);
#1754=VECTOR('',#5653,1.);
#1755=VECTOR('',#5654,1.);
#1756=VECTOR('',#5657,1.);
#1757=VECTOR('',#5658,1.);
#1758=VECTOR('',#5659,1.);
#1759=VECTOR('',#5662,1.);
#1760=VECTOR('',#5663,1.);
#1761=VECTOR('',#5664,1.);
#1762=VECTOR('',#5667,1.);
#1763=VECTOR('',#5668,1.);
#1764=VECTOR('',#5669,1.);
#1765=VECTOR('',#5672,1.);
#1766=VECTOR('',#5673,1.);
#1767=VECTOR('',#5674,1.);
#1768=VECTOR('',#5675,1.);
#1769=VECTOR('',#5678,1.);
#1770=VECTOR('',#5679,1.);
#1771=VECTOR('',#5680,1.);
#1772=VECTOR('',#5683,1.);
#1773=VECTOR('',#5684,1.);
#1774=VECTOR('',#5691,1.);
#1775=VECTOR('',#5692,1.);
#1776=VECTOR('',#5693,1.);
#1777=VECTOR('',#5694,1.);
#1778=VECTOR('',#5701,1.);
#1779=VECTOR('',#5704,1.);
#1780=VECTOR('',#5705,1.);
#1781=VECTOR('',#5706,1.);
#1782=VECTOR('',#5707,1.);
#1783=VECTOR('',#5710,1.);
#1784=VECTOR('',#5711,1.);
#1785=VECTOR('',#5712,1.);
#1786=VECTOR('',#5713,1.);
#1787=VECTOR('',#5716,1.);
#1788=VECTOR('',#5717,1.);
#1789=VECTOR('',#5718,1.);
#1790=VECTOR('',#5725,1.);
#1791=VECTOR('',#5728,1.);
#1792=VECTOR('',#5729,1.);
#1793=VECTOR('',#5730,1.);
#1794=VECTOR('',#5733,1.);
#1795=VECTOR('',#5734,1.);
#1796=VECTOR('',#5751,1.);
#1797=VECTOR('',#5752,1.);
#1798=VECTOR('',#5753,1.);
#1799=VECTOR('',#5754,1.);
#1800=VECTOR('',#5757,1.);
#1801=VECTOR('',#5758,1.);
#1802=VECTOR('',#5759,1.);
#1803=VECTOR('',#5762,1.);
#1804=VECTOR('',#5763,1.);
#1805=VECTOR('',#5764,1.);
#1806=VECTOR('',#5767,1.);
#1807=VECTOR('',#5768,1.);
#1808=VECTOR('',#5769,1.);
#1809=VECTOR('',#5772,1.);
#1810=VECTOR('',#5773,1.);
#1811=VECTOR('',#5774,1.);
#1812=VECTOR('',#5777,1.);
#1813=VECTOR('',#5778,1.);
#1814=VECTOR('',#5779,1.);
#1815=VECTOR('',#5782,1.);
#1816=VECTOR('',#5783,1.);
#1817=VECTOR('',#5784,1.);
#1818=VECTOR('',#5785,1.);
#1819=VECTOR('',#5788,1.);
#1820=VECTOR('',#5789,1.);
#1821=VECTOR('',#5790,1.);
#1822=VECTOR('',#5791,1.);
#1823=VECTOR('',#5794,1.);
#1824=VECTOR('',#5795,1.);
#1825=VECTOR('',#5796,1.);
#1826=VECTOR('',#5799,1.);
#1827=VECTOR('',#5800,1.);
#1828=VECTOR('',#5801,1.);
#1829=VECTOR('',#5804,1.);
#1830=VECTOR('',#5805,1.);
#1831=VECTOR('',#5806,1.);
#1832=VECTOR('',#5809,1.);
#1833=VECTOR('',#5810,1.);
#1834=VECTOR('',#5827,1.);
#1835=VECTOR('',#5828,1.);
#1836=VECTOR('',#5829,1.);
#1837=VECTOR('',#5830,1.);
#1838=VECTOR('',#5831,1.);
#1839=VECTOR('',#5834,1.);
#1840=VECTOR('',#5835,1.);
#1841=VECTOR('',#5836,1.);
#1842=VECTOR('',#5839,1.);
#1843=VECTOR('',#5840,1.);
#1844=VECTOR('',#5841,1.);
#1845=VECTOR('',#5842,1.);
#1846=VECTOR('',#5845,1.);
#1847=VECTOR('',#5846,1.);
#1848=VECTOR('',#5847,1.);
#1849=VECTOR('',#5848,1.);
#1850=VECTOR('',#5851,1.);
#1851=VECTOR('',#5852,1.);
#1852=VECTOR('',#5853,1.);
#1853=VECTOR('',#5856,1.);
#1854=VECTOR('',#5857,1.);
#1855=VECTOR('',#5858,1.);
#1856=VECTOR('',#5861,1.);
#1857=VECTOR('',#5862,1.);
#1858=VECTOR('',#5863,1.);
#1859=VECTOR('',#5864,1.);
#1860=VECTOR('',#5867,1.);
#1861=VECTOR('',#5868,1.);
#1862=VECTOR('',#5873,1.);
#1863=VECTOR('',#5874,1.);
#1864=VECTOR('',#5877,1.);
#1865=VECTOR('',#5878,1.);
#1866=VECTOR('',#5879,1.);
#1867=VECTOR('',#5880,1.);
#1868=VECTOR('',#5883,1.);
#1869=VECTOR('',#5884,1.);
#1870=VECTOR('',#5885,1.);
#1871=VECTOR('',#5886,1.);
#1872=VECTOR('',#5889,1.);
#1873=VECTOR('',#5890,1.);
#1874=VECTOR('',#5891,1.);
#1875=VECTOR('',#5892,1.);
#1876=VECTOR('',#5895,1.);
#1877=VECTOR('',#5896,1.);
#1878=VECTOR('',#5901,1.);
#1879=VECTOR('',#5902,1.);
#1880=VECTOR('',#5905,1.);
#1881=VECTOR('',#5906,1.);
#1882=VECTOR('',#5907,1.);
#1883=VECTOR('',#5910,1.);
#1884=VECTOR('',#5911,1.);
#1885=VECTOR('',#5912,1.);
#1886=VECTOR('',#5915,1.);
#1887=VECTOR('',#5916,1.);
#1888=VECTOR('',#5917,1.);
#1889=VECTOR('',#5918,1.);
#1890=VECTOR('',#5921,1.);
#1891=VECTOR('',#5922,1.);
#1892=VECTOR('',#5923,1.);
#1893=VECTOR('',#5926,1.);
#1894=VECTOR('',#5927,1.);
#1895=VECTOR('',#5928,1.);
#1896=VECTOR('',#5931,1.);
#1897=VECTOR('',#5932,1.);
#1898=VECTOR('',#5933,1.);
#1899=VECTOR('',#5936,1.);
#1900=VECTOR('',#5937,1.);
#1901=VECTOR('',#5938,1.);
#1902=VECTOR('',#5941,1.);
#1903=VECTOR('',#5942,1.);
#1904=VECTOR('',#5947,1.);
#1905=VECTOR('',#5948,1.);
#1906=VECTOR('',#5951,1.);
#1907=VECTOR('',#5952,1.);
#1908=VECTOR('',#5953,1.);
#1909=VECTOR('',#5956,1.);
#1910=VECTOR('',#5957,1.);
#1911=VECTOR('',#5958,1.);
#1912=VECTOR('',#5961,1.);
#1913=VECTOR('',#5962,1.);
#1914=VECTOR('',#5963,1.);
#1915=VECTOR('',#5964,1.);
#1916=VECTOR('',#5967,1.);
#1917=VECTOR('',#5968,1.);
#1918=VECTOR('',#5969,1.);
#1919=VECTOR('',#5972,1.);
#1920=VECTOR('',#5973,1.);
#1921=VECTOR('',#5974,1.);
#1922=VECTOR('',#5977,1.);
#1923=VECTOR('',#5978,1.);
#1924=VECTOR('',#5979,1.);
#1925=VECTOR('',#5982,1.);
#1926=VECTOR('',#5983,1.);
#1927=VECTOR('',#5984,1.);
#1928=VECTOR('',#5987,1.);
#1929=VECTOR('',#5988,1.);
#1930=VECTOR('',#5995,1.);
#1931=VECTOR('',#5996,1.);
#1932=VECTOR('',#5997,1.);
#1933=VECTOR('',#5998,1.);
#1934=VECTOR('',#6001,1.);
#1935=VECTOR('',#6002,1.);
#1936=VECTOR('',#6003,1.);
#1937=VECTOR('',#6006,1.);
#1938=VECTOR('',#6007,1.);
#1939=VECTOR('',#6008,1.);
#1940=VECTOR('',#6015,1.);
#1941=VECTOR('',#6018,1.);
#1942=VECTOR('',#6019,1.);
#1943=VECTOR('',#6020,1.);
#1944=VECTOR('',#6023,1.);
#1945=VECTOR('',#6024,1.);
#1946=VECTOR('',#6025,1.);
#1947=VECTOR('',#6028,1.);
#1948=VECTOR('',#6029,1.);
#1949=VECTOR('',#6030,1.);
#1950=VECTOR('',#6043,1.);
#1951=VECTOR('',#6044,1.);
#1952=VECTOR('',#6045,1.);
#1953=VECTOR('',#6046,1.);
#1954=VECTOR('',#6049,1.);
#1955=VECTOR('',#6050,1.);
#1956=VECTOR('',#6051,1.);
#1957=VECTOR('',#6054,1.);
#1958=VECTOR('',#6055,1.);
#1959=VECTOR('',#6056,1.);
#1960=VECTOR('',#6063,1.);
#1961=VECTOR('',#6066,1.);
#1962=VECTOR('',#6067,1.);
#1963=VECTOR('',#6068,1.);
#1964=VECTOR('',#6071,1.);
#1965=VECTOR('',#6072,1.);
#1966=VECTOR('',#6073,1.);
#1967=VECTOR('',#6076,1.);
#1968=VECTOR('',#6077,1.);
#1969=VECTOR('',#6078,1.);
#1970=VECTOR('',#6091,1.);
#1971=VECTOR('',#6092,1.);
#1972=VECTOR('',#6093,1.);
#1973=VECTOR('',#6094,1.);
#1974=VECTOR('',#6097,1.);
#1975=VECTOR('',#6098,1.);
#1976=VECTOR('',#6099,1.);
#1977=VECTOR('',#6102,1.);
#1978=VECTOR('',#6103,1.);
#1979=VECTOR('',#6104,1.);
#1980=VECTOR('',#6111,1.);
#1981=VECTOR('',#6114,1.);
#1982=VECTOR('',#6115,1.);
#1983=VECTOR('',#6116,1.);
#1984=VECTOR('',#6119,1.);
#1985=VECTOR('',#6120,1.);
#1986=VECTOR('',#6121,1.);
#1987=VECTOR('',#6124,1.);
#1988=VECTOR('',#6125,1.);
#1989=VECTOR('',#6126,1.);
#1990=VERTEX_POINT('',#6139);
#1991=VERTEX_POINT('',#6140);
#1992=VERTEX_POINT('',#6142);
#1993=VERTEX_POINT('',#6144);
#1994=VERTEX_POINT('',#6148);
#1995=VERTEX_POINT('',#6150);
#1996=VERTEX_POINT('',#6154);
#1997=VERTEX_POINT('',#6156);
#1998=VERTEX_POINT('',#6163);
#1999=VERTEX_POINT('',#6165);
#2000=VERTEX_POINT('',#6169);
#2001=VERTEX_POINT('',#6173);
#2002=VERTEX_POINT('',#6176);
#2003=VERTEX_POINT('',#6180);
#2004=VERTEX_POINT('',#6182);
#2005=VERTEX_POINT('',#6186);
#2006=VERTEX_POINT('',#6190);
#2007=VERTEX_POINT('',#6194);
#2008=VERTEX_POINT('',#6203);
#2009=VERTEX_POINT('',#6205);
#2010=VERTEX_POINT('',#6210);
#2011=VERTEX_POINT('',#6211);
#2012=VERTEX_POINT('',#6213);
#2013=VERTEX_POINT('',#6215);
#2014=VERTEX_POINT('',#6219);
#2015=VERTEX_POINT('',#6221);
#2016=VERTEX_POINT('',#6225);
#2017=VERTEX_POINT('',#6227);
#2018=VERTEX_POINT('',#6231);
#2019=VERTEX_POINT('',#6233);
#2020=VERTEX_POINT('',#6237);
#2021=VERTEX_POINT('',#6239);
#2022=VERTEX_POINT('',#6243);
#2023=VERTEX_POINT('',#6245);
#2024=VERTEX_POINT('',#6249);
#2025=VERTEX_POINT('',#6251);
#2026=VERTEX_POINT('',#6255);
#2027=VERTEX_POINT('',#6257);
#2028=VERTEX_POINT('',#6261);
#2029=VERTEX_POINT('',#6263);
#2030=VERTEX_POINT('',#6267);
#2031=VERTEX_POINT('',#6269);
#2032=VERTEX_POINT('',#6273);
#2033=VERTEX_POINT('',#6275);
#2034=VERTEX_POINT('',#6279);
#2035=VERTEX_POINT('',#6281);
#2036=VERTEX_POINT('',#6285);
#2037=VERTEX_POINT('',#6287);
#2038=VERTEX_POINT('',#6291);
#2039=VERTEX_POINT('',#6293);
#2040=VERTEX_POINT('',#6297);
#2041=VERTEX_POINT('',#6299);
#2042=VERTEX_POINT('',#6303);
#2043=VERTEX_POINT('',#6305);
#2044=VERTEX_POINT('',#6309);
#2045=VERTEX_POINT('',#6311);
#2046=VERTEX_POINT('',#6315);
#2047=VERTEX_POINT('',#6317);
#2048=VERTEX_POINT('',#6321);
#2049=VERTEX_POINT('',#6323);
#2050=VERTEX_POINT('',#6327);
#2051=VERTEX_POINT('',#6329);
#2052=VERTEX_POINT('',#6333);
#2053=VERTEX_POINT('',#6335);
#2054=VERTEX_POINT('',#6339);
#2055=VERTEX_POINT('',#6341);
#2056=VERTEX_POINT('',#6345);
#2057=VERTEX_POINT('',#6347);
#2058=VERTEX_POINT('',#6351);
#2059=VERTEX_POINT('',#6353);
#2060=VERTEX_POINT('',#6357);
#2061=VERTEX_POINT('',#6359);
#2062=VERTEX_POINT('',#6363);
#2063=VERTEX_POINT('',#6365);
#2064=VERTEX_POINT('',#6369);
#2065=VERTEX_POINT('',#6371);
#2066=VERTEX_POINT('',#6375);
#2067=VERTEX_POINT('',#6377);
#2068=VERTEX_POINT('',#6381);
#2069=VERTEX_POINT('',#6383);
#2070=VERTEX_POINT('',#6387);
#2071=VERTEX_POINT('',#6389);
#2072=VERTEX_POINT('',#6393);
#2073=VERTEX_POINT('',#6395);
#2074=VERTEX_POINT('',#6399);
#2075=VERTEX_POINT('',#6401);
#2076=VERTEX_POINT('',#6405);
#2077=VERTEX_POINT('',#6407);
#2078=VERTEX_POINT('',#6411);
#2079=VERTEX_POINT('',#6413);
#2080=VERTEX_POINT('',#6417);
#2081=VERTEX_POINT('',#6419);
#2082=VERTEX_POINT('',#6423);
#2083=VERTEX_POINT('',#6425);
#2084=VERTEX_POINT('',#6429);
#2085=VERTEX_POINT('',#6431);
#2086=VERTEX_POINT('',#6435);
#2087=VERTEX_POINT('',#6437);
#2088=VERTEX_POINT('',#6441);
#2089=VERTEX_POINT('',#6443);
#2090=VERTEX_POINT('',#6447);
#2091=VERTEX_POINT('',#6449);
#2092=VERTEX_POINT('',#6453);
#2093=VERTEX_POINT('',#6455);
#2094=VERTEX_POINT('',#6464);
#2095=VERTEX_POINT('',#6465);
#2096=VERTEX_POINT('',#6467);
#2097=VERTEX_POINT('',#6469);
#2098=VERTEX_POINT('',#6473);
#2099=VERTEX_POINT('',#6475);
#2100=VERTEX_POINT('',#6479);
#2101=VERTEX_POINT('',#6481);
#2102=VERTEX_POINT('',#6485);
#2103=VERTEX_POINT('',#6487);
#2104=VERTEX_POINT('',#6491);
#2105=VERTEX_POINT('',#6493);
#2106=VERTEX_POINT('',#6497);
#2107=VERTEX_POINT('',#6499);
#2108=VERTEX_POINT('',#6503);
#2109=VERTEX_POINT('',#6505);
#2110=VERTEX_POINT('',#6509);
#2111=VERTEX_POINT('',#6511);
#2112=VERTEX_POINT('',#6515);
#2113=VERTEX_POINT('',#6517);
#2114=VERTEX_POINT('',#6521);
#2115=VERTEX_POINT('',#6523);
#2116=VERTEX_POINT('',#6527);
#2117=VERTEX_POINT('',#6529);
#2118=VERTEX_POINT('',#6533);
#2119=VERTEX_POINT('',#6535);
#2120=VERTEX_POINT('',#6539);
#2121=VERTEX_POINT('',#6541);
#2122=VERTEX_POINT('',#6545);
#2123=VERTEX_POINT('',#6547);
#2124=VERTEX_POINT('',#6551);
#2125=VERTEX_POINT('',#6553);
#2126=VERTEX_POINT('',#6557);
#2127=VERTEX_POINT('',#6559);
#2128=VERTEX_POINT('',#6563);
#2129=VERTEX_POINT('',#6565);
#2130=VERTEX_POINT('',#6569);
#2131=VERTEX_POINT('',#6571);
#2132=VERTEX_POINT('',#6575);
#2133=VERTEX_POINT('',#6577);
#2134=VERTEX_POINT('',#6581);
#2135=VERTEX_POINT('',#6583);
#2136=VERTEX_POINT('',#6587);
#2137=VERTEX_POINT('',#6589);
#2138=VERTEX_POINT('',#6593);
#2139=VERTEX_POINT('',#6595);
#2140=VERTEX_POINT('',#6599);
#2141=VERTEX_POINT('',#6601);
#2142=VERTEX_POINT('',#6605);
#2143=VERTEX_POINT('',#6607);
#2144=VERTEX_POINT('',#6611);
#2145=VERTEX_POINT('',#6613);
#2146=VERTEX_POINT('',#6617);
#2147=VERTEX_POINT('',#6619);
#2148=VERTEX_POINT('',#6623);
#2149=VERTEX_POINT('',#6625);
#2150=VERTEX_POINT('',#6629);
#2151=VERTEX_POINT('',#6631);
#2152=VERTEX_POINT('',#6635);
#2153=VERTEX_POINT('',#6637);
#2154=VERTEX_POINT('',#6641);
#2155=VERTEX_POINT('',#6643);
#2156=VERTEX_POINT('',#6647);
#2157=VERTEX_POINT('',#6649);
#2158=VERTEX_POINT('',#6653);
#2159=VERTEX_POINT('',#6655);
#2160=VERTEX_POINT('',#6659);
#2161=VERTEX_POINT('',#6661);
#2162=VERTEX_POINT('',#6665);
#2163=VERTEX_POINT('',#6667);
#2164=VERTEX_POINT('',#6671);
#2165=VERTEX_POINT('',#6673);
#2166=VERTEX_POINT('',#6677);
#2167=VERTEX_POINT('',#6679);
#2168=VERTEX_POINT('',#6683);
#2169=VERTEX_POINT('',#6685);
#2170=VERTEX_POINT('',#6689);
#2171=VERTEX_POINT('',#6691);
#2172=VERTEX_POINT('',#6695);
#2173=VERTEX_POINT('',#6697);
#2174=VERTEX_POINT('',#6701);
#2175=VERTEX_POINT('',#6703);
#2176=VERTEX_POINT('',#6707);
#2177=VERTEX_POINT('',#6709);
#2178=VERTEX_POINT('',#6718);
#2179=VERTEX_POINT('',#6719);
#2180=VERTEX_POINT('',#6721);
#2181=VERTEX_POINT('',#6723);
#2182=VERTEX_POINT('',#6727);
#2183=VERTEX_POINT('',#6729);
#2184=VERTEX_POINT('',#6733);
#2185=VERTEX_POINT('',#6735);
#2186=VERTEX_POINT('',#6739);
#2187=VERTEX_POINT('',#6741);
#2188=VERTEX_POINT('',#6745);
#2189=VERTEX_POINT('',#6747);
#2190=VERTEX_POINT('',#6751);
#2191=VERTEX_POINT('',#6753);
#2192=VERTEX_POINT('',#6757);
#2193=VERTEX_POINT('',#6759);
#2194=VERTEX_POINT('',#6768);
#2195=VERTEX_POINT('',#6769);
#2196=VERTEX_POINT('',#6771);
#2197=VERTEX_POINT('',#6773);
#2198=VERTEX_POINT('',#6777);
#2199=VERTEX_POINT('',#6779);
#2200=VERTEX_POINT('',#6783);
#2201=VERTEX_POINT('',#6785);
#2202=VERTEX_POINT('',#6794);
#2203=VERTEX_POINT('',#6795);
#2204=VERTEX_POINT('',#6797);
#2205=VERTEX_POINT('',#6799);
#2206=VERTEX_POINT('',#6803);
#2207=VERTEX_POINT('',#6805);
#2208=VERTEX_POINT('',#6809);
#2209=VERTEX_POINT('',#6811);
#2210=VERTEX_POINT('',#6820);
#2211=VERTEX_POINT('',#6821);
#2212=VERTEX_POINT('',#6823);
#2213=VERTEX_POINT('',#6825);
#2214=VERTEX_POINT('',#6829);
#2215=VERTEX_POINT('',#6831);
#2216=VERTEX_POINT('',#6835);
#2217=VERTEX_POINT('',#6837);
#2218=VERTEX_POINT('',#6846);
#2219=VERTEX_POINT('',#6847);
#2220=VERTEX_POINT('',#6849);
#2221=VERTEX_POINT('',#6851);
#2222=VERTEX_POINT('',#6866);
#2223=VERTEX_POINT('',#6873);
#2224=VERTEX_POINT('',#6882);
#2225=VERTEX_POINT('',#6884);
#2226=VERTEX_POINT('',#6888);
#2227=VERTEX_POINT('',#6890);
#2228=VERTEX_POINT('',#6894);
#2229=VERTEX_POINT('',#6896);
#2230=VERTEX_POINT('',#6900);
#2231=VERTEX_POINT('',#6902);
#2232=VERTEX_POINT('',#6906);
#2233=VERTEX_POINT('',#6908);
#2234=VERTEX_POINT('',#6923);
#2235=VERTEX_POINT('',#6930);
#2236=VERTEX_POINT('',#6939);
#2237=VERTEX_POINT('',#6941);
#2238=VERTEX_POINT('',#6950);
#2239=VERTEX_POINT('',#6951);
#2240=VERTEX_POINT('',#6953);
#2241=VERTEX_POINT('',#6955);
#2242=VERTEX_POINT('',#6959);
#2243=VERTEX_POINT('',#6961);
#2244=VERTEX_POINT('',#6965);
#2245=VERTEX_POINT('',#6967);
#2246=VERTEX_POINT('',#6986);
#2247=VERTEX_POINT('',#6995);
#2248=VERTEX_POINT('',#7006);
#2249=VERTEX_POINT('',#7008);
#2250=VERTEX_POINT('',#7027);
#2251=VERTEX_POINT('',#7036);
#2252=VERTEX_POINT('',#7047);
#2253=VERTEX_POINT('',#7049);
#2254=VERTEX_POINT('',#7053);
#2255=VERTEX_POINT('',#7055);
#2256=VERTEX_POINT('',#7059);
#2257=VERTEX_POINT('',#7061);
#2258=VERTEX_POINT('',#7070);
#2259=VERTEX_POINT('',#7072);
#2260=VERTEX_POINT('',#7077);
#2261=VERTEX_POINT('',#7078);
#2262=VERTEX_POINT('',#7080);
#2263=VERTEX_POINT('',#7082);
#2264=VERTEX_POINT('',#7086);
#2265=VERTEX_POINT('',#7088);
#2266=VERTEX_POINT('',#7092);
#2267=VERTEX_POINT('',#7094);
#2268=VERTEX_POINT('',#7098);
#2269=VERTEX_POINT('',#7100);
#2270=VERTEX_POINT('',#7104);
#2271=VERTEX_POINT('',#7106);
#2272=VERTEX_POINT('',#7110);
#2273=VERTEX_POINT('',#7112);
#2274=VERTEX_POINT('',#7116);
#2275=VERTEX_POINT('',#7118);
#2276=VERTEX_POINT('',#7129);
#2277=VERTEX_POINT('',#7134);
#2278=VERTEX_POINT('',#7141);
#2279=VERTEX_POINT('',#7143);
#2280=VERTEX_POINT('',#7154);
#2281=VERTEX_POINT('',#7159);
#2282=VERTEX_POINT('',#7166);
#2283=VERTEX_POINT('',#7168);
#2284=VERTEX_POINT('',#7172);
#2285=VERTEX_POINT('',#7174);
#2286=VERTEX_POINT('',#7178);
#2287=VERTEX_POINT('',#7180);
#2288=VERTEX_POINT('',#7189);
#2289=VERTEX_POINT('',#7191);
#2290=VERTEX_POINT('',#7196);
#2291=VERTEX_POINT('',#7197);
#2292=VERTEX_POINT('',#7199);
#2293=VERTEX_POINT('',#7201);
#2294=VERTEX_POINT('',#7216);
#2295=VERTEX_POINT('',#7223);
#2296=VERTEX_POINT('',#7232);
#2297=VERTEX_POINT('',#7234);
#2298=VERTEX_POINT('',#7256);
#2299=VERTEX_POINT('',#7257);
#2300=VERTEX_POINT('',#7266);
#2301=VERTEX_POINT('',#7268);
#2302=VERTEX_POINT('',#7279);
#2303=VERTEX_POINT('',#7281);
#2304=VERTEX_POINT('',#7300);
#2305=VERTEX_POINT('',#7309);
#2306=VERTEX_POINT('',#7320);
#2307=VERTEX_POINT('',#7322);
#2308=VERTEX_POINT('',#7326);
#2309=VERTEX_POINT('',#7328);
#2310=VERTEX_POINT('',#7332);
#2311=VERTEX_POINT('',#7334);
#2312=VERTEX_POINT('',#7349);
#2313=VERTEX_POINT('',#7356);
#2314=VERTEX_POINT('',#7381);
#2315=VERTEX_POINT('',#7382);
#2316=VERTEX_POINT('',#7389);
#2317=VERTEX_POINT('',#7391);
#2318=VERTEX_POINT('',#7400);
#2319=VERTEX_POINT('',#7402);
#2320=VERTEX_POINT('',#7417);
#2321=VERTEX_POINT('',#7424);
#2322=VERTEX_POINT('',#7449);
#2323=VERTEX_POINT('',#7450);
#2324=VERTEX_POINT('',#7458);
#2325=VERTEX_POINT('',#7460);
#2326=VERTEX_POINT('',#7470);
#2327=VERTEX_POINT('',#7472);
#2328=VERTEX_POINT('',#7491);
#2329=VERTEX_POINT('',#7500);
#2330=VERTEX_POINT('',#7527);
#2331=VERTEX_POINT('',#7528);
#2332=VERTEX_POINT('',#7535);
#2333=VERTEX_POINT('',#7537);
#2334=VERTEX_POINT('',#7546);
#2335=VERTEX_POINT('',#7548);
#2336=VERTEX_POINT('',#7552);
#2337=VERTEX_POINT('',#7554);
#2338=VERTEX_POINT('',#7558);
#2339=VERTEX_POINT('',#7560);
#2340=VERTEX_POINT('',#7575);
#2341=VERTEX_POINT('',#7582);
#2342=VERTEX_POINT('',#7591);
#2343=VERTEX_POINT('',#7593);
#2344=VERTEX_POINT('',#7597);
#2345=VERTEX_POINT('',#7599);
#2346=VERTEX_POINT('',#7603);
#2347=VERTEX_POINT('',#7605);
#2348=VERTEX_POINT('',#7609);
#2349=VERTEX_POINT('',#7611);
#2350=VERTEX_POINT('',#7631);
#2351=VERTEX_POINT('',#7632);
#2352=VERTEX_POINT('',#7639);
#2353=VERTEX_POINT('',#7641);
#2354=VERTEX_POINT('',#7650);
#2355=VERTEX_POINT('',#7652);
#2356=VERTEX_POINT('',#7656);
#2357=VERTEX_POINT('',#7658);
#2358=VERTEX_POINT('',#7662);
#2359=VERTEX_POINT('',#7664);
#2360=VERTEX_POINT('',#7679);
#2361=VERTEX_POINT('',#7686);
#2362=VERTEX_POINT('',#7695);
#2363=VERTEX_POINT('',#7697);
#2364=VERTEX_POINT('',#7701);
#2365=VERTEX_POINT('',#7703);
#2366=VERTEX_POINT('',#7707);
#2367=VERTEX_POINT('',#7709);
#2368=VERTEX_POINT('',#7713);
#2369=VERTEX_POINT('',#7715);
#2370=VERTEX_POINT('',#7724);
#2371=VERTEX_POINT('',#7725);
#2372=VERTEX_POINT('',#7727);
#2373=VERTEX_POINT('',#7729);
#2374=VERTEX_POINT('',#7733);
#2375=VERTEX_POINT('',#7735);
#2376=VERTEX_POINT('',#7739);
#2377=VERTEX_POINT('',#7741);
#2378=VERTEX_POINT('',#7745);
#2379=VERTEX_POINT('',#7747);
#2380=VERTEX_POINT('',#7751);
#2381=VERTEX_POINT('',#7753);
#2382=VERTEX_POINT('',#7757);
#2383=VERTEX_POINT('',#7759);
#2384=VERTEX_POINT('',#7763);
#2385=VERTEX_POINT('',#7765);
#2386=VERTEX_POINT('',#7774);
#2387=VERTEX_POINT('',#7775);
#2388=VERTEX_POINT('',#7777);
#2389=VERTEX_POINT('',#7779);
#2390=VERTEX_POINT('',#7783);
#2391=VERTEX_POINT('',#7785);
#2392=VERTEX_POINT('',#7789);
#2393=VERTEX_POINT('',#7791);
#2394=VERTEX_POINT('',#7795);
#2395=VERTEX_POINT('',#7797);
#2396=VERTEX_POINT('',#7801);
#2397=VERTEX_POINT('',#7803);
#2398=VERTEX_POINT('',#7807);
#2399=VERTEX_POINT('',#7809);
#2400=VERTEX_POINT('',#7813);
#2401=VERTEX_POINT('',#7815);
#2402=VERTEX_POINT('',#7824);
#2403=VERTEX_POINT('',#7825);
#2404=VERTEX_POINT('',#7827);
#2405=VERTEX_POINT('',#7829);
#2406=VERTEX_POINT('',#7833);
#2407=VERTEX_POINT('',#7835);
#2408=VERTEX_POINT('',#7839);
#2409=VERTEX_POINT('',#7841);
#2410=VERTEX_POINT('',#7845);
#2411=VERTEX_POINT('',#7847);
#2412=VERTEX_POINT('',#7851);
#2413=VERTEX_POINT('',#7853);
#2414=VERTEX_POINT('',#7857);
#2415=VERTEX_POINT('',#7859);
#2416=VERTEX_POINT('',#7863);
#2417=VERTEX_POINT('',#7865);
#2418=EDGE_CURVE('',#1990,#1991,#922,.T.);
#2419=EDGE_CURVE('',#1991,#1992,#918,.T.);
#2420=EDGE_CURVE('',#1992,#1993,#923,.T.);
#2421=EDGE_CURVE('',#1990,#1993,#919,.T.);
#2422=EDGE_CURVE('',#1991,#1994,#924,.T.);
#2423=EDGE_CURVE('',#1994,#1995,#920,.T.);
#2424=EDGE_CURVE('',#1995,#1992,#925,.T.);
#2425=EDGE_CURVE('',#1994,#1996,#926,.T.);
#2426=EDGE_CURVE('',#1996,#1997,#921,.T.);
#2427=EDGE_CURVE('',#1997,#1995,#927,.T.);
#2428=EDGE_CURVE('',#1993,#1997,#928,.T.);
#2429=EDGE_CURVE('',#1996,#1990,#929,.T.);
#2430=EDGE_CURVE('',#1993,#1998,#930,.T.);
#2431=EDGE_CURVE('',#1999,#1998,#931,.T.);
#2432=EDGE_CURVE('',#1999,#1997,#932,.T.);
#2433=EDGE_CURVE('',#2000,#1992,#933,.T.);
#2434=EDGE_CURVE('',#1998,#2000,#934,.T.);
#2435=EDGE_CURVE('',#2001,#2001,#120,.T.);
#2436=EDGE_CURVE('',#2002,#2002,#121,.T.);
#2437=EDGE_CURVE('',#1998,#2003,#935,.T.);
#2438=EDGE_CURVE('',#2004,#2000,#936,.T.);
#2439=EDGE_CURVE('',#2003,#2004,#937,.T.);
#2440=EDGE_CURVE('',#2005,#2003,#938,.T.);
#2441=EDGE_CURVE('',#2005,#1999,#939,.T.);
#2442=EDGE_CURVE('',#1999,#2006,#940,.T.);
#2443=EDGE_CURVE('',#1995,#2006,#941,.T.);
#2444=EDGE_CURVE('',#2006,#2007,#942,.T.);
#2445=EDGE_CURVE('',#2007,#2005,#943,.T.);
#2446=EDGE_CURVE('',#2006,#2000,#944,.T.);
#2447=EDGE_CURVE('',#2004,#2007,#945,.T.);
#2448=EDGE_CURVE('',#2008,#2008,#122,.T.);
#2449=EDGE_CURVE('',#2009,#2009,#123,.T.);
#2450=EDGE_CURVE('',#2010,#2011,#946,.T.);
#2451=EDGE_CURVE('',#2011,#2012,#947,.T.);
#2452=EDGE_CURVE('',#2013,#2012,#948,.T.);
#2453=EDGE_CURVE('',#2010,#2013,#949,.T.);
#2454=EDGE_CURVE('',#2014,#2010,#950,.T.);
#2455=EDGE_CURVE('',#2015,#2013,#951,.T.);
#2456=EDGE_CURVE('',#2014,#2015,#952,.T.);
#2457=EDGE_CURVE('',#2016,#2014,#953,.T.);
#2458=EDGE_CURVE('',#2017,#2015,#954,.T.);
#2459=EDGE_CURVE('',#2016,#2017,#955,.T.);
#2460=EDGE_CURVE('',#2018,#2016,#956,.T.);
#2461=EDGE_CURVE('',#2019,#2017,#957,.T.);
#2462=EDGE_CURVE('',#2018,#2019,#958,.T.);
#2463=EDGE_CURVE('',#2020,#2018,#959,.T.);
#2464=EDGE_CURVE('',#2021,#2019,#960,.T.);
#2465=EDGE_CURVE('',#2020,#2021,#961,.T.);
#2466=EDGE_CURVE('',#2022,#2020,#962,.T.);
#2467=EDGE_CURVE('',#2023,#2021,#963,.T.);
#2468=EDGE_CURVE('',#2022,#2023,#964,.T.);
#2469=EDGE_CURVE('',#2024,#2022,#965,.T.);
#2470=EDGE_CURVE('',#2025,#2023,#966,.T.);
#2471=EDGE_CURVE('',#2024,#2025,#967,.T.);
#2472=EDGE_CURVE('',#2026,#2024,#968,.T.);
#2473=EDGE_CURVE('',#2027,#2025,#969,.T.);
#2474=EDGE_CURVE('',#2026,#2027,#970,.T.);
#2475=EDGE_CURVE('',#2028,#2026,#971,.T.);
#2476=EDGE_CURVE('',#2029,#2027,#972,.T.);
#2477=EDGE_CURVE('',#2028,#2029,#973,.T.);
#2478=EDGE_CURVE('',#2030,#2028,#974,.T.);
#2479=EDGE_CURVE('',#2031,#2029,#975,.T.);
#2480=EDGE_CURVE('',#2030,#2031,#976,.T.);
#2481=EDGE_CURVE('',#2032,#2030,#977,.T.);
#2482=EDGE_CURVE('',#2033,#2031,#978,.T.);
#2483=EDGE_CURVE('',#2032,#2033,#979,.T.);
#2484=EDGE_CURVE('',#2034,#2032,#980,.T.);
#2485=EDGE_CURVE('',#2035,#2033,#981,.T.);
#2486=EDGE_CURVE('',#2034,#2035,#982,.T.);
#2487=EDGE_CURVE('',#2036,#2034,#983,.T.);
#2488=EDGE_CURVE('',#2037,#2035,#984,.T.);
#2489=EDGE_CURVE('',#2036,#2037,#985,.T.);
#2490=EDGE_CURVE('',#2038,#2036,#986,.T.);
#2491=EDGE_CURVE('',#2039,#2037,#987,.T.);
#2492=EDGE_CURVE('',#2038,#2039,#988,.T.);
#2493=EDGE_CURVE('',#2040,#2038,#989,.T.);
#2494=EDGE_CURVE('',#2041,#2039,#990,.T.);
#2495=EDGE_CURVE('',#2040,#2041,#991,.T.);
#2496=EDGE_CURVE('',#2042,#2040,#124,.T.);
#2497=EDGE_CURVE('',#2043,#2041,#125,.T.);
#2498=EDGE_CURVE('',#2042,#2043,#992,.T.);
#2499=EDGE_CURVE('',#2044,#2042,#126,.T.);
#2500=EDGE_CURVE('',#2045,#2043,#127,.T.);
#2501=EDGE_CURVE('',#2044,#2045,#993,.T.);
#2502=EDGE_CURVE('',#2046,#2044,#994,.T.);
#2503=EDGE_CURVE('',#2047,#2045,#995,.T.);
#2504=EDGE_CURVE('',#2046,#2047,#996,.T.);
#2505=EDGE_CURVE('',#2048,#2046,#128,.T.);
#2506=EDGE_CURVE('',#2049,#2047,#129,.T.);
#2507=EDGE_CURVE('',#2048,#2049,#997,.T.);
#2508=EDGE_CURVE('',#2050,#2048,#998,.T.);
#2509=EDGE_CURVE('',#2051,#2049,#999,.T.);
#2510=EDGE_CURVE('',#2050,#2051,#1000,.T.);
#2511=EDGE_CURVE('',#2052,#2050,#1001,.T.);
#2512=EDGE_CURVE('',#2053,#2051,#1002,.T.);
#2513=EDGE_CURVE('',#2052,#2053,#1003,.T.);
#2514=EDGE_CURVE('',#2054,#2052,#1004,.T.);
#2515=EDGE_CURVE('',#2055,#2053,#1005,.T.);
#2516=EDGE_CURVE('',#2054,#2055,#1006,.T.);
#2517=EDGE_CURVE('',#2056,#2054,#130,.T.);
#2518=EDGE_CURVE('',#2057,#2055,#131,.T.);
#2519=EDGE_CURVE('',#2056,#2057,#1007,.T.);
#2520=EDGE_CURVE('',#2058,#2056,#1008,.T.);
#2521=EDGE_CURVE('',#2059,#2057,#1009,.T.);
#2522=EDGE_CURVE('',#2058,#2059,#1010,.T.);
#2523=EDGE_CURVE('',#2060,#2058,#132,.T.);
#2524=EDGE_CURVE('',#2061,#2059,#133,.T.);
#2525=EDGE_CURVE('',#2060,#2061,#1011,.T.);
#2526=EDGE_CURVE('',#2062,#2060,#1012,.T.);
#2527=EDGE_CURVE('',#2063,#2061,#1013,.T.);
#2528=EDGE_CURVE('',#2062,#2063,#1014,.T.);
#2529=EDGE_CURVE('',#2064,#2062,#1015,.T.);
#2530=EDGE_CURVE('',#2065,#2063,#1016,.T.);
#2531=EDGE_CURVE('',#2064,#2065,#1017,.T.);
#2532=EDGE_CURVE('',#2066,#2064,#1018,.T.);
#2533=EDGE_CURVE('',#2067,#2065,#1019,.T.);
#2534=EDGE_CURVE('',#2066,#2067,#1020,.T.);
#2535=EDGE_CURVE('',#2068,#2066,#1021,.T.);
#2536=EDGE_CURVE('',#2069,#2067,#1022,.T.);
#2537=EDGE_CURVE('',#2068,#2069,#1023,.T.);
#2538=EDGE_CURVE('',#2070,#2068,#1024,.T.);
#2539=EDGE_CURVE('',#2071,#2069,#1025,.T.);
#2540=EDGE_CURVE('',#2070,#2071,#1026,.T.);
#2541=EDGE_CURVE('',#2072,#2070,#134,.T.);
#2542=EDGE_CURVE('',#2073,#2071,#135,.T.);
#2543=EDGE_CURVE('',#2072,#2073,#1027,.T.);
#2544=EDGE_CURVE('',#2074,#2072,#1028,.T.);
#2545=EDGE_CURVE('',#2075,#2073,#1029,.T.);
#2546=EDGE_CURVE('',#2074,#2075,#1030,.T.);
#2547=EDGE_CURVE('',#2076,#2074,#136,.T.);
#2548=EDGE_CURVE('',#2077,#2075,#137,.T.);
#2549=EDGE_CURVE('',#2076,#2077,#1031,.T.);
#2550=EDGE_CURVE('',#2078,#2076,#1032,.T.);
#2551=EDGE_CURVE('',#2079,#2077,#1033,.T.);
#2552=EDGE_CURVE('',#2078,#2079,#1034,.T.);
#2553=EDGE_CURVE('',#2080,#2078,#1035,.T.);
#2554=EDGE_CURVE('',#2081,#2079,#1036,.T.);
#2555=EDGE_CURVE('',#2080,#2081,#1037,.T.);
#2556=EDGE_CURVE('',#2082,#2080,#1038,.T.);
#2557=EDGE_CURVE('',#2083,#2081,#1039,.T.);
#2558=EDGE_CURVE('',#2082,#2083,#1040,.T.);
#2559=EDGE_CURVE('',#2084,#2082,#138,.T.);
#2560=EDGE_CURVE('',#2085,#2083,#139,.T.);
#2561=EDGE_CURVE('',#2084,#2085,#1041,.T.);
#2562=EDGE_CURVE('',#2086,#2084,#1042,.T.);
#2563=EDGE_CURVE('',#2087,#2085,#1043,.T.);
#2564=EDGE_CURVE('',#2086,#2087,#1044,.T.);
#2565=EDGE_CURVE('',#2088,#2086,#140,.T.);
#2566=EDGE_CURVE('',#2089,#2087,#141,.T.);
#2567=EDGE_CURVE('',#2088,#2089,#1045,.T.);
#2568=EDGE_CURVE('',#2090,#2088,#142,.T.);
#2569=EDGE_CURVE('',#2091,#2089,#143,.T.);
#2570=EDGE_CURVE('',#2090,#2091,#1046,.T.);
#2571=EDGE_CURVE('',#2092,#2090,#1047,.T.);
#2572=EDGE_CURVE('',#2093,#2091,#1048,.T.);
#2573=EDGE_CURVE('',#2092,#2093,#1049,.T.);
#2574=EDGE_CURVE('',#2011,#2092,#1050,.T.);
#2575=EDGE_CURVE('',#2012,#2093,#1051,.T.);
#2576=EDGE_CURVE('',#2094,#2095,#1052,.T.);
#2577=EDGE_CURVE('',#2094,#2096,#1053,.T.);
#2578=EDGE_CURVE('',#2097,#2096,#1054,.T.);
#2579=EDGE_CURVE('',#2095,#2097,#1055,.T.);
#2580=EDGE_CURVE('',#2095,#2098,#144,.T.);
#2581=EDGE_CURVE('',#2099,#2097,#145,.T.);
#2582=EDGE_CURVE('',#2098,#2099,#1056,.T.);
#2583=EDGE_CURVE('',#2098,#2100,#146,.T.);
#2584=EDGE_CURVE('',#2101,#2099,#147,.T.);
#2585=EDGE_CURVE('',#2100,#2101,#1057,.T.);
#2586=EDGE_CURVE('',#2100,#2102,#1058,.T.);
#2587=EDGE_CURVE('',#2103,#2101,#1059,.T.);
#2588=EDGE_CURVE('',#2102,#2103,#1060,.T.);
#2589=EDGE_CURVE('',#2102,#2104,#148,.T.);
#2590=EDGE_CURVE('',#2105,#2103,#149,.T.);
#2591=EDGE_CURVE('',#2104,#2105,#1061,.T.);
#2592=EDGE_CURVE('',#2104,#2106,#1062,.T.);
#2593=EDGE_CURVE('',#2107,#2105,#1063,.T.);
#2594=EDGE_CURVE('',#2106,#2107,#1064,.T.);
#2595=EDGE_CURVE('',#2106,#2108,#1065,.T.);
#2596=EDGE_CURVE('',#2109,#2107,#1066,.T.);
#2597=EDGE_CURVE('',#2108,#2109,#1067,.T.);
#2598=EDGE_CURVE('',#2108,#2110,#1068,.T.);
#2599=EDGE_CURVE('',#2111,#2109,#1069,.T.);
#2600=EDGE_CURVE('',#2110,#2111,#1070,.T.);
#2601=EDGE_CURVE('',#2110,#2112,#150,.T.);
#2602=EDGE_CURVE('',#2113,#2111,#151,.T.);
#2603=EDGE_CURVE('',#2112,#2113,#1071,.T.);
#2604=EDGE_CURVE('',#2112,#2114,#1072,.T.);
#2605=EDGE_CURVE('',#2115,#2113,#1073,.T.);
#2606=EDGE_CURVE('',#2114,#2115,#1074,.T.);
#2607=EDGE_CURVE('',#2114,#2116,#152,.T.);
#2608=EDGE_CURVE('',#2117,#2115,#153,.T.);
#2609=EDGE_CURVE('',#2116,#2117,#1075,.T.);
#2610=EDGE_CURVE('',#2116,#2118,#1076,.T.);
#2611=EDGE_CURVE('',#2119,#2117,#1077,.T.);
#2612=EDGE_CURVE('',#2118,#2119,#1078,.T.);
#2613=EDGE_CURVE('',#2118,#2120,#1079,.T.);
#2614=EDGE_CURVE('',#2121,#2119,#1080,.T.);
#2615=EDGE_CURVE('',#2120,#2121,#1081,.T.);
#2616=EDGE_CURVE('',#2120,#2122,#1082,.T.);
#2617=EDGE_CURVE('',#2123,#2121,#1083,.T.);
#2618=EDGE_CURVE('',#2122,#2123,#1084,.T.);
#2619=EDGE_CURVE('',#2122,#2124,#1085,.T.);
#2620=EDGE_CURVE('',#2125,#2123,#1086,.T.);
#2621=EDGE_CURVE('',#2124,#2125,#1087,.T.);
#2622=EDGE_CURVE('',#2124,#2126,#1088,.T.);
#2623=EDGE_CURVE('',#2127,#2125,#1089,.T.);
#2624=EDGE_CURVE('',#2126,#2127,#1090,.T.);
#2625=EDGE_CURVE('',#2126,#2128,#154,.T.);
#2626=EDGE_CURVE('',#2129,#2127,#155,.T.);
#2627=EDGE_CURVE('',#2128,#2129,#1091,.T.);
#2628=EDGE_CURVE('',#2128,#2130,#1092,.T.);
#2629=EDGE_CURVE('',#2131,#2129,#1093,.T.);
#2630=EDGE_CURVE('',#2130,#2131,#1094,.T.);
#2631=EDGE_CURVE('',#2130,#2132,#156,.T.);
#2632=EDGE_CURVE('',#2133,#2131,#157,.T.);
#2633=EDGE_CURVE('',#2132,#2133,#1095,.T.);
#2634=EDGE_CURVE('',#2132,#2134,#1096,.T.);
#2635=EDGE_CURVE('',#2135,#2133,#1097,.T.);
#2636=EDGE_CURVE('',#2134,#2135,#1098,.T.);
#2637=EDGE_CURVE('',#2134,#2136,#1099,.T.);
#2638=EDGE_CURVE('',#2137,#2135,#1100,.T.);
#2639=EDGE_CURVE('',#2136,#2137,#1101,.T.);
#2640=EDGE_CURVE('',#2136,#2138,#1102,.T.);
#2641=EDGE_CURVE('',#2139,#2137,#1103,.T.);
#2642=EDGE_CURVE('',#2138,#2139,#1104,.T.);
#2643=EDGE_CURVE('',#2138,#2140,#158,.T.);
#2644=EDGE_CURVE('',#2141,#2139,#159,.T.);
#2645=EDGE_CURVE('',#2140,#2141,#1105,.T.);
#2646=EDGE_CURVE('',#2140,#2142,#1106,.T.);
#2647=EDGE_CURVE('',#2143,#2141,#1107,.T.);
#2648=EDGE_CURVE('',#2142,#2143,#1108,.T.);
#2649=EDGE_CURVE('',#2142,#2144,#160,.T.);
#2650=EDGE_CURVE('',#2145,#2143,#161,.T.);
#2651=EDGE_CURVE('',#2144,#2145,#1109,.T.);
#2652=EDGE_CURVE('',#2144,#2146,#162,.T.);
#2653=EDGE_CURVE('',#2147,#2145,#163,.T.);
#2654=EDGE_CURVE('',#2146,#2147,#1110,.T.);
#2655=EDGE_CURVE('',#2146,#2148,#1111,.T.);
#2656=EDGE_CURVE('',#2149,#2147,#1112,.T.);
#2657=EDGE_CURVE('',#2148,#2149,#1113,.T.);
#2658=EDGE_CURVE('',#2148,#2150,#1114,.T.);
#2659=EDGE_CURVE('',#2151,#2149,#1115,.T.);
#2660=EDGE_CURVE('',#2150,#2151,#1116,.T.);
#2661=EDGE_CURVE('',#2150,#2152,#1117,.T.);
#2662=EDGE_CURVE('',#2153,#2151,#1118,.T.);
#2663=EDGE_CURVE('',#2152,#2153,#1119,.T.);
#2664=EDGE_CURVE('',#2152,#2154,#1120,.T.);
#2665=EDGE_CURVE('',#2155,#2153,#1121,.T.);
#2666=EDGE_CURVE('',#2154,#2155,#1122,.T.);
#2667=EDGE_CURVE('',#2154,#2156,#1123,.T.);
#2668=EDGE_CURVE('',#2157,#2155,#1124,.T.);
#2669=EDGE_CURVE('',#2156,#2157,#1125,.T.);
#2670=EDGE_CURVE('',#2156,#2158,#1126,.T.);
#2671=EDGE_CURVE('',#2159,#2157,#1127,.T.);
#2672=EDGE_CURVE('',#2158,#2159,#1128,.T.);
#2673=EDGE_CURVE('',#2158,#2160,#1129,.T.);
#2674=EDGE_CURVE('',#2161,#2159,#1130,.T.);
#2675=EDGE_CURVE('',#2160,#2161,#1131,.T.);
#2676=EDGE_CURVE('',#2160,#2162,#1132,.T.);
#2677=EDGE_CURVE('',#2163,#2161,#1133,.T.);
#2678=EDGE_CURVE('',#2162,#2163,#1134,.T.);
#2679=EDGE_CURVE('',#2162,#2164,#1135,.T.);
#2680=EDGE_CURVE('',#2165,#2163,#1136,.T.);
#2681=EDGE_CURVE('',#2164,#2165,#1137,.T.);
#2682=EDGE_CURVE('',#2164,#2166,#1138,.T.);
#2683=EDGE_CURVE('',#2167,#2165,#1139,.T.);
#2684=EDGE_CURVE('',#2166,#2167,#1140,.T.);
#2685=EDGE_CURVE('',#2166,#2168,#1141,.T.);
#2686=EDGE_CURVE('',#2169,#2167,#1142,.T.);
#2687=EDGE_CURVE('',#2168,#2169,#1143,.T.);
#2688=EDGE_CURVE('',#2168,#2170,#1144,.T.);
#2689=EDGE_CURVE('',#2171,#2169,#1145,.T.);
#2690=EDGE_CURVE('',#2170,#2171,#1146,.T.);
#2691=EDGE_CURVE('',#2170,#2172,#1147,.T.);
#2692=EDGE_CURVE('',#2173,#2171,#1148,.T.);
#2693=EDGE_CURVE('',#2172,#2173,#1149,.T.);
#2694=EDGE_CURVE('',#2172,#2174,#1150,.T.);
#2695=EDGE_CURVE('',#2175,#2173,#1151,.T.);
#2696=EDGE_CURVE('',#2174,#2175,#1152,.T.);
#2697=EDGE_CURVE('',#2174,#2176,#1153,.T.);
#2698=EDGE_CURVE('',#2177,#2175,#1154,.T.);
#2699=EDGE_CURVE('',#2176,#2177,#1155,.T.);
#2700=EDGE_CURVE('',#2176,#2094,#1156,.T.);
#2701=EDGE_CURVE('',#2096,#2177,#1157,.T.);
#2702=EDGE_CURVE('',#2178,#2179,#1158,.T.);
#2703=EDGE_CURVE('',#2178,#2180,#1159,.T.);
#2704=EDGE_CURVE('',#2181,#2180,#1160,.T.);
#2705=EDGE_CURVE('',#2179,#2181,#1161,.T.);
#2706=EDGE_CURVE('',#2179,#2182,#1162,.T.);
#2707=EDGE_CURVE('',#2183,#2181,#1163,.T.);
#2708=EDGE_CURVE('',#2182,#2183,#1164,.T.);
#2709=EDGE_CURVE('',#2182,#2184,#1165,.T.);
#2710=EDGE_CURVE('',#2185,#2183,#1166,.T.);
#2711=EDGE_CURVE('',#2184,#2185,#1167,.T.);
#2712=EDGE_CURVE('',#2184,#2186,#164,.T.);
#2713=EDGE_CURVE('',#2187,#2185,#165,.T.);
#2714=EDGE_CURVE('',#2186,#2187,#1168,.T.);
#2715=EDGE_CURVE('',#2186,#2188,#1169,.T.);
#2716=EDGE_CURVE('',#2189,#2187,#1170,.T.);
#2717=EDGE_CURVE('',#2188,#2189,#1171,.T.);
#2718=EDGE_CURVE('',#2188,#2190,#1172,.T.);
#2719=EDGE_CURVE('',#2191,#2189,#1173,.T.);
#2720=EDGE_CURVE('',#2190,#2191,#1174,.T.);
#2721=EDGE_CURVE('',#2190,#2192,#1175,.T.);
#2722=EDGE_CURVE('',#2193,#2191,#1176,.T.);
#2723=EDGE_CURVE('',#2192,#2193,#1177,.T.);
#2724=EDGE_CURVE('',#2192,#2178,#166,.T.);
#2725=EDGE_CURVE('',#2180,#2193,#167,.T.);
#2726=EDGE_CURVE('',#2194,#2195,#1178,.T.);
#2727=EDGE_CURVE('',#2195,#2196,#1179,.T.);
#2728=EDGE_CURVE('',#2197,#2196,#1180,.T.);
#2729=EDGE_CURVE('',#2194,#2197,#1181,.T.);
#2730=EDGE_CURVE('',#2198,#2194,#1182,.T.);
#2731=EDGE_CURVE('',#2199,#2197,#1183,.T.);
#2732=EDGE_CURVE('',#2198,#2199,#1184,.T.);
#2733=EDGE_CURVE('',#2200,#2198,#1185,.T.);
#2734=EDGE_CURVE('',#2201,#2199,#1186,.T.);
#2735=EDGE_CURVE('',#2200,#2201,#1187,.T.);
#2736=EDGE_CURVE('',#2195,#2200,#1188,.T.);
#2737=EDGE_CURVE('',#2196,#2201,#1189,.T.);
#2738=EDGE_CURVE('',#2202,#2203,#1190,.T.);
#2739=EDGE_CURVE('',#2203,#2204,#1191,.T.);
#2740=EDGE_CURVE('',#2205,#2204,#1192,.T.);
#2741=EDGE_CURVE('',#2202,#2205,#1193,.T.);
#2742=EDGE_CURVE('',#2206,#2202,#1194,.T.);
#2743=EDGE_CURVE('',#2207,#2205,#1195,.T.);
#2744=EDGE_CURVE('',#2206,#2207,#1196,.T.);
#2745=EDGE_CURVE('',#2208,#2206,#1197,.T.);
#2746=EDGE_CURVE('',#2209,#2207,#1198,.T.);
#2747=EDGE_CURVE('',#2208,#2209,#1199,.T.);
#2748=EDGE_CURVE('',#2203,#2208,#1200,.T.);
#2749=EDGE_CURVE('',#2204,#2209,#1201,.T.);
#2750=EDGE_CURVE('',#2210,#2211,#1202,.T.);
#2751=EDGE_CURVE('',#2211,#2212,#1203,.T.);
#2752=EDGE_CURVE('',#2213,#2212,#1204,.T.);
#2753=EDGE_CURVE('',#2210,#2213,#1205,.T.);
#2754=EDGE_CURVE('',#2214,#2210,#1206,.T.);
#2755=EDGE_CURVE('',#2215,#2213,#1207,.T.);
#2756=EDGE_CURVE('',#2214,#2215,#1208,.T.);
#2757=EDGE_CURVE('',#2216,#2214,#1209,.T.);
#2758=EDGE_CURVE('',#2217,#2215,#1210,.T.);
#2759=EDGE_CURVE('',#2216,#2217,#1211,.T.);
#2760=EDGE_CURVE('',#2211,#2216,#1212,.T.);
#2761=EDGE_CURVE('',#2212,#2217,#1213,.T.);
#2762=EDGE_CURVE('',#2218,#2219,#1214,.T.);
#2763=EDGE_CURVE('',#2219,#2220,#1215,.T.);
#2764=EDGE_CURVE('',#2221,#2220,#1216,.T.);
#2765=EDGE_CURVE('',#2218,#2221,#1217,.T.);
#2766=EDGE_CURVE('',#2222,#2218,#17,.T.);
#2767=EDGE_CURVE('',#2223,#2221,#18,.T.);
#2768=EDGE_CURVE('',#2222,#2223,#1218,.T.);
#2769=EDGE_CURVE('',#2224,#2222,#1219,.T.);
#2770=EDGE_CURVE('',#2225,#2223,#1220,.T.);
#2771=EDGE_CURVE('',#2224,#2225,#1221,.T.);
#2772=EDGE_CURVE('',#2226,#2224,#1222,.T.);
#2773=EDGE_CURVE('',#2227,#2225,#1223,.T.);
#2774=EDGE_CURVE('',#2226,#2227,#1224,.T.);
#2775=EDGE_CURVE('',#2228,#2226,#1225,.T.);
#2776=EDGE_CURVE('',#2229,#2227,#1226,.T.);
#2777=EDGE_CURVE('',#2228,#2229,#1227,.T.);
#2778=EDGE_CURVE('',#2230,#2228,#1228,.T.);
#2779=EDGE_CURVE('',#2231,#2229,#1229,.T.);
#2780=EDGE_CURVE('',#2230,#2231,#1230,.T.);
#2781=EDGE_CURVE('',#2232,#2230,#1231,.T.);
#2782=EDGE_CURVE('',#2233,#2231,#1232,.T.);
#2783=EDGE_CURVE('',#2232,#2233,#1233,.T.);
#2784=EDGE_CURVE('',#2234,#2232,#19,.T.);
#2785=EDGE_CURVE('',#2235,#2233,#20,.T.);
#2786=EDGE_CURVE('',#2234,#2235,#1234,.T.);
#2787=EDGE_CURVE('',#2236,#2234,#1235,.T.);
#2788=EDGE_CURVE('',#2237,#2235,#1236,.T.);
#2789=EDGE_CURVE('',#2236,#2237,#1237,.T.);
#2790=EDGE_CURVE('',#2219,#2236,#1238,.T.);
#2791=EDGE_CURVE('',#2220,#2237,#1239,.T.);
#2792=EDGE_CURVE('',#2238,#2239,#1240,.T.);
#2793=EDGE_CURVE('',#2239,#2240,#1241,.T.);
#2794=EDGE_CURVE('',#2241,#2240,#1242,.T.);
#2795=EDGE_CURVE('',#2238,#2241,#1243,.T.);
#2796=EDGE_CURVE('',#2242,#2238,#168,.T.);
#2797=EDGE_CURVE('',#2243,#2241,#169,.T.);
#2798=EDGE_CURVE('',#2242,#2243,#1244,.T.);
#2799=EDGE_CURVE('',#2244,#2242,#1245,.T.);
#2800=EDGE_CURVE('',#2245,#2243,#1246,.T.);
#2801=EDGE_CURVE('',#2244,#2245,#1247,.T.);
#2802=EDGE_CURVE('',#2246,#2244,#21,.T.);
#2803=EDGE_CURVE('',#2247,#2245,#22,.T.);
#2804=EDGE_CURVE('',#2246,#2247,#1248,.T.);
#2805=EDGE_CURVE('',#2248,#2246,#1249,.T.);
#2806=EDGE_CURVE('',#2249,#2247,#1250,.T.);
#2807=EDGE_CURVE('',#2248,#2249,#1251,.T.);
#2808=EDGE_CURVE('',#2250,#2248,#23,.T.);
#2809=EDGE_CURVE('',#2251,#2249,#24,.T.);
#2810=EDGE_CURVE('',#2250,#2251,#1252,.T.);
#2811=EDGE_CURVE('',#2252,#2250,#1253,.T.);
#2812=EDGE_CURVE('',#2253,#2251,#1254,.T.);
#2813=EDGE_CURVE('',#2252,#2253,#1255,.T.);
#2814=EDGE_CURVE('',#2254,#2252,#170,.T.);
#2815=EDGE_CURVE('',#2255,#2253,#171,.T.);
#2816=EDGE_CURVE('',#2254,#2255,#1256,.T.);
#2817=EDGE_CURVE('',#2256,#2254,#1257,.T.);
#2818=EDGE_CURVE('',#2257,#2255,#1258,.T.);
#2819=EDGE_CURVE('',#2256,#2257,#1259,.T.);
#2820=EDGE_CURVE('',#2239,#2256,#1260,.T.);
#2821=EDGE_CURVE('',#2240,#2257,#1261,.T.);
#2822=EDGE_CURVE('',#2258,#2258,#172,.T.);
#2823=EDGE_CURVE('',#2259,#2259,#173,.T.);
#2824=EDGE_CURVE('',#2260,#2261,#1262,.T.);
#2825=EDGE_CURVE('',#2261,#2262,#1263,.T.);
#2826=EDGE_CURVE('',#2263,#2262,#1264,.T.);
#2827=EDGE_CURVE('',#2260,#2263,#1265,.T.);
#2828=EDGE_CURVE('',#2264,#2260,#1266,.T.);
#2829=EDGE_CURVE('',#2265,#2263,#1267,.T.);
#2830=EDGE_CURVE('',#2264,#2265,#1268,.T.);
#2831=EDGE_CURVE('',#2266,#2264,#1269,.T.);
#2832=EDGE_CURVE('',#2267,#2265,#1270,.T.);
#2833=EDGE_CURVE('',#2266,#2267,#1271,.T.);
#2834=EDGE_CURVE('',#2268,#2266,#1272,.T.);
#2835=EDGE_CURVE('',#2269,#2267,#1273,.T.);
#2836=EDGE_CURVE('',#2268,#2269,#1274,.T.);
#2837=EDGE_CURVE('',#2270,#2268,#1275,.T.);
#2838=EDGE_CURVE('',#2271,#2269,#1276,.T.);
#2839=EDGE_CURVE('',#2270,#2271,#1277,.T.);
#2840=EDGE_CURVE('',#2272,#2270,#1278,.T.);
#2841=EDGE_CURVE('',#2273,#2271,#1279,.T.);
#2842=EDGE_CURVE('',#2272,#2273,#1280,.T.);
#2843=EDGE_CURVE('',#2274,#2272,#1281,.T.);
#2844=EDGE_CURVE('',#2275,#2273,#1282,.T.);
#2845=EDGE_CURVE('',#2274,#2275,#1283,.T.);
#2846=EDGE_CURVE('',#2276,#2274,#25,.T.);
#2847=EDGE_CURVE('',#2277,#2275,#26,.T.);
#2848=EDGE_CURVE('',#2276,#2277,#1284,.T.);
#2849=EDGE_CURVE('',#2278,#2276,#1285,.T.);
#2850=EDGE_CURVE('',#2279,#2277,#1286,.T.);
#2851=EDGE_CURVE('',#2278,#2279,#1287,.T.);
#2852=EDGE_CURVE('',#2280,#2278,#27,.T.);
#2853=EDGE_CURVE('',#2281,#2279,#28,.T.);
#2854=EDGE_CURVE('',#2280,#2281,#1288,.T.);
#2855=EDGE_CURVE('',#2282,#2280,#1289,.T.);
#2856=EDGE_CURVE('',#2283,#2281,#1290,.T.);
#2857=EDGE_CURVE('',#2282,#2283,#1291,.T.);
#2858=EDGE_CURVE('',#2284,#2282,#1292,.T.);
#2859=EDGE_CURVE('',#2285,#2283,#1293,.T.);
#2860=EDGE_CURVE('',#2284,#2285,#1294,.T.);
#2861=EDGE_CURVE('',#2286,#2284,#1295,.T.);
#2862=EDGE_CURVE('',#2287,#2285,#1296,.T.);
#2863=EDGE_CURVE('',#2286,#2287,#1297,.T.);
#2864=EDGE_CURVE('',#2261,#2286,#1298,.T.);
#2865=EDGE_CURVE('',#2262,#2287,#1299,.T.);
#2866=EDGE_CURVE('',#2288,#2288,#174,.T.);
#2867=EDGE_CURVE('',#2289,#2289,#175,.T.);
#2868=EDGE_CURVE('',#2290,#2291,#1300,.T.);
#2869=EDGE_CURVE('',#2290,#2292,#1301,.T.);
#2870=EDGE_CURVE('',#2293,#2292,#1302,.T.);
#2871=EDGE_CURVE('',#2291,#2293,#1303,.T.);
#2872=EDGE_CURVE('',#2294,#2290,#29,.T.);
#2873=EDGE_CURVE('',#2294,#2295,#1304,.T.);
#2874=EDGE_CURVE('',#2292,#2295,#30,.T.);
#2875=EDGE_CURVE('',#2296,#2294,#1305,.T.);
#2876=EDGE_CURVE('',#2296,#2297,#1306,.T.);
#2877=EDGE_CURVE('',#2295,#2297,#1307,.T.);
#2878=EDGE_CURVE('',#2291,#2296,#1308,.T.);
#2879=EDGE_CURVE('',#2297,#2293,#1309,.T.);
#2880=EDGE_CURVE('',#2298,#2299,#31,.T.);
#2881=EDGE_CURVE('',#2299,#2300,#1310,.T.);
#2882=EDGE_CURVE('',#2301,#2300,#32,.T.);
#2883=EDGE_CURVE('',#2298,#2301,#1311,.T.);
#2884=EDGE_CURVE('',#2302,#2298,#1312,.T.);
#2885=EDGE_CURVE('',#2303,#2301,#1313,.T.);
#2886=EDGE_CURVE('',#2302,#2303,#1314,.T.);
#2887=EDGE_CURVE('',#2304,#2302,#33,.T.);
#2888=EDGE_CURVE('',#2305,#2303,#34,.T.);
#2889=EDGE_CURVE('',#2304,#2305,#1315,.T.);
#2890=EDGE_CURVE('',#2306,#2304,#1316,.T.);
#2891=EDGE_CURVE('',#2307,#2305,#1317,.T.);
#2892=EDGE_CURVE('',#2306,#2307,#1318,.T.);
#2893=EDGE_CURVE('',#2308,#2306,#1319,.T.);
#2894=EDGE_CURVE('',#2309,#2307,#1320,.T.);
#2895=EDGE_CURVE('',#2308,#2309,#1321,.T.);
#2896=EDGE_CURVE('',#2310,#2308,#1322,.T.);
#2897=EDGE_CURVE('',#2311,#2309,#1323,.T.);
#2898=EDGE_CURVE('',#2310,#2311,#1324,.T.);
#2899=EDGE_CURVE('',#2312,#2310,#35,.T.);
#2900=EDGE_CURVE('',#2313,#2311,#36,.T.);
#2901=EDGE_CURVE('',#2312,#2313,#1325,.T.);
#2902=EDGE_CURVE('',#2299,#2312,#1326,.T.);
#2903=EDGE_CURVE('',#2300,#2313,#1327,.T.);
#2904=EDGE_CURVE('',#2314,#2315,#37,.T.);
#2905=EDGE_CURVE('',#2314,#2316,#1328,.T.);
#2906=EDGE_CURVE('',#2317,#2316,#38,.T.);
#2907=EDGE_CURVE('',#2315,#2317,#1329,.T.);
#2908=EDGE_CURVE('',#2318,#2314,#1330,.T.);
#2909=EDGE_CURVE('',#2318,#2319,#1331,.T.);
#2910=EDGE_CURVE('',#2316,#2319,#1332,.T.);
#2911=EDGE_CURVE('',#2320,#2318,#39,.T.);
#2912=EDGE_CURVE('',#2320,#2321,#1333,.T.);
#2913=EDGE_CURVE('',#2319,#2321,#40,.T.);
#2914=EDGE_CURVE('',#2315,#2320,#1334,.T.);
#2915=EDGE_CURVE('',#2321,#2317,#1335,.T.);
#2916=EDGE_CURVE('',#2322,#2323,#41,.T.);
#2917=EDGE_CURVE('',#2323,#2324,#1336,.T.);
#2918=EDGE_CURVE('',#2325,#2324,#42,.T.);
#2919=EDGE_CURVE('',#2322,#2325,#1337,.T.);
#2920=EDGE_CURVE('',#2326,#2322,#1338,.T.);
#2921=EDGE_CURVE('',#2327,#2325,#1339,.T.);
#2922=EDGE_CURVE('',#2326,#2327,#1340,.T.);
#2923=EDGE_CURVE('',#2328,#2326,#43,.T.);
#2924=EDGE_CURVE('',#2329,#2327,#44,.T.);
#2925=EDGE_CURVE('',#2328,#2329,#1341,.T.);
#2926=EDGE_CURVE('',#2323,#2328,#1342,.T.);
#2927=EDGE_CURVE('',#2324,#2329,#1343,.T.);
#2928=EDGE_CURVE('',#2330,#2331,#45,.T.);
#2929=EDGE_CURVE('',#2331,#2332,#1344,.T.);
#2930=EDGE_CURVE('',#2333,#2332,#46,.T.);
#2931=EDGE_CURVE('',#2330,#2333,#1345,.T.);
#2932=EDGE_CURVE('',#2334,#2330,#1346,.T.);
#2933=EDGE_CURVE('',#2335,#2333,#1347,.T.);
#2934=EDGE_CURVE('',#2334,#2335,#1348,.T.);
#2935=EDGE_CURVE('',#2336,#2334,#1349,.T.);
#2936=EDGE_CURVE('',#2337,#2335,#1350,.T.);
#2937=EDGE_CURVE('',#2336,#2337,#1351,.T.);
#2938=EDGE_CURVE('',#2338,#2336,#1352,.T.);
#2939=EDGE_CURVE('',#2339,#2337,#1353,.T.);
#2940=EDGE_CURVE('',#2338,#2339,#1354,.T.);
#2941=EDGE_CURVE('',#2340,#2338,#47,.T.);
#2942=EDGE_CURVE('',#2341,#2339,#48,.T.);
#2943=EDGE_CURVE('',#2340,#2341,#1355,.T.);
#2944=EDGE_CURVE('',#2342,#2340,#1356,.T.);
#2945=EDGE_CURVE('',#2343,#2341,#1357,.T.);
#2946=EDGE_CURVE('',#2342,#2343,#1358,.T.);
#2947=EDGE_CURVE('',#2344,#2342,#1359,.T.);
#2948=EDGE_CURVE('',#2345,#2343,#1360,.T.);
#2949=EDGE_CURVE('',#2344,#2345,#1361,.T.);
#2950=EDGE_CURVE('',#2346,#2344,#1362,.T.);
#2951=EDGE_CURVE('',#2347,#2345,#1363,.T.);
#2952=EDGE_CURVE('',#2346,#2347,#1364,.T.);
#2953=EDGE_CURVE('',#2348,#2346,#1365,.T.);
#2954=EDGE_CURVE('',#2349,#2347,#1366,.T.);
#2955=EDGE_CURVE('',#2348,#2349,#1367,.T.);
#2956=EDGE_CURVE('',#2331,#2348,#1368,.T.);
#2957=EDGE_CURVE('',#2332,#2349,#1369,.T.);
#2958=EDGE_CURVE('',#2350,#2351,#49,.T.);
#2959=EDGE_CURVE('',#2351,#2352,#1370,.T.);
#2960=EDGE_CURVE('',#2353,#2352,#50,.T.);
#2961=EDGE_CURVE('',#2350,#2353,#1371,.T.);
#2962=EDGE_CURVE('',#2354,#2350,#1372,.T.);
#2963=EDGE_CURVE('',#2355,#2353,#1373,.T.);
#2964=EDGE_CURVE('',#2354,#2355,#1374,.T.);
#2965=EDGE_CURVE('',#2356,#2354,#1375,.T.);
#2966=EDGE_CURVE('',#2357,#2355,#1376,.T.);
#2967=EDGE_CURVE('',#2356,#2357,#1377,.T.);
#2968=EDGE_CURVE('',#2358,#2356,#1378,.T.);
#2969=EDGE_CURVE('',#2359,#2357,#1379,.T.);
#2970=EDGE_CURVE('',#2358,#2359,#1380,.T.);
#2971=EDGE_CURVE('',#2360,#2358,#51,.T.);
#2972=EDGE_CURVE('',#2361,#2359,#52,.T.);
#2973=EDGE_CURVE('',#2360,#2361,#1381,.T.);
#2974=EDGE_CURVE('',#2362,#2360,#1382,.T.);
#2975=EDGE_CURVE('',#2363,#2361,#1383,.T.);
#2976=EDGE_CURVE('',#2362,#2363,#1384,.T.);
#2977=EDGE_CURVE('',#2364,#2362,#1385,.T.);
#2978=EDGE_CURVE('',#2365,#2363,#1386,.T.);
#2979=EDGE_CURVE('',#2364,#2365,#1387,.T.);
#2980=EDGE_CURVE('',#2366,#2364,#1388,.T.);
#2981=EDGE_CURVE('',#2367,#2365,#1389,.T.);
#2982=EDGE_CURVE('',#2366,#2367,#1390,.T.);
#2983=EDGE_CURVE('',#2368,#2366,#1391,.T.);
#2984=EDGE_CURVE('',#2369,#2367,#1392,.T.);
#2985=EDGE_CURVE('',#2368,#2369,#1393,.T.);
#2986=EDGE_CURVE('',#2351,#2368,#1394,.T.);
#2987=EDGE_CURVE('',#2352,#2369,#1395,.T.);
#2988=EDGE_CURVE('',#2370,#2371,#1396,.T.);
#2989=EDGE_CURVE('',#2370,#2372,#1397,.T.);
#2990=EDGE_CURVE('',#2373,#2372,#1398,.T.);
#2991=EDGE_CURVE('',#2371,#2373,#1399,.T.);
#2992=EDGE_CURVE('',#2371,#2374,#1400,.T.);
#2993=EDGE_CURVE('',#2375,#2373,#1401,.T.);
#2994=EDGE_CURVE('',#2374,#2375,#1402,.T.);
#2995=EDGE_CURVE('',#2374,#2376,#1403,.T.);
#2996=EDGE_CURVE('',#2377,#2375,#1404,.T.);
#2997=EDGE_CURVE('',#2376,#2377,#1405,.T.);
#2998=EDGE_CURVE('',#2376,#2378,#176,.T.);
#2999=EDGE_CURVE('',#2379,#2377,#177,.T.);
#3000=EDGE_CURVE('',#2378,#2379,#1406,.T.);
#3001=EDGE_CURVE('',#2378,#2380,#1407,.T.);
#3002=EDGE_CURVE('',#2381,#2379,#1408,.T.);
#3003=EDGE_CURVE('',#2380,#2381,#1409,.T.);
#3004=EDGE_CURVE('',#2380,#2382,#1410,.T.);
#3005=EDGE_CURVE('',#2383,#2381,#1411,.T.);
#3006=EDGE_CURVE('',#2382,#2383,#1412,.T.);
#3007=EDGE_CURVE('',#2382,#2384,#1413,.T.);
#3008=EDGE_CURVE('',#2385,#2383,#1414,.T.);
#3009=EDGE_CURVE('',#2384,#2385,#1415,.T.);
#3010=EDGE_CURVE('',#2384,#2370,#178,.T.);
#3011=EDGE_CURVE('',#2372,#2385,#179,.T.);
#3012=EDGE_CURVE('',#2386,#2387,#1416,.T.);
#3013=EDGE_CURVE('',#2386,#2388,#1417,.T.);
#3014=EDGE_CURVE('',#2389,#2388,#1418,.T.);
#3015=EDGE_CURVE('',#2387,#2389,#1419,.T.);
#3016=EDGE_CURVE('',#2387,#2390,#1420,.T.);
#3017=EDGE_CURVE('',#2391,#2389,#1421,.T.);
#3018=EDGE_CURVE('',#2390,#2391,#1422,.T.);
#3019=EDGE_CURVE('',#2390,#2392,#1423,.T.);
#3020=EDGE_CURVE('',#2393,#2391,#1424,.T.);
#3021=EDGE_CURVE('',#2392,#2393,#1425,.T.);
#3022=EDGE_CURVE('',#2392,#2394,#180,.T.);
#3023=EDGE_CURVE('',#2395,#2393,#181,.T.);
#3024=EDGE_CURVE('',#2394,#2395,#1426,.T.);
#3025=EDGE_CURVE('',#2394,#2396,#1427,.T.);
#3026=EDGE_CURVE('',#2397,#2395,#1428,.T.);
#3027=EDGE_CURVE('',#2396,#2397,#1429,.T.);
#3028=EDGE_CURVE('',#2396,#2398,#1430,.T.);
#3029=EDGE_CURVE('',#2399,#2397,#1431,.T.);
#3030=EDGE_CURVE('',#2398,#2399,#1432,.T.);
#3031=EDGE_CURVE('',#2398,#2400,#1433,.T.);
#3032=EDGE_CURVE('',#2401,#2399,#1434,.T.);
#3033=EDGE_CURVE('',#2400,#2401,#1435,.T.);
#3034=EDGE_CURVE('',#2400,#2386,#182,.T.);
#3035=EDGE_CURVE('',#2388,#2401,#183,.T.);
#3036=EDGE_CURVE('',#2402,#2403,#1436,.T.);
#3037=EDGE_CURVE('',#2402,#2404,#1437,.T.);
#3038=EDGE_CURVE('',#2405,#2404,#1438,.T.);
#3039=EDGE_CURVE('',#2403,#2405,#1439,.T.);
#3040=EDGE_CURVE('',#2403,#2406,#1440,.T.);
#3041=EDGE_CURVE('',#2407,#2405,#1441,.T.);
#3042=EDGE_CURVE('',#2406,#2407,#1442,.T.);
#3043=EDGE_CURVE('',#2406,#2408,#1443,.T.);
#3044=EDGE_CURVE('',#2409,#2407,#1444,.T.);
#3045=EDGE_CURVE('',#2408,#2409,#1445,.T.);
#3046=EDGE_CURVE('',#2408,#2410,#184,.T.);
#3047=EDGE_CURVE('',#2411,#2409,#185,.T.);
#3048=EDGE_CURVE('',#2410,#2411,#1446,.T.);
#3049=EDGE_CURVE('',#2410,#2412,#1447,.T.);
#3050=EDGE_CURVE('',#2413,#2411,#1448,.T.);
#3051=EDGE_CURVE('',#2412,#2413,#1449,.T.);
#3052=EDGE_CURVE('',#2412,#2414,#1450,.T.);
#3053=EDGE_CURVE('',#2415,#2413,#1451,.T.);
#3054=EDGE_CURVE('',#2414,#2415,#1452,.T.);
#3055=EDGE_CURVE('',#2414,#2416,#1453,.T.);
#3056=EDGE_CURVE('',#2417,#2415,#1454,.T.);
#3057=EDGE_CURVE('',#2416,#2417,#1455,.T.);
#3058=EDGE_CURVE('',#2416,#2402,#186,.T.);
#3059=EDGE_CURVE('',#2404,#2417,#187,.T.);
#3060=ORIENTED_EDGE('',*,*,#2418,.T.);
#3061=ORIENTED_EDGE('',*,*,#2419,.T.);
#3062=ORIENTED_EDGE('',*,*,#2420,.T.);
#3063=ORIENTED_EDGE('',*,*,#2421,.F.);
#3064=ORIENTED_EDGE('',*,*,#2422,.T.);
#3065=ORIENTED_EDGE('',*,*,#2423,.T.);
#3066=ORIENTED_EDGE('',*,*,#2424,.T.);
#3067=ORIENTED_EDGE('',*,*,#2419,.F.);
#3068=ORIENTED_EDGE('',*,*,#2425,.T.);
#3069=ORIENTED_EDGE('',*,*,#2426,.T.);
#3070=ORIENTED_EDGE('',*,*,#2427,.T.);
#3071=ORIENTED_EDGE('',*,*,#2423,.F.);
#3072=ORIENTED_EDGE('',*,*,#2428,.T.);
#3073=ORIENTED_EDGE('',*,*,#2426,.F.);
#3074=ORIENTED_EDGE('',*,*,#2429,.T.);
#3075=ORIENTED_EDGE('',*,*,#2421,.T.);
#3076=ORIENTED_EDGE('',*,*,#2428,.F.);
#3077=ORIENTED_EDGE('',*,*,#2430,.T.);
#3078=ORIENTED_EDGE('',*,*,#2431,.F.);
#3079=ORIENTED_EDGE('',*,*,#2432,.T.);
#3080=ORIENTED_EDGE('',*,*,#2420,.F.);
#3081=ORIENTED_EDGE('',*,*,#2433,.F.);
#3082=ORIENTED_EDGE('',*,*,#2434,.F.);
#3083=ORIENTED_EDGE('',*,*,#2430,.F.);
#3084=ORIENTED_EDGE('',*,*,#2418,.F.);
#3085=ORIENTED_EDGE('',*,*,#2429,.F.);
#3086=ORIENTED_EDGE('',*,*,#2425,.F.);
#3087=ORIENTED_EDGE('',*,*,#2422,.F.);
#3088=ORIENTED_EDGE('',*,*,#2435,.T.);
#3089=ORIENTED_EDGE('',*,*,#2436,.T.);
#3090=ORIENTED_EDGE('',*,*,#2435,.F.);
#3091=ORIENTED_EDGE('',*,*,#2436,.F.);
#3092=ORIENTED_EDGE('',*,*,#2437,.F.);
#3093=ORIENTED_EDGE('',*,*,#2434,.T.);
#3094=ORIENTED_EDGE('',*,*,#2438,.F.);
#3095=ORIENTED_EDGE('',*,*,#2439,.F.);
#3096=ORIENTED_EDGE('',*,*,#2437,.T.);
#3097=ORIENTED_EDGE('',*,*,#2440,.F.);
#3098=ORIENTED_EDGE('',*,*,#2441,.T.);
#3099=ORIENTED_EDGE('',*,*,#2431,.T.);
#3100=ORIENTED_EDGE('',*,*,#2427,.F.);
#3101=ORIENTED_EDGE('',*,*,#2432,.F.);
#3102=ORIENTED_EDGE('',*,*,#2442,.T.);
#3103=ORIENTED_EDGE('',*,*,#2443,.F.);
#3104=ORIENTED_EDGE('',*,*,#2444,.F.);
#3105=ORIENTED_EDGE('',*,*,#2442,.F.);
#3106=ORIENTED_EDGE('',*,*,#2441,.F.);
#3107=ORIENTED_EDGE('',*,*,#2445,.F.);
#3108=ORIENTED_EDGE('',*,*,#2438,.T.);
#3109=ORIENTED_EDGE('',*,*,#2446,.F.);
#3110=ORIENTED_EDGE('',*,*,#2444,.T.);
#3111=ORIENTED_EDGE('',*,*,#2447,.F.);
#3112=ORIENTED_EDGE('',*,*,#2424,.F.);
#3113=ORIENTED_EDGE('',*,*,#2443,.T.);
#3114=ORIENTED_EDGE('',*,*,#2446,.T.);
#3115=ORIENTED_EDGE('',*,*,#2433,.T.);
#3116=ORIENTED_EDGE('',*,*,#2439,.T.);
#3117=ORIENTED_EDGE('',*,*,#2447,.T.);
#3118=ORIENTED_EDGE('',*,*,#2445,.T.);
#3119=ORIENTED_EDGE('',*,*,#2440,.T.);
#3120=ORIENTED_EDGE('',*,*,#2448,.F.);
#3121=ORIENTED_EDGE('',*,*,#2449,.F.);
#3122=ORIENTED_EDGE('',*,*,#2449,.T.);
#3123=ORIENTED_EDGE('',*,*,#2448,.T.);
#3124=ORIENTED_EDGE('',*,*,#2450,.T.);
#3125=ORIENTED_EDGE('',*,*,#2451,.T.);
#3126=ORIENTED_EDGE('',*,*,#2452,.F.);
#3127=ORIENTED_EDGE('',*,*,#2453,.F.);
#3128=ORIENTED_EDGE('',*,*,#2454,.T.);
#3129=ORIENTED_EDGE('',*,*,#2453,.T.);
#3130=ORIENTED_EDGE('',*,*,#2455,.F.);
#3131=ORIENTED_EDGE('',*,*,#2456,.F.);
#3132=ORIENTED_EDGE('',*,*,#2457,.T.);
#3133=ORIENTED_EDGE('',*,*,#2456,.T.);
#3134=ORIENTED_EDGE('',*,*,#2458,.F.);
#3135=ORIENTED_EDGE('',*,*,#2459,.F.);
#3136=ORIENTED_EDGE('',*,*,#2460,.T.);
#3137=ORIENTED_EDGE('',*,*,#2459,.T.);
#3138=ORIENTED_EDGE('',*,*,#2461,.F.);
#3139=ORIENTED_EDGE('',*,*,#2462,.F.);
#3140=ORIENTED_EDGE('',*,*,#2463,.T.);
#3141=ORIENTED_EDGE('',*,*,#2462,.T.);
#3142=ORIENTED_EDGE('',*,*,#2464,.F.);
#3143=ORIENTED_EDGE('',*,*,#2465,.F.);
#3144=ORIENTED_EDGE('',*,*,#2466,.T.);
#3145=ORIENTED_EDGE('',*,*,#2465,.T.);
#3146=ORIENTED_EDGE('',*,*,#2467,.F.);
#3147=ORIENTED_EDGE('',*,*,#2468,.F.);
#3148=ORIENTED_EDGE('',*,*,#2469,.T.);
#3149=ORIENTED_EDGE('',*,*,#2468,.T.);
#3150=ORIENTED_EDGE('',*,*,#2470,.F.);
#3151=ORIENTED_EDGE('',*,*,#2471,.F.);
#3152=ORIENTED_EDGE('',*,*,#2472,.T.);
#3153=ORIENTED_EDGE('',*,*,#2471,.T.);
#3154=ORIENTED_EDGE('',*,*,#2473,.F.);
#3155=ORIENTED_EDGE('',*,*,#2474,.F.);
#3156=ORIENTED_EDGE('',*,*,#2475,.T.);
#3157=ORIENTED_EDGE('',*,*,#2474,.T.);
#3158=ORIENTED_EDGE('',*,*,#2476,.F.);
#3159=ORIENTED_EDGE('',*,*,#2477,.F.);
#3160=ORIENTED_EDGE('',*,*,#2478,.T.);
#3161=ORIENTED_EDGE('',*,*,#2477,.T.);
#3162=ORIENTED_EDGE('',*,*,#2479,.F.);
#3163=ORIENTED_EDGE('',*,*,#2480,.F.);
#3164=ORIENTED_EDGE('',*,*,#2481,.T.);
#3165=ORIENTED_EDGE('',*,*,#2480,.T.);
#3166=ORIENTED_EDGE('',*,*,#2482,.F.);
#3167=ORIENTED_EDGE('',*,*,#2483,.F.);
#3168=ORIENTED_EDGE('',*,*,#2484,.T.);
#3169=ORIENTED_EDGE('',*,*,#2483,.T.);
#3170=ORIENTED_EDGE('',*,*,#2485,.F.);
#3171=ORIENTED_EDGE('',*,*,#2486,.F.);
#3172=ORIENTED_EDGE('',*,*,#2487,.T.);
#3173=ORIENTED_EDGE('',*,*,#2486,.T.);
#3174=ORIENTED_EDGE('',*,*,#2488,.F.);
#3175=ORIENTED_EDGE('',*,*,#2489,.F.);
#3176=ORIENTED_EDGE('',*,*,#2490,.T.);
#3177=ORIENTED_EDGE('',*,*,#2489,.T.);
#3178=ORIENTED_EDGE('',*,*,#2491,.F.);
#3179=ORIENTED_EDGE('',*,*,#2492,.F.);
#3180=ORIENTED_EDGE('',*,*,#2493,.T.);
#3181=ORIENTED_EDGE('',*,*,#2492,.T.);
#3182=ORIENTED_EDGE('',*,*,#2494,.F.);
#3183=ORIENTED_EDGE('',*,*,#2495,.F.);
#3184=ORIENTED_EDGE('',*,*,#2496,.T.);
#3185=ORIENTED_EDGE('',*,*,#2495,.T.);
#3186=ORIENTED_EDGE('',*,*,#2497,.F.);
#3187=ORIENTED_EDGE('',*,*,#2498,.F.);
#3188=ORIENTED_EDGE('',*,*,#2499,.T.);
#3189=ORIENTED_EDGE('',*,*,#2498,.T.);
#3190=ORIENTED_EDGE('',*,*,#2500,.F.);
#3191=ORIENTED_EDGE('',*,*,#2501,.F.);
#3192=ORIENTED_EDGE('',*,*,#2502,.T.);
#3193=ORIENTED_EDGE('',*,*,#2501,.T.);
#3194=ORIENTED_EDGE('',*,*,#2503,.F.);
#3195=ORIENTED_EDGE('',*,*,#2504,.F.);
#3196=ORIENTED_EDGE('',*,*,#2505,.T.);
#3197=ORIENTED_EDGE('',*,*,#2504,.T.);
#3198=ORIENTED_EDGE('',*,*,#2506,.F.);
#3199=ORIENTED_EDGE('',*,*,#2507,.F.);
#3200=ORIENTED_EDGE('',*,*,#2508,.T.);
#3201=ORIENTED_EDGE('',*,*,#2507,.T.);
#3202=ORIENTED_EDGE('',*,*,#2509,.F.);
#3203=ORIENTED_EDGE('',*,*,#2510,.F.);
#3204=ORIENTED_EDGE('',*,*,#2511,.T.);
#3205=ORIENTED_EDGE('',*,*,#2510,.T.);
#3206=ORIENTED_EDGE('',*,*,#2512,.F.);
#3207=ORIENTED_EDGE('',*,*,#2513,.F.);
#3208=ORIENTED_EDGE('',*,*,#2514,.T.);
#3209=ORIENTED_EDGE('',*,*,#2513,.T.);
#3210=ORIENTED_EDGE('',*,*,#2515,.F.);
#3211=ORIENTED_EDGE('',*,*,#2516,.F.);
#3212=ORIENTED_EDGE('',*,*,#2517,.T.);
#3213=ORIENTED_EDGE('',*,*,#2516,.T.);
#3214=ORIENTED_EDGE('',*,*,#2518,.F.);
#3215=ORIENTED_EDGE('',*,*,#2519,.F.);
#3216=ORIENTED_EDGE('',*,*,#2520,.T.);
#3217=ORIENTED_EDGE('',*,*,#2519,.T.);
#3218=ORIENTED_EDGE('',*,*,#2521,.F.);
#3219=ORIENTED_EDGE('',*,*,#2522,.F.);
#3220=ORIENTED_EDGE('',*,*,#2523,.T.);
#3221=ORIENTED_EDGE('',*,*,#2522,.T.);
#3222=ORIENTED_EDGE('',*,*,#2524,.F.);
#3223=ORIENTED_EDGE('',*,*,#2525,.F.);
#3224=ORIENTED_EDGE('',*,*,#2526,.T.);
#3225=ORIENTED_EDGE('',*,*,#2525,.T.);
#3226=ORIENTED_EDGE('',*,*,#2527,.F.);
#3227=ORIENTED_EDGE('',*,*,#2528,.F.);
#3228=ORIENTED_EDGE('',*,*,#2529,.T.);
#3229=ORIENTED_EDGE('',*,*,#2528,.T.);
#3230=ORIENTED_EDGE('',*,*,#2530,.F.);
#3231=ORIENTED_EDGE('',*,*,#2531,.F.);
#3232=ORIENTED_EDGE('',*,*,#2532,.T.);
#3233=ORIENTED_EDGE('',*,*,#2531,.T.);
#3234=ORIENTED_EDGE('',*,*,#2533,.F.);
#3235=ORIENTED_EDGE('',*,*,#2534,.F.);
#3236=ORIENTED_EDGE('',*,*,#2535,.T.);
#3237=ORIENTED_EDGE('',*,*,#2534,.T.);
#3238=ORIENTED_EDGE('',*,*,#2536,.F.);
#3239=ORIENTED_EDGE('',*,*,#2537,.F.);
#3240=ORIENTED_EDGE('',*,*,#2538,.T.);
#3241=ORIENTED_EDGE('',*,*,#2537,.T.);
#3242=ORIENTED_EDGE('',*,*,#2539,.F.);
#3243=ORIENTED_EDGE('',*,*,#2540,.F.);
#3244=ORIENTED_EDGE('',*,*,#2541,.T.);
#3245=ORIENTED_EDGE('',*,*,#2540,.T.);
#3246=ORIENTED_EDGE('',*,*,#2542,.F.);
#3247=ORIENTED_EDGE('',*,*,#2543,.F.);
#3248=ORIENTED_EDGE('',*,*,#2544,.T.);
#3249=ORIENTED_EDGE('',*,*,#2543,.T.);
#3250=ORIENTED_EDGE('',*,*,#2545,.F.);
#3251=ORIENTED_EDGE('',*,*,#2546,.F.);
#3252=ORIENTED_EDGE('',*,*,#2547,.T.);
#3253=ORIENTED_EDGE('',*,*,#2546,.T.);
#3254=ORIENTED_EDGE('',*,*,#2548,.F.);
#3255=ORIENTED_EDGE('',*,*,#2549,.F.);
#3256=ORIENTED_EDGE('',*,*,#2550,.T.);
#3257=ORIENTED_EDGE('',*,*,#2549,.T.);
#3258=ORIENTED_EDGE('',*,*,#2551,.F.);
#3259=ORIENTED_EDGE('',*,*,#2552,.F.);
#3260=ORIENTED_EDGE('',*,*,#2553,.T.);
#3261=ORIENTED_EDGE('',*,*,#2552,.T.);
#3262=ORIENTED_EDGE('',*,*,#2554,.F.);
#3263=ORIENTED_EDGE('',*,*,#2555,.F.);
#3264=ORIENTED_EDGE('',*,*,#2556,.T.);
#3265=ORIENTED_EDGE('',*,*,#2555,.T.);
#3266=ORIENTED_EDGE('',*,*,#2557,.F.);
#3267=ORIENTED_EDGE('',*,*,#2558,.F.);
#3268=ORIENTED_EDGE('',*,*,#2559,.T.);
#3269=ORIENTED_EDGE('',*,*,#2558,.T.);
#3270=ORIENTED_EDGE('',*,*,#2560,.F.);
#3271=ORIENTED_EDGE('',*,*,#2561,.F.);
#3272=ORIENTED_EDGE('',*,*,#2562,.T.);
#3273=ORIENTED_EDGE('',*,*,#2561,.T.);
#3274=ORIENTED_EDGE('',*,*,#2563,.F.);
#3275=ORIENTED_EDGE('',*,*,#2564,.F.);
#3276=ORIENTED_EDGE('',*,*,#2565,.T.);
#3277=ORIENTED_EDGE('',*,*,#2564,.T.);
#3278=ORIENTED_EDGE('',*,*,#2566,.F.);
#3279=ORIENTED_EDGE('',*,*,#2567,.F.);
#3280=ORIENTED_EDGE('',*,*,#2568,.T.);
#3281=ORIENTED_EDGE('',*,*,#2567,.T.);
#3282=ORIENTED_EDGE('',*,*,#2569,.F.);
#3283=ORIENTED_EDGE('',*,*,#2570,.F.);
#3284=ORIENTED_EDGE('',*,*,#2571,.T.);
#3285=ORIENTED_EDGE('',*,*,#2570,.T.);
#3286=ORIENTED_EDGE('',*,*,#2572,.F.);
#3287=ORIENTED_EDGE('',*,*,#2573,.F.);
#3288=ORIENTED_EDGE('',*,*,#2574,.T.);
#3289=ORIENTED_EDGE('',*,*,#2573,.T.);
#3290=ORIENTED_EDGE('',*,*,#2575,.F.);
#3291=ORIENTED_EDGE('',*,*,#2451,.F.);
#3292=ORIENTED_EDGE('',*,*,#2575,.T.);
#3293=ORIENTED_EDGE('',*,*,#2572,.T.);
#3294=ORIENTED_EDGE('',*,*,#2569,.T.);
#3295=ORIENTED_EDGE('',*,*,#2566,.T.);
#3296=ORIENTED_EDGE('',*,*,#2563,.T.);
#3297=ORIENTED_EDGE('',*,*,#2560,.T.);
#3298=ORIENTED_EDGE('',*,*,#2557,.T.);
#3299=ORIENTED_EDGE('',*,*,#2554,.T.);
#3300=ORIENTED_EDGE('',*,*,#2551,.T.);
#3301=ORIENTED_EDGE('',*,*,#2548,.T.);
#3302=ORIENTED_EDGE('',*,*,#2545,.T.);
#3303=ORIENTED_EDGE('',*,*,#2542,.T.);
#3304=ORIENTED_EDGE('',*,*,#2539,.T.);
#3305=ORIENTED_EDGE('',*,*,#2536,.T.);
#3306=ORIENTED_EDGE('',*,*,#2533,.T.);
#3307=ORIENTED_EDGE('',*,*,#2530,.T.);
#3308=ORIENTED_EDGE('',*,*,#2527,.T.);
#3309=ORIENTED_EDGE('',*,*,#2524,.T.);
#3310=ORIENTED_EDGE('',*,*,#2521,.T.);
#3311=ORIENTED_EDGE('',*,*,#2518,.T.);
#3312=ORIENTED_EDGE('',*,*,#2515,.T.);
#3313=ORIENTED_EDGE('',*,*,#2512,.T.);
#3314=ORIENTED_EDGE('',*,*,#2509,.T.);
#3315=ORIENTED_EDGE('',*,*,#2506,.T.);
#3316=ORIENTED_EDGE('',*,*,#2503,.T.);
#3317=ORIENTED_EDGE('',*,*,#2500,.T.);
#3318=ORIENTED_EDGE('',*,*,#2497,.T.);
#3319=ORIENTED_EDGE('',*,*,#2494,.T.);
#3320=ORIENTED_EDGE('',*,*,#2491,.T.);
#3321=ORIENTED_EDGE('',*,*,#2488,.T.);
#3322=ORIENTED_EDGE('',*,*,#2485,.T.);
#3323=ORIENTED_EDGE('',*,*,#2482,.T.);
#3324=ORIENTED_EDGE('',*,*,#2479,.T.);
#3325=ORIENTED_EDGE('',*,*,#2476,.T.);
#3326=ORIENTED_EDGE('',*,*,#2473,.T.);
#3327=ORIENTED_EDGE('',*,*,#2470,.T.);
#3328=ORIENTED_EDGE('',*,*,#2467,.T.);
#3329=ORIENTED_EDGE('',*,*,#2464,.T.);
#3330=ORIENTED_EDGE('',*,*,#2461,.T.);
#3331=ORIENTED_EDGE('',*,*,#2458,.T.);
#3332=ORIENTED_EDGE('',*,*,#2455,.T.);
#3333=ORIENTED_EDGE('',*,*,#2452,.T.);
#3334=ORIENTED_EDGE('',*,*,#2574,.F.);
#3335=ORIENTED_EDGE('',*,*,#2450,.F.);
#3336=ORIENTED_EDGE('',*,*,#2454,.F.);
#3337=ORIENTED_EDGE('',*,*,#2457,.F.);
#3338=ORIENTED_EDGE('',*,*,#2460,.F.);
#3339=ORIENTED_EDGE('',*,*,#2463,.F.);
#3340=ORIENTED_EDGE('',*,*,#2466,.F.);
#3341=ORIENTED_EDGE('',*,*,#2469,.F.);
#3342=ORIENTED_EDGE('',*,*,#2472,.F.);
#3343=ORIENTED_EDGE('',*,*,#2475,.F.);
#3344=ORIENTED_EDGE('',*,*,#2478,.F.);
#3345=ORIENTED_EDGE('',*,*,#2481,.F.);
#3346=ORIENTED_EDGE('',*,*,#2484,.F.);
#3347=ORIENTED_EDGE('',*,*,#2487,.F.);
#3348=ORIENTED_EDGE('',*,*,#2490,.F.);
#3349=ORIENTED_EDGE('',*,*,#2493,.F.);
#3350=ORIENTED_EDGE('',*,*,#2496,.F.);
#3351=ORIENTED_EDGE('',*,*,#2499,.F.);
#3352=ORIENTED_EDGE('',*,*,#2502,.F.);
#3353=ORIENTED_EDGE('',*,*,#2505,.F.);
#3354=ORIENTED_EDGE('',*,*,#2508,.F.);
#3355=ORIENTED_EDGE('',*,*,#2511,.F.);
#3356=ORIENTED_EDGE('',*,*,#2514,.F.);
#3357=ORIENTED_EDGE('',*,*,#2517,.F.);
#3358=ORIENTED_EDGE('',*,*,#2520,.F.);
#3359=ORIENTED_EDGE('',*,*,#2523,.F.);
#3360=ORIENTED_EDGE('',*,*,#2526,.F.);
#3361=ORIENTED_EDGE('',*,*,#2529,.F.);
#3362=ORIENTED_EDGE('',*,*,#2532,.F.);
#3363=ORIENTED_EDGE('',*,*,#2535,.F.);
#3364=ORIENTED_EDGE('',*,*,#2538,.F.);
#3365=ORIENTED_EDGE('',*,*,#2541,.F.);
#3366=ORIENTED_EDGE('',*,*,#2544,.F.);
#3367=ORIENTED_EDGE('',*,*,#2547,.F.);
#3368=ORIENTED_EDGE('',*,*,#2550,.F.);
#3369=ORIENTED_EDGE('',*,*,#2553,.F.);
#3370=ORIENTED_EDGE('',*,*,#2556,.F.);
#3371=ORIENTED_EDGE('',*,*,#2559,.F.);
#3372=ORIENTED_EDGE('',*,*,#2562,.F.);
#3373=ORIENTED_EDGE('',*,*,#2565,.F.);
#3374=ORIENTED_EDGE('',*,*,#2568,.F.);
#3375=ORIENTED_EDGE('',*,*,#2571,.F.);
#3376=ORIENTED_EDGE('',*,*,#2576,.F.);
#3377=ORIENTED_EDGE('',*,*,#2577,.T.);
#3378=ORIENTED_EDGE('',*,*,#2578,.F.);
#3379=ORIENTED_EDGE('',*,*,#2579,.F.);
#3380=ORIENTED_EDGE('',*,*,#2580,.F.);
#3381=ORIENTED_EDGE('',*,*,#2579,.T.);
#3382=ORIENTED_EDGE('',*,*,#2581,.F.);
#3383=ORIENTED_EDGE('',*,*,#2582,.F.);
#3384=ORIENTED_EDGE('',*,*,#2583,.F.);
#3385=ORIENTED_EDGE('',*,*,#2582,.T.);
#3386=ORIENTED_EDGE('',*,*,#2584,.F.);
#3387=ORIENTED_EDGE('',*,*,#2585,.F.);
#3388=ORIENTED_EDGE('',*,*,#2586,.F.);
#3389=ORIENTED_EDGE('',*,*,#2585,.T.);
#3390=ORIENTED_EDGE('',*,*,#2587,.F.);
#3391=ORIENTED_EDGE('',*,*,#2588,.F.);
#3392=ORIENTED_EDGE('',*,*,#2589,.F.);
#3393=ORIENTED_EDGE('',*,*,#2588,.T.);
#3394=ORIENTED_EDGE('',*,*,#2590,.F.);
#3395=ORIENTED_EDGE('',*,*,#2591,.F.);
#3396=ORIENTED_EDGE('',*,*,#2592,.F.);
#3397=ORIENTED_EDGE('',*,*,#2591,.T.);
#3398=ORIENTED_EDGE('',*,*,#2593,.F.);
#3399=ORIENTED_EDGE('',*,*,#2594,.F.);
#3400=ORIENTED_EDGE('',*,*,#2595,.F.);
#3401=ORIENTED_EDGE('',*,*,#2594,.T.);
#3402=ORIENTED_EDGE('',*,*,#2596,.F.);
#3403=ORIENTED_EDGE('',*,*,#2597,.F.);
#3404=ORIENTED_EDGE('',*,*,#2598,.F.);
#3405=ORIENTED_EDGE('',*,*,#2597,.T.);
#3406=ORIENTED_EDGE('',*,*,#2599,.F.);
#3407=ORIENTED_EDGE('',*,*,#2600,.F.);
#3408=ORIENTED_EDGE('',*,*,#2601,.F.);
#3409=ORIENTED_EDGE('',*,*,#2600,.T.);
#3410=ORIENTED_EDGE('',*,*,#2602,.F.);
#3411=ORIENTED_EDGE('',*,*,#2603,.F.);
#3412=ORIENTED_EDGE('',*,*,#2604,.F.);
#3413=ORIENTED_EDGE('',*,*,#2603,.T.);
#3414=ORIENTED_EDGE('',*,*,#2605,.F.);
#3415=ORIENTED_EDGE('',*,*,#2606,.F.);
#3416=ORIENTED_EDGE('',*,*,#2607,.F.);
#3417=ORIENTED_EDGE('',*,*,#2606,.T.);
#3418=ORIENTED_EDGE('',*,*,#2608,.F.);
#3419=ORIENTED_EDGE('',*,*,#2609,.F.);
#3420=ORIENTED_EDGE('',*,*,#2610,.F.);
#3421=ORIENTED_EDGE('',*,*,#2609,.T.);
#3422=ORIENTED_EDGE('',*,*,#2611,.F.);
#3423=ORIENTED_EDGE('',*,*,#2612,.F.);
#3424=ORIENTED_EDGE('',*,*,#2613,.F.);
#3425=ORIENTED_EDGE('',*,*,#2612,.T.);
#3426=ORIENTED_EDGE('',*,*,#2614,.F.);
#3427=ORIENTED_EDGE('',*,*,#2615,.F.);
#3428=ORIENTED_EDGE('',*,*,#2616,.F.);
#3429=ORIENTED_EDGE('',*,*,#2615,.T.);
#3430=ORIENTED_EDGE('',*,*,#2617,.F.);
#3431=ORIENTED_EDGE('',*,*,#2618,.F.);
#3432=ORIENTED_EDGE('',*,*,#2619,.F.);
#3433=ORIENTED_EDGE('',*,*,#2618,.T.);
#3434=ORIENTED_EDGE('',*,*,#2620,.F.);
#3435=ORIENTED_EDGE('',*,*,#2621,.F.);
#3436=ORIENTED_EDGE('',*,*,#2622,.F.);
#3437=ORIENTED_EDGE('',*,*,#2621,.T.);
#3438=ORIENTED_EDGE('',*,*,#2623,.F.);
#3439=ORIENTED_EDGE('',*,*,#2624,.F.);
#3440=ORIENTED_EDGE('',*,*,#2625,.F.);
#3441=ORIENTED_EDGE('',*,*,#2624,.T.);
#3442=ORIENTED_EDGE('',*,*,#2626,.F.);
#3443=ORIENTED_EDGE('',*,*,#2627,.F.);
#3444=ORIENTED_EDGE('',*,*,#2628,.F.);
#3445=ORIENTED_EDGE('',*,*,#2627,.T.);
#3446=ORIENTED_EDGE('',*,*,#2629,.F.);
#3447=ORIENTED_EDGE('',*,*,#2630,.F.);
#3448=ORIENTED_EDGE('',*,*,#2631,.F.);
#3449=ORIENTED_EDGE('',*,*,#2630,.T.);
#3450=ORIENTED_EDGE('',*,*,#2632,.F.);
#3451=ORIENTED_EDGE('',*,*,#2633,.F.);
#3452=ORIENTED_EDGE('',*,*,#2634,.F.);
#3453=ORIENTED_EDGE('',*,*,#2633,.T.);
#3454=ORIENTED_EDGE('',*,*,#2635,.F.);
#3455=ORIENTED_EDGE('',*,*,#2636,.F.);
#3456=ORIENTED_EDGE('',*,*,#2637,.F.);
#3457=ORIENTED_EDGE('',*,*,#2636,.T.);
#3458=ORIENTED_EDGE('',*,*,#2638,.F.);
#3459=ORIENTED_EDGE('',*,*,#2639,.F.);
#3460=ORIENTED_EDGE('',*,*,#2640,.F.);
#3461=ORIENTED_EDGE('',*,*,#2639,.T.);
#3462=ORIENTED_EDGE('',*,*,#2641,.F.);
#3463=ORIENTED_EDGE('',*,*,#2642,.F.);
#3464=ORIENTED_EDGE('',*,*,#2643,.F.);
#3465=ORIENTED_EDGE('',*,*,#2642,.T.);
#3466=ORIENTED_EDGE('',*,*,#2644,.F.);
#3467=ORIENTED_EDGE('',*,*,#2645,.F.);
#3468=ORIENTED_EDGE('',*,*,#2646,.F.);
#3469=ORIENTED_EDGE('',*,*,#2645,.T.);
#3470=ORIENTED_EDGE('',*,*,#2647,.F.);
#3471=ORIENTED_EDGE('',*,*,#2648,.F.);
#3472=ORIENTED_EDGE('',*,*,#2649,.F.);
#3473=ORIENTED_EDGE('',*,*,#2648,.T.);
#3474=ORIENTED_EDGE('',*,*,#2650,.F.);
#3475=ORIENTED_EDGE('',*,*,#2651,.F.);
#3476=ORIENTED_EDGE('',*,*,#2652,.F.);
#3477=ORIENTED_EDGE('',*,*,#2651,.T.);
#3478=ORIENTED_EDGE('',*,*,#2653,.F.);
#3479=ORIENTED_EDGE('',*,*,#2654,.F.);
#3480=ORIENTED_EDGE('',*,*,#2655,.F.);
#3481=ORIENTED_EDGE('',*,*,#2654,.T.);
#3482=ORIENTED_EDGE('',*,*,#2656,.F.);
#3483=ORIENTED_EDGE('',*,*,#2657,.F.);
#3484=ORIENTED_EDGE('',*,*,#2658,.F.);
#3485=ORIENTED_EDGE('',*,*,#2657,.T.);
#3486=ORIENTED_EDGE('',*,*,#2659,.F.);
#3487=ORIENTED_EDGE('',*,*,#2660,.F.);
#3488=ORIENTED_EDGE('',*,*,#2661,.F.);
#3489=ORIENTED_EDGE('',*,*,#2660,.T.);
#3490=ORIENTED_EDGE('',*,*,#2662,.F.);
#3491=ORIENTED_EDGE('',*,*,#2663,.F.);
#3492=ORIENTED_EDGE('',*,*,#2664,.F.);
#3493=ORIENTED_EDGE('',*,*,#2663,.T.);
#3494=ORIENTED_EDGE('',*,*,#2665,.F.);
#3495=ORIENTED_EDGE('',*,*,#2666,.F.);
#3496=ORIENTED_EDGE('',*,*,#2667,.F.);
#3497=ORIENTED_EDGE('',*,*,#2666,.T.);
#3498=ORIENTED_EDGE('',*,*,#2668,.F.);
#3499=ORIENTED_EDGE('',*,*,#2669,.F.);
#3500=ORIENTED_EDGE('',*,*,#2670,.F.);
#3501=ORIENTED_EDGE('',*,*,#2669,.T.);
#3502=ORIENTED_EDGE('',*,*,#2671,.F.);
#3503=ORIENTED_EDGE('',*,*,#2672,.F.);
#3504=ORIENTED_EDGE('',*,*,#2673,.F.);
#3505=ORIENTED_EDGE('',*,*,#2672,.T.);
#3506=ORIENTED_EDGE('',*,*,#2674,.F.);
#3507=ORIENTED_EDGE('',*,*,#2675,.F.);
#3508=ORIENTED_EDGE('',*,*,#2676,.F.);
#3509=ORIENTED_EDGE('',*,*,#2675,.T.);
#3510=ORIENTED_EDGE('',*,*,#2677,.F.);
#3511=ORIENTED_EDGE('',*,*,#2678,.F.);
#3512=ORIENTED_EDGE('',*,*,#2679,.F.);
#3513=ORIENTED_EDGE('',*,*,#2678,.T.);
#3514=ORIENTED_EDGE('',*,*,#2680,.F.);
#3515=ORIENTED_EDGE('',*,*,#2681,.F.);
#3516=ORIENTED_EDGE('',*,*,#2682,.F.);
#3517=ORIENTED_EDGE('',*,*,#2681,.T.);
#3518=ORIENTED_EDGE('',*,*,#2683,.F.);
#3519=ORIENTED_EDGE('',*,*,#2684,.F.);
#3520=ORIENTED_EDGE('',*,*,#2685,.F.);
#3521=ORIENTED_EDGE('',*,*,#2684,.T.);
#3522=ORIENTED_EDGE('',*,*,#2686,.F.);
#3523=ORIENTED_EDGE('',*,*,#2687,.F.);
#3524=ORIENTED_EDGE('',*,*,#2688,.F.);
#3525=ORIENTED_EDGE('',*,*,#2687,.T.);
#3526=ORIENTED_EDGE('',*,*,#2689,.F.);
#3527=ORIENTED_EDGE('',*,*,#2690,.F.);
#3528=ORIENTED_EDGE('',*,*,#2691,.F.);
#3529=ORIENTED_EDGE('',*,*,#2690,.T.);
#3530=ORIENTED_EDGE('',*,*,#2692,.F.);
#3531=ORIENTED_EDGE('',*,*,#2693,.F.);
#3532=ORIENTED_EDGE('',*,*,#2694,.F.);
#3533=ORIENTED_EDGE('',*,*,#2693,.T.);
#3534=ORIENTED_EDGE('',*,*,#2695,.F.);
#3535=ORIENTED_EDGE('',*,*,#2696,.F.);
#3536=ORIENTED_EDGE('',*,*,#2697,.F.);
#3537=ORIENTED_EDGE('',*,*,#2696,.T.);
#3538=ORIENTED_EDGE('',*,*,#2698,.F.);
#3539=ORIENTED_EDGE('',*,*,#2699,.F.);
#3540=ORIENTED_EDGE('',*,*,#2700,.F.);
#3541=ORIENTED_EDGE('',*,*,#2699,.T.);
#3542=ORIENTED_EDGE('',*,*,#2701,.F.);
#3543=ORIENTED_EDGE('',*,*,#2577,.F.);
#3544=ORIENTED_EDGE('',*,*,#2700,.T.);
#3545=ORIENTED_EDGE('',*,*,#2576,.T.);
#3546=ORIENTED_EDGE('',*,*,#2580,.T.);
#3547=ORIENTED_EDGE('',*,*,#2583,.T.);
#3548=ORIENTED_EDGE('',*,*,#2586,.T.);
#3549=ORIENTED_EDGE('',*,*,#2589,.T.);
#3550=ORIENTED_EDGE('',*,*,#2592,.T.);
#3551=ORIENTED_EDGE('',*,*,#2595,.T.);
#3552=ORIENTED_EDGE('',*,*,#2598,.T.);
#3553=ORIENTED_EDGE('',*,*,#2601,.T.);
#3554=ORIENTED_EDGE('',*,*,#2604,.T.);
#3555=ORIENTED_EDGE('',*,*,#2607,.T.);
#3556=ORIENTED_EDGE('',*,*,#2610,.T.);
#3557=ORIENTED_EDGE('',*,*,#2613,.T.);
#3558=ORIENTED_EDGE('',*,*,#2616,.T.);
#3559=ORIENTED_EDGE('',*,*,#2619,.T.);
#3560=ORIENTED_EDGE('',*,*,#2622,.T.);
#3561=ORIENTED_EDGE('',*,*,#2625,.T.);
#3562=ORIENTED_EDGE('',*,*,#2628,.T.);
#3563=ORIENTED_EDGE('',*,*,#2631,.T.);
#3564=ORIENTED_EDGE('',*,*,#2634,.T.);
#3565=ORIENTED_EDGE('',*,*,#2637,.T.);
#3566=ORIENTED_EDGE('',*,*,#2640,.T.);
#3567=ORIENTED_EDGE('',*,*,#2643,.T.);
#3568=ORIENTED_EDGE('',*,*,#2646,.T.);
#3569=ORIENTED_EDGE('',*,*,#2649,.T.);
#3570=ORIENTED_EDGE('',*,*,#2652,.T.);
#3571=ORIENTED_EDGE('',*,*,#2655,.T.);
#3572=ORIENTED_EDGE('',*,*,#2658,.T.);
#3573=ORIENTED_EDGE('',*,*,#2661,.T.);
#3574=ORIENTED_EDGE('',*,*,#2664,.T.);
#3575=ORIENTED_EDGE('',*,*,#2667,.T.);
#3576=ORIENTED_EDGE('',*,*,#2670,.T.);
#3577=ORIENTED_EDGE('',*,*,#2673,.T.);
#3578=ORIENTED_EDGE('',*,*,#2676,.T.);
#3579=ORIENTED_EDGE('',*,*,#2679,.T.);
#3580=ORIENTED_EDGE('',*,*,#2682,.T.);
#3581=ORIENTED_EDGE('',*,*,#2685,.T.);
#3582=ORIENTED_EDGE('',*,*,#2688,.T.);
#3583=ORIENTED_EDGE('',*,*,#2691,.T.);
#3584=ORIENTED_EDGE('',*,*,#2694,.T.);
#3585=ORIENTED_EDGE('',*,*,#2697,.T.);
#3586=ORIENTED_EDGE('',*,*,#2701,.T.);
#3587=ORIENTED_EDGE('',*,*,#2698,.T.);
#3588=ORIENTED_EDGE('',*,*,#2695,.T.);
#3589=ORIENTED_EDGE('',*,*,#2692,.T.);
#3590=ORIENTED_EDGE('',*,*,#2689,.T.);
#3591=ORIENTED_EDGE('',*,*,#2686,.T.);
#3592=ORIENTED_EDGE('',*,*,#2683,.T.);
#3593=ORIENTED_EDGE('',*,*,#2680,.T.);
#3594=ORIENTED_EDGE('',*,*,#2677,.T.);
#3595=ORIENTED_EDGE('',*,*,#2674,.T.);
#3596=ORIENTED_EDGE('',*,*,#2671,.T.);
#3597=ORIENTED_EDGE('',*,*,#2668,.T.);
#3598=ORIENTED_EDGE('',*,*,#2665,.T.);
#3599=ORIENTED_EDGE('',*,*,#2662,.T.);
#3600=ORIENTED_EDGE('',*,*,#2659,.T.);
#3601=ORIENTED_EDGE('',*,*,#2656,.T.);
#3602=ORIENTED_EDGE('',*,*,#2653,.T.);
#3603=ORIENTED_EDGE('',*,*,#2650,.T.);
#3604=ORIENTED_EDGE('',*,*,#2647,.T.);
#3605=ORIENTED_EDGE('',*,*,#2644,.T.);
#3606=ORIENTED_EDGE('',*,*,#2641,.T.);
#3607=ORIENTED_EDGE('',*,*,#2638,.T.);
#3608=ORIENTED_EDGE('',*,*,#2635,.T.);
#3609=ORIENTED_EDGE('',*,*,#2632,.T.);
#3610=ORIENTED_EDGE('',*,*,#2629,.T.);
#3611=ORIENTED_EDGE('',*,*,#2626,.T.);
#3612=ORIENTED_EDGE('',*,*,#2623,.T.);
#3613=ORIENTED_EDGE('',*,*,#2620,.T.);
#3614=ORIENTED_EDGE('',*,*,#2617,.T.);
#3615=ORIENTED_EDGE('',*,*,#2614,.T.);
#3616=ORIENTED_EDGE('',*,*,#2611,.T.);
#3617=ORIENTED_EDGE('',*,*,#2608,.T.);
#3618=ORIENTED_EDGE('',*,*,#2605,.T.);
#3619=ORIENTED_EDGE('',*,*,#2602,.T.);
#3620=ORIENTED_EDGE('',*,*,#2599,.T.);
#3621=ORIENTED_EDGE('',*,*,#2596,.T.);
#3622=ORIENTED_EDGE('',*,*,#2593,.T.);
#3623=ORIENTED_EDGE('',*,*,#2590,.T.);
#3624=ORIENTED_EDGE('',*,*,#2587,.T.);
#3625=ORIENTED_EDGE('',*,*,#2584,.T.);
#3626=ORIENTED_EDGE('',*,*,#2581,.T.);
#3627=ORIENTED_EDGE('',*,*,#2578,.T.);
#3628=ORIENTED_EDGE('',*,*,#2702,.F.);
#3629=ORIENTED_EDGE('',*,*,#2703,.T.);
#3630=ORIENTED_EDGE('',*,*,#2704,.F.);
#3631=ORIENTED_EDGE('',*,*,#2705,.F.);
#3632=ORIENTED_EDGE('',*,*,#2706,.F.);
#3633=ORIENTED_EDGE('',*,*,#2705,.T.);
#3634=ORIENTED_EDGE('',*,*,#2707,.F.);
#3635=ORIENTED_EDGE('',*,*,#2708,.F.);
#3636=ORIENTED_EDGE('',*,*,#2709,.F.);
#3637=ORIENTED_EDGE('',*,*,#2708,.T.);
#3638=ORIENTED_EDGE('',*,*,#2710,.F.);
#3639=ORIENTED_EDGE('',*,*,#2711,.F.);
#3640=ORIENTED_EDGE('',*,*,#2712,.F.);
#3641=ORIENTED_EDGE('',*,*,#2711,.T.);
#3642=ORIENTED_EDGE('',*,*,#2713,.F.);
#3643=ORIENTED_EDGE('',*,*,#2714,.F.);
#3644=ORIENTED_EDGE('',*,*,#2715,.F.);
#3645=ORIENTED_EDGE('',*,*,#2714,.T.);
#3646=ORIENTED_EDGE('',*,*,#2716,.F.);
#3647=ORIENTED_EDGE('',*,*,#2717,.F.);
#3648=ORIENTED_EDGE('',*,*,#2718,.F.);
#3649=ORIENTED_EDGE('',*,*,#2717,.T.);
#3650=ORIENTED_EDGE('',*,*,#2719,.F.);
#3651=ORIENTED_EDGE('',*,*,#2720,.F.);
#3652=ORIENTED_EDGE('',*,*,#2721,.F.);
#3653=ORIENTED_EDGE('',*,*,#2720,.T.);
#3654=ORIENTED_EDGE('',*,*,#2722,.F.);
#3655=ORIENTED_EDGE('',*,*,#2723,.F.);
#3656=ORIENTED_EDGE('',*,*,#2724,.F.);
#3657=ORIENTED_EDGE('',*,*,#2723,.T.);
#3658=ORIENTED_EDGE('',*,*,#2725,.F.);
#3659=ORIENTED_EDGE('',*,*,#2703,.F.);
#3660=ORIENTED_EDGE('',*,*,#2724,.T.);
#3661=ORIENTED_EDGE('',*,*,#2702,.T.);
#3662=ORIENTED_EDGE('',*,*,#2706,.T.);
#3663=ORIENTED_EDGE('',*,*,#2709,.T.);
#3664=ORIENTED_EDGE('',*,*,#2712,.T.);
#3665=ORIENTED_EDGE('',*,*,#2715,.T.);
#3666=ORIENTED_EDGE('',*,*,#2718,.T.);
#3667=ORIENTED_EDGE('',*,*,#2721,.T.);
#3668=ORIENTED_EDGE('',*,*,#2725,.T.);
#3669=ORIENTED_EDGE('',*,*,#2722,.T.);
#3670=ORIENTED_EDGE('',*,*,#2719,.T.);
#3671=ORIENTED_EDGE('',*,*,#2716,.T.);
#3672=ORIENTED_EDGE('',*,*,#2713,.T.);
#3673=ORIENTED_EDGE('',*,*,#2710,.T.);
#3674=ORIENTED_EDGE('',*,*,#2707,.T.);
#3675=ORIENTED_EDGE('',*,*,#2704,.T.);
#3676=ORIENTED_EDGE('',*,*,#2726,.T.);
#3677=ORIENTED_EDGE('',*,*,#2727,.T.);
#3678=ORIENTED_EDGE('',*,*,#2728,.F.);
#3679=ORIENTED_EDGE('',*,*,#2729,.F.);
#3680=ORIENTED_EDGE('',*,*,#2730,.T.);
#3681=ORIENTED_EDGE('',*,*,#2729,.T.);
#3682=ORIENTED_EDGE('',*,*,#2731,.F.);
#3683=ORIENTED_EDGE('',*,*,#2732,.F.);
#3684=ORIENTED_EDGE('',*,*,#2733,.T.);
#3685=ORIENTED_EDGE('',*,*,#2732,.T.);
#3686=ORIENTED_EDGE('',*,*,#2734,.F.);
#3687=ORIENTED_EDGE('',*,*,#2735,.F.);
#3688=ORIENTED_EDGE('',*,*,#2736,.T.);
#3689=ORIENTED_EDGE('',*,*,#2735,.T.);
#3690=ORIENTED_EDGE('',*,*,#2737,.F.);
#3691=ORIENTED_EDGE('',*,*,#2727,.F.);
#3692=ORIENTED_EDGE('',*,*,#2737,.T.);
#3693=ORIENTED_EDGE('',*,*,#2734,.T.);
#3694=ORIENTED_EDGE('',*,*,#2731,.T.);
#3695=ORIENTED_EDGE('',*,*,#2728,.T.);
#3696=ORIENTED_EDGE('',*,*,#2736,.F.);
#3697=ORIENTED_EDGE('',*,*,#2726,.F.);
#3698=ORIENTED_EDGE('',*,*,#2730,.F.);
#3699=ORIENTED_EDGE('',*,*,#2733,.F.);
#3700=ORIENTED_EDGE('',*,*,#2738,.T.);
#3701=ORIENTED_EDGE('',*,*,#2739,.T.);
#3702=ORIENTED_EDGE('',*,*,#2740,.F.);
#3703=ORIENTED_EDGE('',*,*,#2741,.F.);
#3704=ORIENTED_EDGE('',*,*,#2742,.T.);
#3705=ORIENTED_EDGE('',*,*,#2741,.T.);
#3706=ORIENTED_EDGE('',*,*,#2743,.F.);
#3707=ORIENTED_EDGE('',*,*,#2744,.F.);
#3708=ORIENTED_EDGE('',*,*,#2745,.T.);
#3709=ORIENTED_EDGE('',*,*,#2744,.T.);
#3710=ORIENTED_EDGE('',*,*,#2746,.F.);
#3711=ORIENTED_EDGE('',*,*,#2747,.F.);
#3712=ORIENTED_EDGE('',*,*,#2748,.T.);
#3713=ORIENTED_EDGE('',*,*,#2747,.T.);
#3714=ORIENTED_EDGE('',*,*,#2749,.F.);
#3715=ORIENTED_EDGE('',*,*,#2739,.F.);
#3716=ORIENTED_EDGE('',*,*,#2749,.T.);
#3717=ORIENTED_EDGE('',*,*,#2746,.T.);
#3718=ORIENTED_EDGE('',*,*,#2743,.T.);
#3719=ORIENTED_EDGE('',*,*,#2740,.T.);
#3720=ORIENTED_EDGE('',*,*,#2748,.F.);
#3721=ORIENTED_EDGE('',*,*,#2738,.F.);
#3722=ORIENTED_EDGE('',*,*,#2742,.F.);
#3723=ORIENTED_EDGE('',*,*,#2745,.F.);
#3724=ORIENTED_EDGE('',*,*,#2750,.T.);
#3725=ORIENTED_EDGE('',*,*,#2751,.T.);
#3726=ORIENTED_EDGE('',*,*,#2752,.F.);
#3727=ORIENTED_EDGE('',*,*,#2753,.F.);
#3728=ORIENTED_EDGE('',*,*,#2754,.T.);
#3729=ORIENTED_EDGE('',*,*,#2753,.T.);
#3730=ORIENTED_EDGE('',*,*,#2755,.F.);
#3731=ORIENTED_EDGE('',*,*,#2756,.F.);
#3732=ORIENTED_EDGE('',*,*,#2757,.T.);
#3733=ORIENTED_EDGE('',*,*,#2756,.T.);
#3734=ORIENTED_EDGE('',*,*,#2758,.F.);
#3735=ORIENTED_EDGE('',*,*,#2759,.F.);
#3736=ORIENTED_EDGE('',*,*,#2760,.T.);
#3737=ORIENTED_EDGE('',*,*,#2759,.T.);
#3738=ORIENTED_EDGE('',*,*,#2761,.F.);
#3739=ORIENTED_EDGE('',*,*,#2751,.F.);
#3740=ORIENTED_EDGE('',*,*,#2761,.T.);
#3741=ORIENTED_EDGE('',*,*,#2758,.T.);
#3742=ORIENTED_EDGE('',*,*,#2755,.T.);
#3743=ORIENTED_EDGE('',*,*,#2752,.T.);
#3744=ORIENTED_EDGE('',*,*,#2760,.F.);
#3745=ORIENTED_EDGE('',*,*,#2750,.F.);
#3746=ORIENTED_EDGE('',*,*,#2754,.F.);
#3747=ORIENTED_EDGE('',*,*,#2757,.F.);
#3748=ORIENTED_EDGE('',*,*,#2762,.T.);
#3749=ORIENTED_EDGE('',*,*,#2763,.T.);
#3750=ORIENTED_EDGE('',*,*,#2764,.F.);
#3751=ORIENTED_EDGE('',*,*,#2765,.F.);
#3752=ORIENTED_EDGE('',*,*,#2766,.T.);
#3753=ORIENTED_EDGE('',*,*,#2765,.T.);
#3754=ORIENTED_EDGE('',*,*,#2767,.F.);
#3755=ORIENTED_EDGE('',*,*,#2768,.F.);
#3756=ORIENTED_EDGE('',*,*,#2769,.T.);
#3757=ORIENTED_EDGE('',*,*,#2768,.T.);
#3758=ORIENTED_EDGE('',*,*,#2770,.F.);
#3759=ORIENTED_EDGE('',*,*,#2771,.F.);
#3760=ORIENTED_EDGE('',*,*,#2772,.T.);
#3761=ORIENTED_EDGE('',*,*,#2771,.T.);
#3762=ORIENTED_EDGE('',*,*,#2773,.F.);
#3763=ORIENTED_EDGE('',*,*,#2774,.F.);
#3764=ORIENTED_EDGE('',*,*,#2775,.T.);
#3765=ORIENTED_EDGE('',*,*,#2774,.T.);
#3766=ORIENTED_EDGE('',*,*,#2776,.F.);
#3767=ORIENTED_EDGE('',*,*,#2777,.F.);
#3768=ORIENTED_EDGE('',*,*,#2778,.T.);
#3769=ORIENTED_EDGE('',*,*,#2777,.T.);
#3770=ORIENTED_EDGE('',*,*,#2779,.F.);
#3771=ORIENTED_EDGE('',*,*,#2780,.F.);
#3772=ORIENTED_EDGE('',*,*,#2781,.T.);
#3773=ORIENTED_EDGE('',*,*,#2780,.T.);
#3774=ORIENTED_EDGE('',*,*,#2782,.F.);
#3775=ORIENTED_EDGE('',*,*,#2783,.F.);
#3776=ORIENTED_EDGE('',*,*,#2784,.T.);
#3777=ORIENTED_EDGE('',*,*,#2783,.T.);
#3778=ORIENTED_EDGE('',*,*,#2785,.F.);
#3779=ORIENTED_EDGE('',*,*,#2786,.F.);
#3780=ORIENTED_EDGE('',*,*,#2787,.T.);
#3781=ORIENTED_EDGE('',*,*,#2786,.T.);
#3782=ORIENTED_EDGE('',*,*,#2788,.F.);
#3783=ORIENTED_EDGE('',*,*,#2789,.F.);
#3784=ORIENTED_EDGE('',*,*,#2790,.T.);
#3785=ORIENTED_EDGE('',*,*,#2789,.T.);
#3786=ORIENTED_EDGE('',*,*,#2791,.F.);
#3787=ORIENTED_EDGE('',*,*,#2763,.F.);
#3788=ORIENTED_EDGE('',*,*,#2791,.T.);
#3789=ORIENTED_EDGE('',*,*,#2788,.T.);
#3790=ORIENTED_EDGE('',*,*,#2785,.T.);
#3791=ORIENTED_EDGE('',*,*,#2782,.T.);
#3792=ORIENTED_EDGE('',*,*,#2779,.T.);
#3793=ORIENTED_EDGE('',*,*,#2776,.T.);
#3794=ORIENTED_EDGE('',*,*,#2773,.T.);
#3795=ORIENTED_EDGE('',*,*,#2770,.T.);
#3796=ORIENTED_EDGE('',*,*,#2767,.T.);
#3797=ORIENTED_EDGE('',*,*,#2764,.T.);
#3798=ORIENTED_EDGE('',*,*,#2790,.F.);
#3799=ORIENTED_EDGE('',*,*,#2762,.F.);
#3800=ORIENTED_EDGE('',*,*,#2766,.F.);
#3801=ORIENTED_EDGE('',*,*,#2769,.F.);
#3802=ORIENTED_EDGE('',*,*,#2772,.F.);
#3803=ORIENTED_EDGE('',*,*,#2775,.F.);
#3804=ORIENTED_EDGE('',*,*,#2778,.F.);
#3805=ORIENTED_EDGE('',*,*,#2781,.F.);
#3806=ORIENTED_EDGE('',*,*,#2784,.F.);
#3807=ORIENTED_EDGE('',*,*,#2787,.F.);
#3808=ORIENTED_EDGE('',*,*,#2792,.T.);
#3809=ORIENTED_EDGE('',*,*,#2793,.T.);
#3810=ORIENTED_EDGE('',*,*,#2794,.F.);
#3811=ORIENTED_EDGE('',*,*,#2795,.F.);
#3812=ORIENTED_EDGE('',*,*,#2796,.T.);
#3813=ORIENTED_EDGE('',*,*,#2795,.T.);
#3814=ORIENTED_EDGE('',*,*,#2797,.F.);
#3815=ORIENTED_EDGE('',*,*,#2798,.F.);
#3816=ORIENTED_EDGE('',*,*,#2799,.T.);
#3817=ORIENTED_EDGE('',*,*,#2798,.T.);
#3818=ORIENTED_EDGE('',*,*,#2800,.F.);
#3819=ORIENTED_EDGE('',*,*,#2801,.F.);
#3820=ORIENTED_EDGE('',*,*,#2802,.T.);
#3821=ORIENTED_EDGE('',*,*,#2801,.T.);
#3822=ORIENTED_EDGE('',*,*,#2803,.F.);
#3823=ORIENTED_EDGE('',*,*,#2804,.F.);
#3824=ORIENTED_EDGE('',*,*,#2805,.T.);
#3825=ORIENTED_EDGE('',*,*,#2804,.T.);
#3826=ORIENTED_EDGE('',*,*,#2806,.F.);
#3827=ORIENTED_EDGE('',*,*,#2807,.F.);
#3828=ORIENTED_EDGE('',*,*,#2808,.T.);
#3829=ORIENTED_EDGE('',*,*,#2807,.T.);
#3830=ORIENTED_EDGE('',*,*,#2809,.F.);
#3831=ORIENTED_EDGE('',*,*,#2810,.F.);
#3832=ORIENTED_EDGE('',*,*,#2811,.T.);
#3833=ORIENTED_EDGE('',*,*,#2810,.T.);
#3834=ORIENTED_EDGE('',*,*,#2812,.F.);
#3835=ORIENTED_EDGE('',*,*,#2813,.F.);
#3836=ORIENTED_EDGE('',*,*,#2814,.T.);
#3837=ORIENTED_EDGE('',*,*,#2813,.T.);
#3838=ORIENTED_EDGE('',*,*,#2815,.F.);
#3839=ORIENTED_EDGE('',*,*,#2816,.F.);
#3840=ORIENTED_EDGE('',*,*,#2817,.T.);
#3841=ORIENTED_EDGE('',*,*,#2816,.T.);
#3842=ORIENTED_EDGE('',*,*,#2818,.F.);
#3843=ORIENTED_EDGE('',*,*,#2819,.F.);
#3844=ORIENTED_EDGE('',*,*,#2820,.T.);
#3845=ORIENTED_EDGE('',*,*,#2819,.T.);
#3846=ORIENTED_EDGE('',*,*,#2821,.F.);
#3847=ORIENTED_EDGE('',*,*,#2793,.F.);
#3848=ORIENTED_EDGE('',*,*,#2821,.T.);
#3849=ORIENTED_EDGE('',*,*,#2818,.T.);
#3850=ORIENTED_EDGE('',*,*,#2815,.T.);
#3851=ORIENTED_EDGE('',*,*,#2812,.T.);
#3852=ORIENTED_EDGE('',*,*,#2809,.T.);
#3853=ORIENTED_EDGE('',*,*,#2806,.T.);
#3854=ORIENTED_EDGE('',*,*,#2803,.T.);
#3855=ORIENTED_EDGE('',*,*,#2800,.T.);
#3856=ORIENTED_EDGE('',*,*,#2797,.T.);
#3857=ORIENTED_EDGE('',*,*,#2794,.T.);
#3858=ORIENTED_EDGE('',*,*,#2820,.F.);
#3859=ORIENTED_EDGE('',*,*,#2792,.F.);
#3860=ORIENTED_EDGE('',*,*,#2796,.F.);
#3861=ORIENTED_EDGE('',*,*,#2799,.F.);
#3862=ORIENTED_EDGE('',*,*,#2802,.F.);
#3863=ORIENTED_EDGE('',*,*,#2805,.F.);
#3864=ORIENTED_EDGE('',*,*,#2808,.F.);
#3865=ORIENTED_EDGE('',*,*,#2811,.F.);
#3866=ORIENTED_EDGE('',*,*,#2814,.F.);
#3867=ORIENTED_EDGE('',*,*,#2817,.F.);
#3868=ORIENTED_EDGE('',*,*,#2822,.F.);
#3869=ORIENTED_EDGE('',*,*,#2823,.T.);
#3870=ORIENTED_EDGE('',*,*,#2822,.T.);
#3871=ORIENTED_EDGE('',*,*,#2823,.F.);
#3872=ORIENTED_EDGE('',*,*,#2824,.T.);
#3873=ORIENTED_EDGE('',*,*,#2825,.T.);
#3874=ORIENTED_EDGE('',*,*,#2826,.F.);
#3875=ORIENTED_EDGE('',*,*,#2827,.F.);
#3876=ORIENTED_EDGE('',*,*,#2828,.T.);
#3877=ORIENTED_EDGE('',*,*,#2827,.T.);
#3878=ORIENTED_EDGE('',*,*,#2829,.F.);
#3879=ORIENTED_EDGE('',*,*,#2830,.F.);
#3880=ORIENTED_EDGE('',*,*,#2831,.T.);
#3881=ORIENTED_EDGE('',*,*,#2830,.T.);
#3882=ORIENTED_EDGE('',*,*,#2832,.F.);
#3883=ORIENTED_EDGE('',*,*,#2833,.F.);
#3884=ORIENTED_EDGE('',*,*,#2834,.T.);
#3885=ORIENTED_EDGE('',*,*,#2833,.T.);
#3886=ORIENTED_EDGE('',*,*,#2835,.F.);
#3887=ORIENTED_EDGE('',*,*,#2836,.F.);
#3888=ORIENTED_EDGE('',*,*,#2837,.T.);
#3889=ORIENTED_EDGE('',*,*,#2836,.T.);
#3890=ORIENTED_EDGE('',*,*,#2838,.F.);
#3891=ORIENTED_EDGE('',*,*,#2839,.F.);
#3892=ORIENTED_EDGE('',*,*,#2840,.T.);
#3893=ORIENTED_EDGE('',*,*,#2839,.T.);
#3894=ORIENTED_EDGE('',*,*,#2841,.F.);
#3895=ORIENTED_EDGE('',*,*,#2842,.F.);
#3896=ORIENTED_EDGE('',*,*,#2843,.T.);
#3897=ORIENTED_EDGE('',*,*,#2842,.T.);
#3898=ORIENTED_EDGE('',*,*,#2844,.F.);
#3899=ORIENTED_EDGE('',*,*,#2845,.F.);
#3900=ORIENTED_EDGE('',*,*,#2846,.T.);
#3901=ORIENTED_EDGE('',*,*,#2845,.T.);
#3902=ORIENTED_EDGE('',*,*,#2847,.F.);
#3903=ORIENTED_EDGE('',*,*,#2848,.F.);
#3904=ORIENTED_EDGE('',*,*,#2849,.T.);
#3905=ORIENTED_EDGE('',*,*,#2848,.T.);
#3906=ORIENTED_EDGE('',*,*,#2850,.F.);
#3907=ORIENTED_EDGE('',*,*,#2851,.F.);
#3908=ORIENTED_EDGE('',*,*,#2852,.T.);
#3909=ORIENTED_EDGE('',*,*,#2851,.T.);
#3910=ORIENTED_EDGE('',*,*,#2853,.F.);
#3911=ORIENTED_EDGE('',*,*,#2854,.F.);
#3912=ORIENTED_EDGE('',*,*,#2855,.T.);
#3913=ORIENTED_EDGE('',*,*,#2854,.T.);
#3914=ORIENTED_EDGE('',*,*,#2856,.F.);
#3915=ORIENTED_EDGE('',*,*,#2857,.F.);
#3916=ORIENTED_EDGE('',*,*,#2858,.T.);
#3917=ORIENTED_EDGE('',*,*,#2857,.T.);
#3918=ORIENTED_EDGE('',*,*,#2859,.F.);
#3919=ORIENTED_EDGE('',*,*,#2860,.F.);
#3920=ORIENTED_EDGE('',*,*,#2861,.T.);
#3921=ORIENTED_EDGE('',*,*,#2860,.T.);
#3922=ORIENTED_EDGE('',*,*,#2862,.F.);
#3923=ORIENTED_EDGE('',*,*,#2863,.F.);
#3924=ORIENTED_EDGE('',*,*,#2864,.T.);
#3925=ORIENTED_EDGE('',*,*,#2863,.T.);
#3926=ORIENTED_EDGE('',*,*,#2865,.F.);
#3927=ORIENTED_EDGE('',*,*,#2825,.F.);
#3928=ORIENTED_EDGE('',*,*,#2865,.T.);
#3929=ORIENTED_EDGE('',*,*,#2862,.T.);
#3930=ORIENTED_EDGE('',*,*,#2859,.T.);
#3931=ORIENTED_EDGE('',*,*,#2856,.T.);
#3932=ORIENTED_EDGE('',*,*,#2853,.T.);
#3933=ORIENTED_EDGE('',*,*,#2850,.T.);
#3934=ORIENTED_EDGE('',*,*,#2847,.T.);
#3935=ORIENTED_EDGE('',*,*,#2844,.T.);
#3936=ORIENTED_EDGE('',*,*,#2841,.T.);
#3937=ORIENTED_EDGE('',*,*,#2838,.T.);
#3938=ORIENTED_EDGE('',*,*,#2835,.T.);
#3939=ORIENTED_EDGE('',*,*,#2832,.T.);
#3940=ORIENTED_EDGE('',*,*,#2829,.T.);
#3941=ORIENTED_EDGE('',*,*,#2826,.T.);
#3942=ORIENTED_EDGE('',*,*,#2864,.F.);
#3943=ORIENTED_EDGE('',*,*,#2824,.F.);
#3944=ORIENTED_EDGE('',*,*,#2828,.F.);
#3945=ORIENTED_EDGE('',*,*,#2831,.F.);
#3946=ORIENTED_EDGE('',*,*,#2834,.F.);
#3947=ORIENTED_EDGE('',*,*,#2837,.F.);
#3948=ORIENTED_EDGE('',*,*,#2840,.F.);
#3949=ORIENTED_EDGE('',*,*,#2843,.F.);
#3950=ORIENTED_EDGE('',*,*,#2846,.F.);
#3951=ORIENTED_EDGE('',*,*,#2849,.F.);
#3952=ORIENTED_EDGE('',*,*,#2852,.F.);
#3953=ORIENTED_EDGE('',*,*,#2855,.F.);
#3954=ORIENTED_EDGE('',*,*,#2858,.F.);
#3955=ORIENTED_EDGE('',*,*,#2861,.F.);
#3956=ORIENTED_EDGE('',*,*,#2866,.F.);
#3957=ORIENTED_EDGE('',*,*,#2867,.T.);
#3958=ORIENTED_EDGE('',*,*,#2866,.T.);
#3959=ORIENTED_EDGE('',*,*,#2867,.F.);
#3960=ORIENTED_EDGE('',*,*,#2868,.F.);
#3961=ORIENTED_EDGE('',*,*,#2869,.T.);
#3962=ORIENTED_EDGE('',*,*,#2870,.F.);
#3963=ORIENTED_EDGE('',*,*,#2871,.F.);
#3964=ORIENTED_EDGE('',*,*,#2872,.F.);
#3965=ORIENTED_EDGE('',*,*,#2873,.T.);
#3966=ORIENTED_EDGE('',*,*,#2874,.F.);
#3967=ORIENTED_EDGE('',*,*,#2869,.F.);
#3968=ORIENTED_EDGE('',*,*,#2875,.F.);
#3969=ORIENTED_EDGE('',*,*,#2876,.T.);
#3970=ORIENTED_EDGE('',*,*,#2877,.F.);
#3971=ORIENTED_EDGE('',*,*,#2873,.F.);
#3972=ORIENTED_EDGE('',*,*,#2878,.F.);
#3973=ORIENTED_EDGE('',*,*,#2871,.T.);
#3974=ORIENTED_EDGE('',*,*,#2879,.F.);
#3975=ORIENTED_EDGE('',*,*,#2876,.F.);
#3976=ORIENTED_EDGE('',*,*,#2880,.T.);
#3977=ORIENTED_EDGE('',*,*,#2881,.T.);
#3978=ORIENTED_EDGE('',*,*,#2882,.F.);
#3979=ORIENTED_EDGE('',*,*,#2883,.F.);
#3980=ORIENTED_EDGE('',*,*,#2884,.T.);
#3981=ORIENTED_EDGE('',*,*,#2883,.T.);
#3982=ORIENTED_EDGE('',*,*,#2885,.F.);
#3983=ORIENTED_EDGE('',*,*,#2886,.F.);
#3984=ORIENTED_EDGE('',*,*,#2887,.T.);
#3985=ORIENTED_EDGE('',*,*,#2886,.T.);
#3986=ORIENTED_EDGE('',*,*,#2888,.F.);
#3987=ORIENTED_EDGE('',*,*,#2889,.F.);
#3988=ORIENTED_EDGE('',*,*,#2890,.T.);
#3989=ORIENTED_EDGE('',*,*,#2889,.T.);
#3990=ORIENTED_EDGE('',*,*,#2891,.F.);
#3991=ORIENTED_EDGE('',*,*,#2892,.F.);
#3992=ORIENTED_EDGE('',*,*,#2893,.T.);
#3993=ORIENTED_EDGE('',*,*,#2892,.T.);
#3994=ORIENTED_EDGE('',*,*,#2894,.F.);
#3995=ORIENTED_EDGE('',*,*,#2895,.F.);
#3996=ORIENTED_EDGE('',*,*,#2896,.T.);
#3997=ORIENTED_EDGE('',*,*,#2895,.T.);
#3998=ORIENTED_EDGE('',*,*,#2897,.F.);
#3999=ORIENTED_EDGE('',*,*,#2898,.F.);
#4000=ORIENTED_EDGE('',*,*,#2899,.T.);
#4001=ORIENTED_EDGE('',*,*,#2898,.T.);
#4002=ORIENTED_EDGE('',*,*,#2900,.F.);
#4003=ORIENTED_EDGE('',*,*,#2901,.F.);
#4004=ORIENTED_EDGE('',*,*,#2902,.T.);
#4005=ORIENTED_EDGE('',*,*,#2901,.T.);
#4006=ORIENTED_EDGE('',*,*,#2903,.F.);
#4007=ORIENTED_EDGE('',*,*,#2881,.F.);
#4008=ORIENTED_EDGE('',*,*,#2903,.T.);
#4009=ORIENTED_EDGE('',*,*,#2900,.T.);
#4010=ORIENTED_EDGE('',*,*,#2897,.T.);
#4011=ORIENTED_EDGE('',*,*,#2894,.T.);
#4012=ORIENTED_EDGE('',*,*,#2891,.T.);
#4013=ORIENTED_EDGE('',*,*,#2888,.T.);
#4014=ORIENTED_EDGE('',*,*,#2885,.T.);
#4015=ORIENTED_EDGE('',*,*,#2882,.T.);
#4016=ORIENTED_EDGE('',*,*,#2870,.T.);
#4017=ORIENTED_EDGE('',*,*,#2874,.T.);
#4018=ORIENTED_EDGE('',*,*,#2877,.T.);
#4019=ORIENTED_EDGE('',*,*,#2879,.T.);
#4020=ORIENTED_EDGE('',*,*,#2902,.F.);
#4021=ORIENTED_EDGE('',*,*,#2880,.F.);
#4022=ORIENTED_EDGE('',*,*,#2884,.F.);
#4023=ORIENTED_EDGE('',*,*,#2887,.F.);
#4024=ORIENTED_EDGE('',*,*,#2890,.F.);
#4025=ORIENTED_EDGE('',*,*,#2893,.F.);
#4026=ORIENTED_EDGE('',*,*,#2896,.F.);
#4027=ORIENTED_EDGE('',*,*,#2899,.F.);
#4028=ORIENTED_EDGE('',*,*,#2868,.T.);
#4029=ORIENTED_EDGE('',*,*,#2878,.T.);
#4030=ORIENTED_EDGE('',*,*,#2875,.T.);
#4031=ORIENTED_EDGE('',*,*,#2872,.T.);
#4032=ORIENTED_EDGE('',*,*,#2904,.F.);
#4033=ORIENTED_EDGE('',*,*,#2905,.T.);
#4034=ORIENTED_EDGE('',*,*,#2906,.F.);
#4035=ORIENTED_EDGE('',*,*,#2907,.F.);
#4036=ORIENTED_EDGE('',*,*,#2908,.F.);
#4037=ORIENTED_EDGE('',*,*,#2909,.T.);
#4038=ORIENTED_EDGE('',*,*,#2910,.F.);
#4039=ORIENTED_EDGE('',*,*,#2905,.F.);
#4040=ORIENTED_EDGE('',*,*,#2911,.F.);
#4041=ORIENTED_EDGE('',*,*,#2912,.T.);
#4042=ORIENTED_EDGE('',*,*,#2913,.F.);
#4043=ORIENTED_EDGE('',*,*,#2909,.F.);
#4044=ORIENTED_EDGE('',*,*,#2914,.F.);
#4045=ORIENTED_EDGE('',*,*,#2907,.T.);
#4046=ORIENTED_EDGE('',*,*,#2915,.F.);
#4047=ORIENTED_EDGE('',*,*,#2912,.F.);
#4048=ORIENTED_EDGE('',*,*,#2916,.T.);
#4049=ORIENTED_EDGE('',*,*,#2917,.T.);
#4050=ORIENTED_EDGE('',*,*,#2918,.F.);
#4051=ORIENTED_EDGE('',*,*,#2919,.F.);
#4052=ORIENTED_EDGE('',*,*,#2920,.T.);
#4053=ORIENTED_EDGE('',*,*,#2919,.T.);
#4054=ORIENTED_EDGE('',*,*,#2921,.F.);
#4055=ORIENTED_EDGE('',*,*,#2922,.F.);
#4056=ORIENTED_EDGE('',*,*,#2923,.T.);
#4057=ORIENTED_EDGE('',*,*,#2922,.T.);
#4058=ORIENTED_EDGE('',*,*,#2924,.F.);
#4059=ORIENTED_EDGE('',*,*,#2925,.F.);
#4060=ORIENTED_EDGE('',*,*,#2926,.T.);
#4061=ORIENTED_EDGE('',*,*,#2925,.T.);
#4062=ORIENTED_EDGE('',*,*,#2927,.F.);
#4063=ORIENTED_EDGE('',*,*,#2917,.F.);
#4064=ORIENTED_EDGE('',*,*,#2927,.T.);
#4065=ORIENTED_EDGE('',*,*,#2924,.T.);
#4066=ORIENTED_EDGE('',*,*,#2921,.T.);
#4067=ORIENTED_EDGE('',*,*,#2918,.T.);
#4068=ORIENTED_EDGE('',*,*,#2906,.T.);
#4069=ORIENTED_EDGE('',*,*,#2910,.T.);
#4070=ORIENTED_EDGE('',*,*,#2913,.T.);
#4071=ORIENTED_EDGE('',*,*,#2915,.T.);
#4072=ORIENTED_EDGE('',*,*,#2926,.F.);
#4073=ORIENTED_EDGE('',*,*,#2916,.F.);
#4074=ORIENTED_EDGE('',*,*,#2920,.F.);
#4075=ORIENTED_EDGE('',*,*,#2923,.F.);
#4076=ORIENTED_EDGE('',*,*,#2904,.T.);
#4077=ORIENTED_EDGE('',*,*,#2914,.T.);
#4078=ORIENTED_EDGE('',*,*,#2911,.T.);
#4079=ORIENTED_EDGE('',*,*,#2908,.T.);
#4080=ORIENTED_EDGE('',*,*,#2928,.T.);
#4081=ORIENTED_EDGE('',*,*,#2929,.T.);
#4082=ORIENTED_EDGE('',*,*,#2930,.F.);
#4083=ORIENTED_EDGE('',*,*,#2931,.F.);
#4084=ORIENTED_EDGE('',*,*,#2932,.T.);
#4085=ORIENTED_EDGE('',*,*,#2931,.T.);
#4086=ORIENTED_EDGE('',*,*,#2933,.F.);
#4087=ORIENTED_EDGE('',*,*,#2934,.F.);
#4088=ORIENTED_EDGE('',*,*,#2935,.T.);
#4089=ORIENTED_EDGE('',*,*,#2934,.T.);
#4090=ORIENTED_EDGE('',*,*,#2936,.F.);
#4091=ORIENTED_EDGE('',*,*,#2937,.F.);
#4092=ORIENTED_EDGE('',*,*,#2938,.T.);
#4093=ORIENTED_EDGE('',*,*,#2937,.T.);
#4094=ORIENTED_EDGE('',*,*,#2939,.F.);
#4095=ORIENTED_EDGE('',*,*,#2940,.F.);
#4096=ORIENTED_EDGE('',*,*,#2941,.T.);
#4097=ORIENTED_EDGE('',*,*,#2940,.T.);
#4098=ORIENTED_EDGE('',*,*,#2942,.F.);
#4099=ORIENTED_EDGE('',*,*,#2943,.F.);
#4100=ORIENTED_EDGE('',*,*,#2944,.T.);
#4101=ORIENTED_EDGE('',*,*,#2943,.T.);
#4102=ORIENTED_EDGE('',*,*,#2945,.F.);
#4103=ORIENTED_EDGE('',*,*,#2946,.F.);
#4104=ORIENTED_EDGE('',*,*,#2947,.T.);
#4105=ORIENTED_EDGE('',*,*,#2946,.T.);
#4106=ORIENTED_EDGE('',*,*,#2948,.F.);
#4107=ORIENTED_EDGE('',*,*,#2949,.F.);
#4108=ORIENTED_EDGE('',*,*,#2950,.T.);
#4109=ORIENTED_EDGE('',*,*,#2949,.T.);
#4110=ORIENTED_EDGE('',*,*,#2951,.F.);
#4111=ORIENTED_EDGE('',*,*,#2952,.F.);
#4112=ORIENTED_EDGE('',*,*,#2953,.T.);
#4113=ORIENTED_EDGE('',*,*,#2952,.T.);
#4114=ORIENTED_EDGE('',*,*,#2954,.F.);
#4115=ORIENTED_EDGE('',*,*,#2955,.F.);
#4116=ORIENTED_EDGE('',*,*,#2956,.T.);
#4117=ORIENTED_EDGE('',*,*,#2955,.T.);
#4118=ORIENTED_EDGE('',*,*,#2957,.F.);
#4119=ORIENTED_EDGE('',*,*,#2929,.F.);
#4120=ORIENTED_EDGE('',*,*,#2957,.T.);
#4121=ORIENTED_EDGE('',*,*,#2954,.T.);
#4122=ORIENTED_EDGE('',*,*,#2951,.T.);
#4123=ORIENTED_EDGE('',*,*,#2948,.T.);
#4124=ORIENTED_EDGE('',*,*,#2945,.T.);
#4125=ORIENTED_EDGE('',*,*,#2942,.T.);
#4126=ORIENTED_EDGE('',*,*,#2939,.T.);
#4127=ORIENTED_EDGE('',*,*,#2936,.T.);
#4128=ORIENTED_EDGE('',*,*,#2933,.T.);
#4129=ORIENTED_EDGE('',*,*,#2930,.T.);
#4130=ORIENTED_EDGE('',*,*,#2956,.F.);
#4131=ORIENTED_EDGE('',*,*,#2928,.F.);
#4132=ORIENTED_EDGE('',*,*,#2932,.F.);
#4133=ORIENTED_EDGE('',*,*,#2935,.F.);
#4134=ORIENTED_EDGE('',*,*,#2938,.F.);
#4135=ORIENTED_EDGE('',*,*,#2941,.F.);
#4136=ORIENTED_EDGE('',*,*,#2944,.F.);
#4137=ORIENTED_EDGE('',*,*,#2947,.F.);
#4138=ORIENTED_EDGE('',*,*,#2950,.F.);
#4139=ORIENTED_EDGE('',*,*,#2953,.F.);
#4140=ORIENTED_EDGE('',*,*,#2958,.T.);
#4141=ORIENTED_EDGE('',*,*,#2959,.T.);
#4142=ORIENTED_EDGE('',*,*,#2960,.F.);
#4143=ORIENTED_EDGE('',*,*,#2961,.F.);
#4144=ORIENTED_EDGE('',*,*,#2962,.T.);
#4145=ORIENTED_EDGE('',*,*,#2961,.T.);
#4146=ORIENTED_EDGE('',*,*,#2963,.F.);
#4147=ORIENTED_EDGE('',*,*,#2964,.F.);
#4148=ORIENTED_EDGE('',*,*,#2965,.T.);
#4149=ORIENTED_EDGE('',*,*,#2964,.T.);
#4150=ORIENTED_EDGE('',*,*,#2966,.F.);
#4151=ORIENTED_EDGE('',*,*,#2967,.F.);
#4152=ORIENTED_EDGE('',*,*,#2968,.T.);
#4153=ORIENTED_EDGE('',*,*,#2967,.T.);
#4154=ORIENTED_EDGE('',*,*,#2969,.F.);
#4155=ORIENTED_EDGE('',*,*,#2970,.F.);
#4156=ORIENTED_EDGE('',*,*,#2971,.T.);
#4157=ORIENTED_EDGE('',*,*,#2970,.T.);
#4158=ORIENTED_EDGE('',*,*,#2972,.F.);
#4159=ORIENTED_EDGE('',*,*,#2973,.F.);
#4160=ORIENTED_EDGE('',*,*,#2974,.T.);
#4161=ORIENTED_EDGE('',*,*,#2973,.T.);
#4162=ORIENTED_EDGE('',*,*,#2975,.F.);
#4163=ORIENTED_EDGE('',*,*,#2976,.F.);
#4164=ORIENTED_EDGE('',*,*,#2977,.T.);
#4165=ORIENTED_EDGE('',*,*,#2976,.T.);
#4166=ORIENTED_EDGE('',*,*,#2978,.F.);
#4167=ORIENTED_EDGE('',*,*,#2979,.F.);
#4168=ORIENTED_EDGE('',*,*,#2980,.T.);
#4169=ORIENTED_EDGE('',*,*,#2979,.T.);
#4170=ORIENTED_EDGE('',*,*,#2981,.F.);
#4171=ORIENTED_EDGE('',*,*,#2982,.F.);
#4172=ORIENTED_EDGE('',*,*,#2983,.T.);
#4173=ORIENTED_EDGE('',*,*,#2982,.T.);
#4174=ORIENTED_EDGE('',*,*,#2984,.F.);
#4175=ORIENTED_EDGE('',*,*,#2985,.F.);
#4176=ORIENTED_EDGE('',*,*,#2986,.T.);
#4177=ORIENTED_EDGE('',*,*,#2985,.T.);
#4178=ORIENTED_EDGE('',*,*,#2987,.F.);
#4179=ORIENTED_EDGE('',*,*,#2959,.F.);
#4180=ORIENTED_EDGE('',*,*,#2987,.T.);
#4181=ORIENTED_EDGE('',*,*,#2984,.T.);
#4182=ORIENTED_EDGE('',*,*,#2981,.T.);
#4183=ORIENTED_EDGE('',*,*,#2978,.T.);
#4184=ORIENTED_EDGE('',*,*,#2975,.T.);
#4185=ORIENTED_EDGE('',*,*,#2972,.T.);
#4186=ORIENTED_EDGE('',*,*,#2969,.T.);
#4187=ORIENTED_EDGE('',*,*,#2966,.T.);
#4188=ORIENTED_EDGE('',*,*,#2963,.T.);
#4189=ORIENTED_EDGE('',*,*,#2960,.T.);
#4190=ORIENTED_EDGE('',*,*,#2986,.F.);
#4191=ORIENTED_EDGE('',*,*,#2958,.F.);
#4192=ORIENTED_EDGE('',*,*,#2962,.F.);
#4193=ORIENTED_EDGE('',*,*,#2965,.F.);
#4194=ORIENTED_EDGE('',*,*,#2968,.F.);
#4195=ORIENTED_EDGE('',*,*,#2971,.F.);
#4196=ORIENTED_EDGE('',*,*,#2974,.F.);
#4197=ORIENTED_EDGE('',*,*,#2977,.F.);
#4198=ORIENTED_EDGE('',*,*,#2980,.F.);
#4199=ORIENTED_EDGE('',*,*,#2983,.F.);
#4200=ORIENTED_EDGE('',*,*,#2988,.F.);
#4201=ORIENTED_EDGE('',*,*,#2989,.T.);
#4202=ORIENTED_EDGE('',*,*,#2990,.F.);
#4203=ORIENTED_EDGE('',*,*,#2991,.F.);
#4204=ORIENTED_EDGE('',*,*,#2992,.F.);
#4205=ORIENTED_EDGE('',*,*,#2991,.T.);
#4206=ORIENTED_EDGE('',*,*,#2993,.F.);
#4207=ORIENTED_EDGE('',*,*,#2994,.F.);
#4208=ORIENTED_EDGE('',*,*,#2995,.F.);
#4209=ORIENTED_EDGE('',*,*,#2994,.T.);
#4210=ORIENTED_EDGE('',*,*,#2996,.F.);
#4211=ORIENTED_EDGE('',*,*,#2997,.F.);
#4212=ORIENTED_EDGE('',*,*,#2998,.F.);
#4213=ORIENTED_EDGE('',*,*,#2997,.T.);
#4214=ORIENTED_EDGE('',*,*,#2999,.F.);
#4215=ORIENTED_EDGE('',*,*,#3000,.F.);
#4216=ORIENTED_EDGE('',*,*,#3001,.F.);
#4217=ORIENTED_EDGE('',*,*,#3000,.T.);
#4218=ORIENTED_EDGE('',*,*,#3002,.F.);
#4219=ORIENTED_EDGE('',*,*,#3003,.F.);
#4220=ORIENTED_EDGE('',*,*,#3004,.F.);
#4221=ORIENTED_EDGE('',*,*,#3003,.T.);
#4222=ORIENTED_EDGE('',*,*,#3005,.F.);
#4223=ORIENTED_EDGE('',*,*,#3006,.F.);
#4224=ORIENTED_EDGE('',*,*,#3007,.F.);
#4225=ORIENTED_EDGE('',*,*,#3006,.T.);
#4226=ORIENTED_EDGE('',*,*,#3008,.F.);
#4227=ORIENTED_EDGE('',*,*,#3009,.F.);
#4228=ORIENTED_EDGE('',*,*,#3010,.F.);
#4229=ORIENTED_EDGE('',*,*,#3009,.T.);
#4230=ORIENTED_EDGE('',*,*,#3011,.F.);
#4231=ORIENTED_EDGE('',*,*,#2989,.F.);
#4232=ORIENTED_EDGE('',*,*,#3010,.T.);
#4233=ORIENTED_EDGE('',*,*,#2988,.T.);
#4234=ORIENTED_EDGE('',*,*,#2992,.T.);
#4235=ORIENTED_EDGE('',*,*,#2995,.T.);
#4236=ORIENTED_EDGE('',*,*,#2998,.T.);
#4237=ORIENTED_EDGE('',*,*,#3001,.T.);
#4238=ORIENTED_EDGE('',*,*,#3004,.T.);
#4239=ORIENTED_EDGE('',*,*,#3007,.T.);
#4240=ORIENTED_EDGE('',*,*,#3011,.T.);
#4241=ORIENTED_EDGE('',*,*,#3008,.T.);
#4242=ORIENTED_EDGE('',*,*,#3005,.T.);
#4243=ORIENTED_EDGE('',*,*,#3002,.T.);
#4244=ORIENTED_EDGE('',*,*,#2999,.T.);
#4245=ORIENTED_EDGE('',*,*,#2996,.T.);
#4246=ORIENTED_EDGE('',*,*,#2993,.T.);
#4247=ORIENTED_EDGE('',*,*,#2990,.T.);
#4248=ORIENTED_EDGE('',*,*,#3012,.F.);
#4249=ORIENTED_EDGE('',*,*,#3013,.T.);
#4250=ORIENTED_EDGE('',*,*,#3014,.F.);
#4251=ORIENTED_EDGE('',*,*,#3015,.F.);
#4252=ORIENTED_EDGE('',*,*,#3016,.F.);
#4253=ORIENTED_EDGE('',*,*,#3015,.T.);
#4254=ORIENTED_EDGE('',*,*,#3017,.F.);
#4255=ORIENTED_EDGE('',*,*,#3018,.F.);
#4256=ORIENTED_EDGE('',*,*,#3019,.F.);
#4257=ORIENTED_EDGE('',*,*,#3018,.T.);
#4258=ORIENTED_EDGE('',*,*,#3020,.F.);
#4259=ORIENTED_EDGE('',*,*,#3021,.F.);
#4260=ORIENTED_EDGE('',*,*,#3022,.F.);
#4261=ORIENTED_EDGE('',*,*,#3021,.T.);
#4262=ORIENTED_EDGE('',*,*,#3023,.F.);
#4263=ORIENTED_EDGE('',*,*,#3024,.F.);
#4264=ORIENTED_EDGE('',*,*,#3025,.F.);
#4265=ORIENTED_EDGE('',*,*,#3024,.T.);
#4266=ORIENTED_EDGE('',*,*,#3026,.F.);
#4267=ORIENTED_EDGE('',*,*,#3027,.F.);
#4268=ORIENTED_EDGE('',*,*,#3028,.F.);
#4269=ORIENTED_EDGE('',*,*,#3027,.T.);
#4270=ORIENTED_EDGE('',*,*,#3029,.F.);
#4271=ORIENTED_EDGE('',*,*,#3030,.F.);
#4272=ORIENTED_EDGE('',*,*,#3031,.F.);
#4273=ORIENTED_EDGE('',*,*,#3030,.T.);
#4274=ORIENTED_EDGE('',*,*,#3032,.F.);
#4275=ORIENTED_EDGE('',*,*,#3033,.F.);
#4276=ORIENTED_EDGE('',*,*,#3034,.F.);
#4277=ORIENTED_EDGE('',*,*,#3033,.T.);
#4278=ORIENTED_EDGE('',*,*,#3035,.F.);
#4279=ORIENTED_EDGE('',*,*,#3013,.F.);
#4280=ORIENTED_EDGE('',*,*,#3034,.T.);
#4281=ORIENTED_EDGE('',*,*,#3012,.T.);
#4282=ORIENTED_EDGE('',*,*,#3016,.T.);
#4283=ORIENTED_EDGE('',*,*,#3019,.T.);
#4284=ORIENTED_EDGE('',*,*,#3022,.T.);
#4285=ORIENTED_EDGE('',*,*,#3025,.T.);
#4286=ORIENTED_EDGE('',*,*,#3028,.T.);
#4287=ORIENTED_EDGE('',*,*,#3031,.T.);
#4288=ORIENTED_EDGE('',*,*,#3035,.T.);
#4289=ORIENTED_EDGE('',*,*,#3032,.T.);
#4290=ORIENTED_EDGE('',*,*,#3029,.T.);
#4291=ORIENTED_EDGE('',*,*,#3026,.T.);
#4292=ORIENTED_EDGE('',*,*,#3023,.T.);
#4293=ORIENTED_EDGE('',*,*,#3020,.T.);
#4294=ORIENTED_EDGE('',*,*,#3017,.T.);
#4295=ORIENTED_EDGE('',*,*,#3014,.T.);
#4296=ORIENTED_EDGE('',*,*,#3036,.F.);
#4297=ORIENTED_EDGE('',*,*,#3037,.T.);
#4298=ORIENTED_EDGE('',*,*,#3038,.F.);
#4299=ORIENTED_EDGE('',*,*,#3039,.F.);
#4300=ORIENTED_EDGE('',*,*,#3040,.F.);
#4301=ORIENTED_EDGE('',*,*,#3039,.T.);
#4302=ORIENTED_EDGE('',*,*,#3041,.F.);
#4303=ORIENTED_EDGE('',*,*,#3042,.F.);
#4304=ORIENTED_EDGE('',*,*,#3043,.F.);
#4305=ORIENTED_EDGE('',*,*,#3042,.T.);
#4306=ORIENTED_EDGE('',*,*,#3044,.F.);
#4307=ORIENTED_EDGE('',*,*,#3045,.F.);
#4308=ORIENTED_EDGE('',*,*,#3046,.F.);
#4309=ORIENTED_EDGE('',*,*,#3045,.T.);
#4310=ORIENTED_EDGE('',*,*,#3047,.F.);
#4311=ORIENTED_EDGE('',*,*,#3048,.F.);
#4312=ORIENTED_EDGE('',*,*,#3049,.F.);
#4313=ORIENTED_EDGE('',*,*,#3048,.T.);
#4314=ORIENTED_EDGE('',*,*,#3050,.F.);
#4315=ORIENTED_EDGE('',*,*,#3051,.F.);
#4316=ORIENTED_EDGE('',*,*,#3052,.F.);
#4317=ORIENTED_EDGE('',*,*,#3051,.T.);
#4318=ORIENTED_EDGE('',*,*,#3053,.F.);
#4319=ORIENTED_EDGE('',*,*,#3054,.F.);
#4320=ORIENTED_EDGE('',*,*,#3055,.F.);
#4321=ORIENTED_EDGE('',*,*,#3054,.T.);
#4322=ORIENTED_EDGE('',*,*,#3056,.F.);
#4323=ORIENTED_EDGE('',*,*,#3057,.F.);
#4324=ORIENTED_EDGE('',*,*,#3058,.F.);
#4325=ORIENTED_EDGE('',*,*,#3057,.T.);
#4326=ORIENTED_EDGE('',*,*,#3059,.F.);
#4327=ORIENTED_EDGE('',*,*,#3037,.F.);
#4328=ORIENTED_EDGE('',*,*,#3058,.T.);
#4329=ORIENTED_EDGE('',*,*,#3036,.T.);
#4330=ORIENTED_EDGE('',*,*,#3040,.T.);
#4331=ORIENTED_EDGE('',*,*,#3043,.T.);
#4332=ORIENTED_EDGE('',*,*,#3046,.T.);
#4333=ORIENTED_EDGE('',*,*,#3049,.T.);
#4334=ORIENTED_EDGE('',*,*,#3052,.T.);
#4335=ORIENTED_EDGE('',*,*,#3055,.T.);
#4336=ORIENTED_EDGE('',*,*,#3059,.T.);
#4337=ORIENTED_EDGE('',*,*,#3056,.T.);
#4338=ORIENTED_EDGE('',*,*,#3053,.T.);
#4339=ORIENTED_EDGE('',*,*,#3050,.T.);
#4340=ORIENTED_EDGE('',*,*,#3047,.T.);
#4341=ORIENTED_EDGE('',*,*,#3044,.T.);
#4342=ORIENTED_EDGE('',*,*,#3041,.T.);
#4343=ORIENTED_EDGE('',*,*,#3038,.T.);
#4344=CYLINDRICAL_SURFACE('',#4662,0.1);
#4345=CYLINDRICAL_SURFACE('',#4665,0.1);
#4346=CYLINDRICAL_SURFACE('',#4667,0.1);
#4347=CYLINDRICAL_SURFACE('',#4669,0.1);
#4348=CYLINDRICAL_SURFACE('',#4674,0.267252226092792);
#4349=CYLINDRICAL_SURFACE('',#4684,0.267252226092792);
#4350=CYLINDRICAL_SURFACE('',#4704,0.150000000000005);
#4351=CYLINDRICAL_SURFACE('',#4707,0.149999999997097);
#4352=CYLINDRICAL_SURFACE('',#4711,0.150000000000007);
#4353=CYLINDRICAL_SURFACE('',#4717,0.149999999999987);
#4354=CYLINDRICAL_SURFACE('',#4721,0.150000000000006);
#4355=CYLINDRICAL_SURFACE('',#4729,0.149999999999995);
#4356=CYLINDRICAL_SURFACE('',#4733,0.149999999999985);
#4357=CYLINDRICAL_SURFACE('',#4739,0.149999999999991);
#4358=CYLINDRICAL_SURFACE('',#4743,0.150000000000008);
#4359=CYLINDRICAL_SURFACE('',#4746,0.149999999997094);
#4360=CYLINDRICAL_SURFACE('',#4754,0.149999999997092);
#4361=CYLINDRICAL_SURFACE('',#4757,0.150000000000007);
#4362=CYLINDRICAL_SURFACE('',#4761,0.149999999999991);
#4363=CYLINDRICAL_SURFACE('',#4767,0.149999999999985);
#4364=CYLINDRICAL_SURFACE('',#4771,0.149999999999995);
#4365=CYLINDRICAL_SURFACE('',#4779,0.150000000000006);
#4366=CYLINDRICAL_SURFACE('',#4783,0.149999999999986);
#4367=CYLINDRICAL_SURFACE('',#4789,0.150000000000007);
#4368=CYLINDRICAL_SURFACE('',#4793,0.149999999997098);
#4369=CYLINDRICAL_SURFACE('',#4796,0.150000000000005);
#4370=CYLINDRICAL_SURFACE('',#4820,0.149999999999993);
#4371=CYLINDRICAL_SURFACE('',#4826,0.150000000000003);
#4372=CYLINDRICAL_SURFACE('',#4860,0.0348244195390611);
#4373=CYLINDRICAL_SURFACE('',#4866,0.0332968411189627);
#4374=CYLINDRICAL_SURFACE('',#4873,0.115041372359925);
#4375=CYLINDRICAL_SURFACE('',#4892,0.0568534048623339);
#4376=CYLINDRICAL_SURFACE('',#4936,0.149999999999993);
#4377=CYLINDRICAL_SURFACE('',#4942,0.150000000000003);
#4378=CYLINDRICAL_SURFACE('',#4950,0.149999999999993);
#4379=CYLINDRICAL_SURFACE('',#4956,0.150000000000003);
#4380=CYLINDRICAL_SURFACE('',#4964,0.149999999999993);
#4381=CYLINDRICAL_SURFACE('',#4970,0.150000000000003);
#4382=ADVANCED_FACE('',(#391),#4344,.T.);
#4383=ADVANCED_FACE('',(#392),#4345,.T.);
#4384=ADVANCED_FACE('',(#393),#4346,.T.);
#4385=ADVANCED_FACE('',(#394),#4347,.T.);
#4386=ADVANCED_FACE('',(#395),#188,.F.);
#4387=ADVANCED_FACE('',(#396),#189,.F.);
#4388=ADVANCED_FACE('',(#397,#111),#190,.T.);
#4389=ADVANCED_FACE('',(#398,#112),#4348,.F.);
#4390=ADVANCED_FACE('',(#399),#191,.T.);
#4391=ADVANCED_FACE('',(#400),#192,.F.);
#4392=ADVANCED_FACE('',(#401),#193,.F.);
#4393=ADVANCED_FACE('',(#402),#194,.F.);
#4394=ADVANCED_FACE('',(#403),#195,.F.);
#4395=ADVANCED_FACE('',(#404),#196,.F.);
#4396=ADVANCED_FACE('',(#405),#197,.F.);
#4397=ADVANCED_FACE('',(#406),#198,.F.);
#4398=ADVANCED_FACE('',(#407,#113),#4349,.T.);
#4399=ADVANCED_FACE('',(#408),#199,.T.);
#4400=ADVANCED_FACE('',(#409),#200,.F.);
#4401=ADVANCED_FACE('',(#410),#201,.T.);
#4402=ADVANCED_FACE('',(#411),#202,.T.);
#4403=ADVANCED_FACE('',(#412),#203,.T.);
#4404=ADVANCED_FACE('',(#413),#204,.T.);
#4405=ADVANCED_FACE('',(#414),#205,.T.);
#4406=ADVANCED_FACE('',(#415),#206,.T.);
#4407=ADVANCED_FACE('',(#416),#207,.T.);
#4408=ADVANCED_FACE('',(#417),#208,.T.);
#4409=ADVANCED_FACE('',(#418),#209,.T.);
#4410=ADVANCED_FACE('',(#419),#210,.T.);
#4411=ADVANCED_FACE('',(#420),#211,.T.);
#4412=ADVANCED_FACE('',(#421),#212,.T.);
#4413=ADVANCED_FACE('',(#422),#213,.T.);
#4414=ADVANCED_FACE('',(#423),#214,.T.);
#4415=ADVANCED_FACE('',(#424),#215,.T.);
#4416=ADVANCED_FACE('',(#425),#4350,.T.);
#4417=ADVANCED_FACE('',(#426),#4351,.F.);
#4418=ADVANCED_FACE('',(#427),#216,.T.);
#4419=ADVANCED_FACE('',(#428),#4352,.F.);
#4420=ADVANCED_FACE('',(#429),#217,.T.);
#4421=ADVANCED_FACE('',(#430),#218,.T.);
#4422=ADVANCED_FACE('',(#431),#219,.T.);
#4423=ADVANCED_FACE('',(#432),#4353,.F.);
#4424=ADVANCED_FACE('',(#433),#220,.T.);
#4425=ADVANCED_FACE('',(#434),#4354,.F.);
#4426=ADVANCED_FACE('',(#435),#221,.T.);
#4427=ADVANCED_FACE('',(#436),#222,.T.);
#4428=ADVANCED_FACE('',(#437),#223,.T.);
#4429=ADVANCED_FACE('',(#438),#224,.T.);
#4430=ADVANCED_FACE('',(#439),#225,.T.);
#4431=ADVANCED_FACE('',(#440),#4355,.F.);
#4432=ADVANCED_FACE('',(#441),#226,.T.);
#4433=ADVANCED_FACE('',(#442),#4356,.F.);
#4434=ADVANCED_FACE('',(#443),#227,.T.);
#4435=ADVANCED_FACE('',(#444),#228,.T.);
#4436=ADVANCED_FACE('',(#445),#229,.T.);
#4437=ADVANCED_FACE('',(#446),#4357,.F.);
#4438=ADVANCED_FACE('',(#447),#230,.T.);
#4439=ADVANCED_FACE('',(#448),#4358,.F.);
#4440=ADVANCED_FACE('',(#449),#4359,.T.);
#4441=ADVANCED_FACE('',(#450),#231,.T.);
#4442=ADVANCED_FACE('',(#451),#232,.T.);
#4443=ADVANCED_FACE('',(#452),#233,.T.);
#4444=ADVANCED_FACE('',(#453),#234,.F.);
#4445=ADVANCED_FACE('',(#454),#235,.T.);
#4446=ADVANCED_FACE('',(#455),#4360,.T.);
#4447=ADVANCED_FACE('',(#456),#4361,.F.);
#4448=ADVANCED_FACE('',(#457),#236,.T.);
#4449=ADVANCED_FACE('',(#458),#4362,.F.);
#4450=ADVANCED_FACE('',(#459),#237,.T.);
#4451=ADVANCED_FACE('',(#460),#238,.T.);
#4452=ADVANCED_FACE('',(#461),#239,.T.);
#4453=ADVANCED_FACE('',(#462),#4363,.F.);
#4454=ADVANCED_FACE('',(#463),#240,.T.);
#4455=ADVANCED_FACE('',(#464),#4364,.F.);
#4456=ADVANCED_FACE('',(#465),#241,.T.);
#4457=ADVANCED_FACE('',(#466),#242,.T.);
#4458=ADVANCED_FACE('',(#467),#243,.T.);
#4459=ADVANCED_FACE('',(#468),#244,.T.);
#4460=ADVANCED_FACE('',(#469),#245,.T.);
#4461=ADVANCED_FACE('',(#470),#4365,.F.);
#4462=ADVANCED_FACE('',(#471),#246,.T.);
#4463=ADVANCED_FACE('',(#472),#4366,.F.);
#4464=ADVANCED_FACE('',(#473),#247,.T.);
#4465=ADVANCED_FACE('',(#474),#248,.T.);
#4466=ADVANCED_FACE('',(#475),#249,.T.);
#4467=ADVANCED_FACE('',(#476),#4367,.F.);
#4468=ADVANCED_FACE('',(#477),#250,.T.);
#4469=ADVANCED_FACE('',(#478),#4368,.F.);
#4470=ADVANCED_FACE('',(#479),#4369,.T.);
#4471=ADVANCED_FACE('',(#480),#251,.T.);
#4472=ADVANCED_FACE('',(#481),#252,.T.);
#4473=ADVANCED_FACE('',(#482),#253,.T.);
#4474=ADVANCED_FACE('',(#483),#254,.T.);
#4475=ADVANCED_FACE('',(#484),#255,.T.);
#4476=ADVANCED_FACE('',(#485),#256,.T.);
#4477=ADVANCED_FACE('',(#486),#257,.T.);
#4478=ADVANCED_FACE('',(#487),#258,.T.);
#4479=ADVANCED_FACE('',(#488),#259,.T.);
#4480=ADVANCED_FACE('',(#489),#260,.T.);
#4481=ADVANCED_FACE('',(#490),#261,.T.);
#4482=ADVANCED_FACE('',(#491),#262,.T.);
#4483=ADVANCED_FACE('',(#492),#263,.T.);
#4484=ADVANCED_FACE('',(#493),#264,.T.);
#4485=ADVANCED_FACE('',(#494),#265,.T.);
#4486=ADVANCED_FACE('',(#495),#266,.T.);
#4487=ADVANCED_FACE('',(#496),#267,.F.);
#4488=ADVANCED_FACE('',(#497),#268,.T.);
#4489=ADVANCED_FACE('',(#498),#269,.T.);
#4490=ADVANCED_FACE('',(#499),#270,.T.);
#4491=ADVANCED_FACE('',(#500),#271,.T.);
#4492=ADVANCED_FACE('',(#501),#4370,.F.);
#4493=ADVANCED_FACE('',(#502),#272,.T.);
#4494=ADVANCED_FACE('',(#503),#273,.T.);
#4495=ADVANCED_FACE('',(#504),#274,.T.);
#4496=ADVANCED_FACE('',(#505),#4371,.F.);
#4497=ADVANCED_FACE('',(#506),#275,.F.);
#4498=ADVANCED_FACE('',(#507),#276,.T.);
#4499=ADVANCED_FACE('',(#508),#277,.T.);
#4500=ADVANCED_FACE('',(#509),#278,.T.);
#4501=ADVANCED_FACE('',(#510),#279,.T.);
#4502=ADVANCED_FACE('',(#511),#280,.T.);
#4503=ADVANCED_FACE('',(#512),#281,.T.);
#4504=ADVANCED_FACE('',(#513),#282,.F.);
#4505=ADVANCED_FACE('',(#514),#283,.T.);
#4506=ADVANCED_FACE('',(#515),#284,.T.);
#4507=ADVANCED_FACE('',(#516),#285,.T.);
#4508=ADVANCED_FACE('',(#517),#286,.T.);
#4509=ADVANCED_FACE('',(#518),#287,.T.);
#4510=ADVANCED_FACE('',(#519),#288,.F.);
#4511=ADVANCED_FACE('',(#520),#289,.T.);
#4512=ADVANCED_FACE('',(#521),#290,.T.);
#4513=ADVANCED_FACE('',(#522),#291,.T.);
#4514=ADVANCED_FACE('',(#523),#292,.T.);
#4515=ADVANCED_FACE('',(#524),#293,.T.);
#4516=ADVANCED_FACE('',(#525),#294,.F.);
#4517=ADVANCED_FACE('',(#526),#295,.T.);
#4518=ADVANCED_FACE('',(#527),#53,.T.);
#4519=ADVANCED_FACE('',(#528),#296,.T.);
#4520=ADVANCED_FACE('',(#529),#297,.T.);
#4521=ADVANCED_FACE('',(#530),#298,.T.);
#4522=ADVANCED_FACE('',(#531),#299,.T.);
#4523=ADVANCED_FACE('',(#532),#300,.T.);
#4524=ADVANCED_FACE('',(#533),#54,.T.);
#4525=ADVANCED_FACE('',(#534),#301,.T.);
#4526=ADVANCED_FACE('',(#535),#302,.T.);
#4527=ADVANCED_FACE('',(#536),#303,.T.);
#4528=ADVANCED_FACE('',(#537),#304,.F.);
#4529=ADVANCED_FACE('',(#538),#305,.T.);
#4530=ADVANCED_FACE('',(#539),#4372,.T.);
#4531=ADVANCED_FACE('',(#540),#306,.T.);
#4532=ADVANCED_FACE('',(#541),#55,.T.);
#4533=ADVANCED_FACE('',(#542),#307,.T.);
#4534=ADVANCED_FACE('',(#543),#56,.T.);
#4535=ADVANCED_FACE('',(#544),#308,.T.);
#4536=ADVANCED_FACE('',(#545),#4373,.F.);
#4537=ADVANCED_FACE('',(#546),#309,.T.);
#4538=ADVANCED_FACE('',(#547),#310,.T.);
#4539=ADVANCED_FACE('',(#548),#311,.T.);
#4540=ADVANCED_FACE('',(#549),#312,.F.);
#4541=ADVANCED_FACE('',(#550,#114),#4374,.T.);
#4542=ADVANCED_FACE('',(#551),#313,.T.);
#4543=ADVANCED_FACE('',(#552),#314,.F.);
#4544=ADVANCED_FACE('',(#553),#315,.T.);
#4545=ADVANCED_FACE('',(#554),#316,.T.);
#4546=ADVANCED_FACE('',(#555),#317,.T.);
#4547=ADVANCED_FACE('',(#556),#318,.T.);
#4548=ADVANCED_FACE('',(#557),#319,.T.);
#4549=ADVANCED_FACE('',(#558),#320,.T.);
#4550=ADVANCED_FACE('',(#559),#321,.T.);
#4551=ADVANCED_FACE('',(#560),#57,.T.);
#4552=ADVANCED_FACE('',(#561),#322,.T.);
#4553=ADVANCED_FACE('',(#562),#58,.T.);
#4554=ADVANCED_FACE('',(#563),#323,.T.);
#4555=ADVANCED_FACE('',(#564),#324,.T.);
#4556=ADVANCED_FACE('',(#565),#325,.T.);
#4557=ADVANCED_FACE('',(#566),#326,.T.);
#4558=ADVANCED_FACE('',(#567),#327,.T.);
#4559=ADVANCED_FACE('',(#568),#328,.F.);
#4560=ADVANCED_FACE('',(#569,#115),#4375,.T.);
#4561=ADVANCED_FACE('',(#570),#329,.T.);
#4562=ADVANCED_FACE('',(#571),#330,.F.);
#4563=ADVANCED_FACE('',(#572),#331,.F.);
#4564=ADVANCED_FACE('',(#573),#59,.F.);
#4565=ADVANCED_FACE('',(#574),#332,.F.);
#4566=ADVANCED_FACE('',(#575),#333,.F.);
#4567=ADVANCED_FACE('',(#576),#60,.T.);
#4568=ADVANCED_FACE('',(#577),#334,.T.);
#4569=ADVANCED_FACE('',(#578),#61,.T.);
#4570=ADVANCED_FACE('',(#579),#335,.T.);
#4571=ADVANCED_FACE('',(#580),#336,.T.);
#4572=ADVANCED_FACE('',(#581),#337,.T.);
#4573=ADVANCED_FACE('',(#582),#62,.T.);
#4574=ADVANCED_FACE('',(#583),#338,.T.);
#4575=ADVANCED_FACE('',(#584,#116),#339,.T.);
#4576=ADVANCED_FACE('',(#585,#117),#340,.F.);
#4577=ADVANCED_FACE('',(#586),#63,.F.);
#4578=ADVANCED_FACE('',(#587),#341,.F.);
#4579=ADVANCED_FACE('',(#588),#64,.F.);
#4580=ADVANCED_FACE('',(#589),#342,.F.);
#4581=ADVANCED_FACE('',(#590),#65,.T.);
#4582=ADVANCED_FACE('',(#591),#343,.T.);
#4583=ADVANCED_FACE('',(#592),#66,.T.);
#4584=ADVANCED_FACE('',(#593),#344,.T.);
#4585=ADVANCED_FACE('',(#594,#118),#345,.T.);
#4586=ADVANCED_FACE('',(#595,#119),#346,.F.);
#4587=ADVANCED_FACE('',(#596),#67,.T.);
#4588=ADVANCED_FACE('',(#597),#347,.T.);
#4589=ADVANCED_FACE('',(#598),#348,.T.);
#4590=ADVANCED_FACE('',(#599),#349,.T.);
#4591=ADVANCED_FACE('',(#600),#68,.T.);
#4592=ADVANCED_FACE('',(#601),#350,.T.);
#4593=ADVANCED_FACE('',(#602),#351,.T.);
#4594=ADVANCED_FACE('',(#603),#352,.T.);
#4595=ADVANCED_FACE('',(#604),#353,.T.);
#4596=ADVANCED_FACE('',(#605),#354,.T.);
#4597=ADVANCED_FACE('',(#606),#355,.T.);
#4598=ADVANCED_FACE('',(#607),#356,.F.);
#4599=ADVANCED_FACE('',(#608),#69,.T.);
#4600=ADVANCED_FACE('',(#609),#357,.T.);
#4601=ADVANCED_FACE('',(#610),#358,.T.);
#4602=ADVANCED_FACE('',(#611),#359,.T.);
#4603=ADVANCED_FACE('',(#612),#70,.T.);
#4604=ADVANCED_FACE('',(#613),#360,.T.);
#4605=ADVANCED_FACE('',(#614),#361,.T.);
#4606=ADVANCED_FACE('',(#615),#362,.T.);
#4607=ADVANCED_FACE('',(#616),#363,.T.);
#4608=ADVANCED_FACE('',(#617),#364,.T.);
#4609=ADVANCED_FACE('',(#618),#365,.T.);
#4610=ADVANCED_FACE('',(#619),#366,.F.);
#4611=ADVANCED_FACE('',(#620),#367,.T.);
#4612=ADVANCED_FACE('',(#621),#368,.T.);
#4613=ADVANCED_FACE('',(#622),#369,.T.);
#4614=ADVANCED_FACE('',(#623),#4376,.F.);
#4615=ADVANCED_FACE('',(#624),#370,.T.);
#4616=ADVANCED_FACE('',(#625),#371,.T.);
#4617=ADVANCED_FACE('',(#626),#372,.T.);
#4618=ADVANCED_FACE('',(#627),#4377,.F.);
#4619=ADVANCED_FACE('',(#628),#373,.F.);
#4620=ADVANCED_FACE('',(#629),#374,.T.);
#4621=ADVANCED_FACE('',(#630),#375,.T.);
#4622=ADVANCED_FACE('',(#631),#376,.T.);
#4623=ADVANCED_FACE('',(#632),#377,.T.);
#4624=ADVANCED_FACE('',(#633),#4378,.F.);
#4625=ADVANCED_FACE('',(#634),#378,.T.);
#4626=ADVANCED_FACE('',(#635),#379,.T.);
#4627=ADVANCED_FACE('',(#636),#380,.T.);
#4628=ADVANCED_FACE('',(#637),#4379,.F.);
#4629=ADVANCED_FACE('',(#638),#381,.F.);
#4630=ADVANCED_FACE('',(#639),#382,.T.);
#4631=ADVANCED_FACE('',(#640),#383,.T.);
#4632=ADVANCED_FACE('',(#641),#384,.T.);
#4633=ADVANCED_FACE('',(#642),#385,.T.);
#4634=ADVANCED_FACE('',(#643),#4380,.F.);
#4635=ADVANCED_FACE('',(#644),#386,.T.);
#4636=ADVANCED_FACE('',(#645),#387,.T.);
#4637=ADVANCED_FACE('',(#646),#388,.T.);
#4638=ADVANCED_FACE('',(#647),#4381,.F.);
#4639=ADVANCED_FACE('',(#648),#389,.F.);
#4640=ADVANCED_FACE('',(#649),#390,.T.);
#4641=CLOSED_SHELL('',(#4382,#4383,#4384,#4385,#4386,#4387,#4388,#4389,
#4390,#4391,#4392,#4393,#4394,#4395,#4396,#4397));
#4642=CLOSED_SHELL('',(#4398,#4399,#4400));
#4643=CLOSED_SHELL('',(#4401,#4402,#4403,#4404,#4405,#4406,#4407,#4408,
#4409,#4410,#4411,#4412,#4413,#4414,#4415,#4416,#4417,#4418,#4419,#4420,
#4421,#4422,#4423,#4424,#4425,#4426,#4427,#4428,#4429,#4430,#4431,#4432,
#4433,#4434,#4435,#4436,#4437,#4438,#4439,#4440,#4441,#4442,#4443,#4444));
#4644=CLOSED_SHELL('',(#4445,#4446,#4447,#4448,#4449,#4450,#4451,#4452,
#4453,#4454,#4455,#4456,#4457,#4458,#4459,#4460,#4461,#4462,#4463,#4464,
#4465,#4466,#4467,#4468,#4469,#4470,#4471,#4472,#4473,#4474,#4475,#4476,
#4477,#4478,#4479,#4480,#4481,#4482,#4483,#4484,#4485,#4486,#4487,#4488));
#4645=CLOSED_SHELL('',(#4489,#4490,#4491,#4492,#4493,#4494,#4495,#4496,
#4497,#4498));
#4646=CLOSED_SHELL('',(#4499,#4500,#4501,#4502,#4503,#4504));
#4647=CLOSED_SHELL('',(#4505,#4506,#4507,#4508,#4509,#4510));
#4648=CLOSED_SHELL('',(#4511,#4512,#4513,#4514,#4515,#4516));
#4649=CLOSED_SHELL('',(#4517,#4518,#4519,#4520,#4521,#4522,#4523,#4524,
#4525,#4526,#4527,#4528));
#4650=CLOSED_SHELL('',(#4529,#4530,#4531,#4532,#4533,#4534,#4535,#4536,
#4537,#4538,#4539,#4540));
#4651=CLOSED_SHELL('',(#4541,#4542,#4543));
#4652=CLOSED_SHELL('',(#4544,#4545,#4546,#4547,#4548,#4549,#4550,#4551,
#4552,#4553,#4554,#4555,#4556,#4557,#4558,#4559));
#4653=CLOSED_SHELL('',(#4560,#4561,#4562));
#4654=CLOSED_SHELL('',(#4563,#4564,#4565,#4566,#4567,#4568,#4569,#4570,
#4571,#4572,#4573,#4574,#4575,#4576));
#4655=CLOSED_SHELL('',(#4577,#4578,#4579,#4580,#4581,#4582,#4583,#4584,
#4585,#4586));
#4656=CLOSED_SHELL('',(#4587,#4588,#4589,#4590,#4591,#4592,#4593,#4594,
#4595,#4596,#4597,#4598));
#4657=CLOSED_SHELL('',(#4599,#4600,#4601,#4602,#4603,#4604,#4605,#4606,
#4607,#4608,#4609,#4610));
#4658=CLOSED_SHELL('',(#4611,#4612,#4613,#4614,#4615,#4616,#4617,#4618,
#4619,#4620));
#4659=CLOSED_SHELL('',(#4621,#4622,#4623,#4624,#4625,#4626,#4627,#4628,
#4629,#4630));
#4660=CLOSED_SHELL('',(#4631,#4632,#4633,#4634,#4635,#4636,#4637,#4638,
#4639,#4640));
#4661=AXIS2_PLACEMENT_3D('placement',#6137,#4975,#4976);
#4662=AXIS2_PLACEMENT_3D('',#6138,#4977,#4978);
#4663=AXIS2_PLACEMENT_3D('',#6143,#4980,#4981);
#4664=AXIS2_PLACEMENT_3D('',#6146,#4983,#4984);
#4665=AXIS2_PLACEMENT_3D('',#6147,#4985,#4986);
#4666=AXIS2_PLACEMENT_3D('',#6151,#4988,#4989);
#4667=AXIS2_PLACEMENT_3D('',#6153,#4991,#4992);
#4668=AXIS2_PLACEMENT_3D('',#6157,#4994,#4995);
#4669=AXIS2_PLACEMENT_3D('',#6159,#4997,#4998);
#4670=AXIS2_PLACEMENT_3D('',#6162,#5001,#5002);
#4671=AXIS2_PLACEMENT_3D('',#6168,#5006,#5007);
#4672=AXIS2_PLACEMENT_3D('',#6172,#5010,#5011);
#4673=AXIS2_PLACEMENT_3D('',#6174,#5012,#5013);
#4674=AXIS2_PLACEMENT_3D('',#6175,#5014,#5015);
#4675=AXIS2_PLACEMENT_3D('',#6177,#5016,#5017);
#4676=AXIS2_PLACEMENT_3D('',#6178,#5018,#5019);
#4677=AXIS2_PLACEMENT_3D('',#6179,#5020,#5021);
#4678=AXIS2_PLACEMENT_3D('',#6185,#5025,#5026);
#4679=AXIS2_PLACEMENT_3D('',#6189,#5029,#5030);
#4680=AXIS2_PLACEMENT_3D('',#6193,#5033,#5034);
#4681=AXIS2_PLACEMENT_3D('',#6197,#5037,#5038);
#4682=AXIS2_PLACEMENT_3D('',#6200,#5041,#5042);
#4683=AXIS2_PLACEMENT_3D('',#6201,#5043,#5044);
#4684=AXIS2_PLACEMENT_3D('',#6202,#5045,#5046);
#4685=AXIS2_PLACEMENT_3D('',#6204,#5047,#5048);
#4686=AXIS2_PLACEMENT_3D('',#6206,#5049,#5050);
#4687=AXIS2_PLACEMENT_3D('',#6207,#5051,#5052);
#4688=AXIS2_PLACEMENT_3D('',#6208,#5053,#5054);
#4689=AXIS2_PLACEMENT_3D('',#6209,#5055,#5056);
#4690=AXIS2_PLACEMENT_3D('',#6218,#5061,#5062);
#4691=AXIS2_PLACEMENT_3D('',#6224,#5066,#5067);
#4692=AXIS2_PLACEMENT_3D('',#6230,#5071,#5072);
#4693=AXIS2_PLACEMENT_3D('',#6236,#5076,#5077);
#4694=AXIS2_PLACEMENT_3D('',#6242,#5081,#5082);
#4695=AXIS2_PLACEMENT_3D('',#6248,#5086,#5087);
#4696=AXIS2_PLACEMENT_3D('',#6254,#5091,#5092);
#4697=AXIS2_PLACEMENT_3D('',#6260,#5096,#5097);
#4698=AXIS2_PLACEMENT_3D('',#6266,#5101,#5102);
#4699=AXIS2_PLACEMENT_3D('',#6272,#5106,#5107);
#4700=AXIS2_PLACEMENT_3D('',#6278,#5111,#5112);
#4701=AXIS2_PLACEMENT_3D('',#6284,#5116,#5117);
#4702=AXIS2_PLACEMENT_3D('',#6290,#5121,#5122);
#4703=AXIS2_PLACEMENT_3D('',#6296,#5126,#5127);
#4704=AXIS2_PLACEMENT_3D('',#6302,#5131,#5132);
#4705=AXIS2_PLACEMENT_3D('',#6304,#5133,#5134);
#4706=AXIS2_PLACEMENT_3D('',#6306,#5135,#5136);
#4707=AXIS2_PLACEMENT_3D('',#6308,#5138,#5139);
#4708=AXIS2_PLACEMENT_3D('',#6310,#5140,#5141);
#4709=AXIS2_PLACEMENT_3D('',#6312,#5142,#5143);
#4710=AXIS2_PLACEMENT_3D('',#6314,#5145,#5146);
#4711=AXIS2_PLACEMENT_3D('',#6320,#5150,#5151);
#4712=AXIS2_PLACEMENT_3D('',#6322,#5152,#5153);
#4713=AXIS2_PLACEMENT_3D('',#6324,#5154,#5155);
#4714=AXIS2_PLACEMENT_3D('',#6326,#5157,#5158);
#4715=AXIS2_PLACEMENT_3D('',#6332,#5162,#5163);
#4716=AXIS2_PLACEMENT_3D('',#6338,#5167,#5168);
#4717=AXIS2_PLACEMENT_3D('',#6344,#5172,#5173);
#4718=AXIS2_PLACEMENT_3D('',#6346,#5174,#5175);
#4719=AXIS2_PLACEMENT_3D('',#6348,#5176,#5177);
#4720=AXIS2_PLACEMENT_3D('',#6350,#5179,#5180);
#4721=AXIS2_PLACEMENT_3D('',#6356,#5184,#5185);
#4722=AXIS2_PLACEMENT_3D('',#6358,#5186,#5187);
#4723=AXIS2_PLACEMENT_3D('',#6360,#5188,#5189);
#4724=AXIS2_PLACEMENT_3D('',#6362,#5191,#5192);
#4725=AXIS2_PLACEMENT_3D('',#6368,#5196,#5197);
#4726=AXIS2_PLACEMENT_3D('',#6374,#5201,#5202);
#4727=AXIS2_PLACEMENT_3D('',#6380,#5206,#5207);
#4728=AXIS2_PLACEMENT_3D('',#6386,#5211,#5212);
#4729=AXIS2_PLACEMENT_3D('',#6392,#5216,#5217);
#4730=AXIS2_PLACEMENT_3D('',#6394,#5218,#5219);
#4731=AXIS2_PLACEMENT_3D('',#6396,#5220,#5221);
#4732=AXIS2_PLACEMENT_3D('',#6398,#5223,#5224);
#4733=AXIS2_PLACEMENT_3D('',#6404,#5228,#5229);
#4734=AXIS2_PLACEMENT_3D('',#6406,#5230,#5231);
#4735=AXIS2_PLACEMENT_3D('',#6408,#5232,#5233);
#4736=AXIS2_PLACEMENT_3D('',#6410,#5235,#5236);
#4737=AXIS2_PLACEMENT_3D('',#6416,#5240,#5241);
#4738=AXIS2_PLACEMENT_3D('',#6422,#5245,#5246);
#4739=AXIS2_PLACEMENT_3D('',#6428,#5250,#5251);
#4740=AXIS2_PLACEMENT_3D('',#6430,#5252,#5253);
#4741=AXIS2_PLACEMENT_3D('',#6432,#5254,#5255);
#4742=AXIS2_PLACEMENT_3D('',#6434,#5257,#5258);
#4743=AXIS2_PLACEMENT_3D('',#6440,#5262,#5263);
#4744=AXIS2_PLACEMENT_3D('',#6442,#5264,#5265);
#4745=AXIS2_PLACEMENT_3D('',#6444,#5266,#5267);
#4746=AXIS2_PLACEMENT_3D('',#6446,#5269,#5270);
#4747=AXIS2_PLACEMENT_3D('',#6448,#5271,#5272);
#4748=AXIS2_PLACEMENT_3D('',#6450,#5273,#5274);
#4749=AXIS2_PLACEMENT_3D('',#6452,#5276,#5277);
#4750=AXIS2_PLACEMENT_3D('',#6458,#5281,#5282);
#4751=AXIS2_PLACEMENT_3D('',#6461,#5285,#5286);
#4752=AXIS2_PLACEMENT_3D('',#6462,#5287,#5288);
#4753=AXIS2_PLACEMENT_3D('',#6463,#5289,#5290);
#4754=AXIS2_PLACEMENT_3D('',#6472,#5295,#5296);
#4755=AXIS2_PLACEMENT_3D('',#6474,#5297,#5298);
#4756=AXIS2_PLACEMENT_3D('',#6476,#5299,#5300);
#4757=AXIS2_PLACEMENT_3D('',#6478,#5302,#5303);
#4758=AXIS2_PLACEMENT_3D('',#6480,#5304,#5305);
#4759=AXIS2_PLACEMENT_3D('',#6482,#5306,#5307);
#4760=AXIS2_PLACEMENT_3D('',#6484,#5309,#5310);
#4761=AXIS2_PLACEMENT_3D('',#6490,#5314,#5315);
#4762=AXIS2_PLACEMENT_3D('',#6492,#5316,#5317);
#4763=AXIS2_PLACEMENT_3D('',#6494,#5318,#5319);
#4764=AXIS2_PLACEMENT_3D('',#6496,#5321,#5322);
#4765=AXIS2_PLACEMENT_3D('',#6502,#5326,#5327);
#4766=AXIS2_PLACEMENT_3D('',#6508,#5331,#5332);
#4767=AXIS2_PLACEMENT_3D('',#6514,#5336,#5337);
#4768=AXIS2_PLACEMENT_3D('',#6516,#5338,#5339);
#4769=AXIS2_PLACEMENT_3D('',#6518,#5340,#5341);
#4770=AXIS2_PLACEMENT_3D('',#6520,#5343,#5344);
#4771=AXIS2_PLACEMENT_3D('',#6526,#5348,#5349);
#4772=AXIS2_PLACEMENT_3D('',#6528,#5350,#5351);
#4773=AXIS2_PLACEMENT_3D('',#6530,#5352,#5353);
#4774=AXIS2_PLACEMENT_3D('',#6532,#5355,#5356);
#4775=AXIS2_PLACEMENT_3D('',#6538,#5360,#5361);
#4776=AXIS2_PLACEMENT_3D('',#6544,#5365,#5366);
#4777=AXIS2_PLACEMENT_3D('',#6550,#5370,#5371);
#4778=AXIS2_PLACEMENT_3D('',#6556,#5375,#5376);
#4779=AXIS2_PLACEMENT_3D('',#6562,#5380,#5381);
#4780=AXIS2_PLACEMENT_3D('',#6564,#5382,#5383);
#4781=AXIS2_PLACEMENT_3D('',#6566,#5384,#5385);
#4782=AXIS2_PLACEMENT_3D('',#6568,#5387,#5388);
#4783=AXIS2_PLACEMENT_3D('',#6574,#5392,#5393);
#4784=AXIS2_PLACEMENT_3D('',#6576,#5394,#5395);
#4785=AXIS2_PLACEMENT_3D('',#6578,#5396,#5397);
#4786=AXIS2_PLACEMENT_3D('',#6580,#5399,#5400);
#4787=AXIS2_PLACEMENT_3D('',#6586,#5404,#5405);
#4788=AXIS2_PLACEMENT_3D('',#6592,#5409,#5410);
#4789=AXIS2_PLACEMENT_3D('',#6598,#5414,#5415);
#4790=AXIS2_PLACEMENT_3D('',#6600,#5416,#5417);
#4791=AXIS2_PLACEMENT_3D('',#6602,#5418,#5419);
#4792=AXIS2_PLACEMENT_3D('',#6604,#5421,#5422);
#4793=AXIS2_PLACEMENT_3D('',#6610,#5426,#5427);
#4794=AXIS2_PLACEMENT_3D('',#6612,#5428,#5429);
#4795=AXIS2_PLACEMENT_3D('',#6614,#5430,#5431);
#4796=AXIS2_PLACEMENT_3D('',#6616,#5433,#5434);
#4797=AXIS2_PLACEMENT_3D('',#6618,#5435,#5436);
#4798=AXIS2_PLACEMENT_3D('',#6620,#5437,#5438);
#4799=AXIS2_PLACEMENT_3D('',#6622,#5440,#5441);
#4800=AXIS2_PLACEMENT_3D('',#6628,#5445,#5446);
#4801=AXIS2_PLACEMENT_3D('',#6634,#5450,#5451);
#4802=AXIS2_PLACEMENT_3D('',#6640,#5455,#5456);
#4803=AXIS2_PLACEMENT_3D('',#6646,#5460,#5461);
#4804=AXIS2_PLACEMENT_3D('',#6652,#5465,#5466);
#4805=AXIS2_PLACEMENT_3D('',#6658,#5470,#5471);
#4806=AXIS2_PLACEMENT_3D('',#6664,#5475,#5476);
#4807=AXIS2_PLACEMENT_3D('',#6670,#5480,#5481);
#4808=AXIS2_PLACEMENT_3D('',#6676,#5485,#5486);
#4809=AXIS2_PLACEMENT_3D('',#6682,#5490,#5491);
#4810=AXIS2_PLACEMENT_3D('',#6688,#5495,#5496);
#4811=AXIS2_PLACEMENT_3D('',#6694,#5500,#5501);
#4812=AXIS2_PLACEMENT_3D('',#6700,#5505,#5506);
#4813=AXIS2_PLACEMENT_3D('',#6706,#5510,#5511);
#4814=AXIS2_PLACEMENT_3D('',#6712,#5515,#5516);
#4815=AXIS2_PLACEMENT_3D('',#6715,#5519,#5520);
#4816=AXIS2_PLACEMENT_3D('',#6716,#5521,#5522);
#4817=AXIS2_PLACEMENT_3D('',#6717,#5523,#5524);
#4818=AXIS2_PLACEMENT_3D('',#6726,#5529,#5530);
#4819=AXIS2_PLACEMENT_3D('',#6732,#5534,#5535);
#4820=AXIS2_PLACEMENT_3D('',#6738,#5539,#5540);
#4821=AXIS2_PLACEMENT_3D('',#6740,#5541,#5542);
#4822=AXIS2_PLACEMENT_3D('',#6742,#5543,#5544);
#4823=AXIS2_PLACEMENT_3D('',#6744,#5546,#5547);
#4824=AXIS2_PLACEMENT_3D('',#6750,#5551,#5552);
#4825=AXIS2_PLACEMENT_3D('',#6756,#5556,#5557);
#4826=AXIS2_PLACEMENT_3D('',#6762,#5561,#5562);
#4827=AXIS2_PLACEMENT_3D('',#6763,#5563,#5564);
#4828=AXIS2_PLACEMENT_3D('',#6764,#5565,#5566);
#4829=AXIS2_PLACEMENT_3D('',#6765,#5567,#5568);
#4830=AXIS2_PLACEMENT_3D('',#6766,#5569,#5570);
#4831=AXIS2_PLACEMENT_3D('',#6767,#5571,#5572);
#4832=AXIS2_PLACEMENT_3D('',#6776,#5577,#5578);
#4833=AXIS2_PLACEMENT_3D('',#6782,#5582,#5583);
#4834=AXIS2_PLACEMENT_3D('',#6788,#5587,#5588);
#4835=AXIS2_PLACEMENT_3D('',#6791,#5591,#5592);
#4836=AXIS2_PLACEMENT_3D('',#6792,#5593,#5594);
#4837=AXIS2_PLACEMENT_3D('',#6793,#5595,#5596);
#4838=AXIS2_PLACEMENT_3D('',#6802,#5601,#5602);
#4839=AXIS2_PLACEMENT_3D('',#6808,#5606,#5607);
#4840=AXIS2_PLACEMENT_3D('',#6814,#5611,#5612);
#4841=AXIS2_PLACEMENT_3D('',#6817,#5615,#5616);
#4842=AXIS2_PLACEMENT_3D('',#6818,#5617,#5618);
#4843=AXIS2_PLACEMENT_3D('',#6819,#5619,#5620);
#4844=AXIS2_PLACEMENT_3D('',#6828,#5625,#5626);
#4845=AXIS2_PLACEMENT_3D('',#6834,#5630,#5631);
#4846=AXIS2_PLACEMENT_3D('',#6840,#5635,#5636);
#4847=AXIS2_PLACEMENT_3D('',#6843,#5639,#5640);
#4848=AXIS2_PLACEMENT_3D('',#6844,#5641,#5642);
#4849=AXIS2_PLACEMENT_3D('',#6845,#5643,#5644);
#4850=AXIS2_PLACEMENT_3D('',#6881,#5650,#5651);
#4851=AXIS2_PLACEMENT_3D('',#6887,#5655,#5656);
#4852=AXIS2_PLACEMENT_3D('',#6893,#5660,#5661);
#4853=AXIS2_PLACEMENT_3D('',#6899,#5665,#5666);
#4854=AXIS2_PLACEMENT_3D('',#6905,#5670,#5671);
#4855=AXIS2_PLACEMENT_3D('',#6938,#5676,#5677);
#4856=AXIS2_PLACEMENT_3D('',#6944,#5681,#5682);
#4857=AXIS2_PLACEMENT_3D('',#6947,#5685,#5686);
#4858=AXIS2_PLACEMENT_3D('',#6948,#5687,#5688);
#4859=AXIS2_PLACEMENT_3D('',#6949,#5689,#5690);
#4860=AXIS2_PLACEMENT_3D('',#6958,#5695,#5696);
#4861=AXIS2_PLACEMENT_3D('',#6960,#5697,#5698);
#4862=AXIS2_PLACEMENT_3D('',#6962,#5699,#5700);
#4863=AXIS2_PLACEMENT_3D('',#6964,#5702,#5703);
#4864=AXIS2_PLACEMENT_3D('',#7005,#5708,#5709);
#4865=AXIS2_PLACEMENT_3D('',#7046,#5714,#5715);
#4866=AXIS2_PLACEMENT_3D('',#7052,#5719,#5720);
#4867=AXIS2_PLACEMENT_3D('',#7054,#5721,#5722);
#4868=AXIS2_PLACEMENT_3D('',#7056,#5723,#5724);
#4869=AXIS2_PLACEMENT_3D('',#7058,#5726,#5727);
#4870=AXIS2_PLACEMENT_3D('',#7064,#5731,#5732);
#4871=AXIS2_PLACEMENT_3D('',#7067,#5735,#5736);
#4872=AXIS2_PLACEMENT_3D('',#7068,#5737,#5738);
#4873=AXIS2_PLACEMENT_3D('',#7069,#5739,#5740);
#4874=AXIS2_PLACEMENT_3D('',#7071,#5741,#5742);
#4875=AXIS2_PLACEMENT_3D('',#7073,#5743,#5744);
#4876=AXIS2_PLACEMENT_3D('',#7074,#5745,#5746);
#4877=AXIS2_PLACEMENT_3D('',#7075,#5747,#5748);
#4878=AXIS2_PLACEMENT_3D('',#7076,#5749,#5750);
#4879=AXIS2_PLACEMENT_3D('',#7085,#5755,#5756);
#4880=AXIS2_PLACEMENT_3D('',#7091,#5760,#5761);
#4881=AXIS2_PLACEMENT_3D('',#7097,#5765,#5766);
#4882=AXIS2_PLACEMENT_3D('',#7103,#5770,#5771);
#4883=AXIS2_PLACEMENT_3D('',#7109,#5775,#5776);
#4884=AXIS2_PLACEMENT_3D('',#7115,#5780,#5781);
#4885=AXIS2_PLACEMENT_3D('',#7140,#5786,#5787);
#4886=AXIS2_PLACEMENT_3D('',#7165,#5792,#5793);
#4887=AXIS2_PLACEMENT_3D('',#7171,#5797,#5798);
#4888=AXIS2_PLACEMENT_3D('',#7177,#5802,#5803);
#4889=AXIS2_PLACEMENT_3D('',#7183,#5807,#5808);
#4890=AXIS2_PLACEMENT_3D('',#7186,#5811,#5812);
#4891=AXIS2_PLACEMENT_3D('',#7187,#5813,#5814);
#4892=AXIS2_PLACEMENT_3D('',#7188,#5815,#5816);
#4893=AXIS2_PLACEMENT_3D('',#7190,#5817,#5818);
#4894=AXIS2_PLACEMENT_3D('',#7192,#5819,#5820);
#4895=AXIS2_PLACEMENT_3D('',#7193,#5821,#5822);
#4896=AXIS2_PLACEMENT_3D('',#7194,#5823,#5824);
#4897=AXIS2_PLACEMENT_3D('',#7195,#5825,#5826);
#4898=AXIS2_PLACEMENT_3D('',#7231,#5832,#5833);
#4899=AXIS2_PLACEMENT_3D('',#7237,#5837,#5838);
#4900=AXIS2_PLACEMENT_3D('',#7278,#5843,#5844);
#4901=AXIS2_PLACEMENT_3D('',#7319,#5849,#5850);
#4902=AXIS2_PLACEMENT_3D('',#7325,#5854,#5855);
#4903=AXIS2_PLACEMENT_3D('',#7331,#5859,#5860);
#4904=AXIS2_PLACEMENT_3D('',#7364,#5865,#5866);
#4905=AXIS2_PLACEMENT_3D('',#7367,#5869,#5870);
#4906=AXIS2_PLACEMENT_3D('',#7368,#5871,#5872);
#4907=AXIS2_PLACEMENT_3D('',#7399,#5875,#5876);
#4908=AXIS2_PLACEMENT_3D('',#7432,#5881,#5882);
#4909=AXIS2_PLACEMENT_3D('',#7469,#5887,#5888);
#4910=AXIS2_PLACEMENT_3D('',#7510,#5893,#5894);
#4911=AXIS2_PLACEMENT_3D('',#7513,#5897,#5898);
#4912=AXIS2_PLACEMENT_3D('',#7514,#5899,#5900);
#4913=AXIS2_PLACEMENT_3D('',#7545,#5903,#5904);
#4914=AXIS2_PLACEMENT_3D('',#7551,#5908,#5909);
#4915=AXIS2_PLACEMENT_3D('',#7557,#5913,#5914);
#4916=AXIS2_PLACEMENT_3D('',#7590,#5919,#5920);
#4917=AXIS2_PLACEMENT_3D('',#7596,#5924,#5925);
#4918=AXIS2_PLACEMENT_3D('',#7602,#5929,#5930);
#4919=AXIS2_PLACEMENT_3D('',#7608,#5934,#5935);
#4920=AXIS2_PLACEMENT_3D('',#7614,#5939,#5940);
#4921=AXIS2_PLACEMENT_3D('',#7617,#5943,#5944);
#4922=AXIS2_PLACEMENT_3D('',#7618,#5945,#5946);
#4923=AXIS2_PLACEMENT_3D('',#7649,#5949,#5950);
#4924=AXIS2_PLACEMENT_3D('',#7655,#5954,#5955);
#4925=AXIS2_PLACEMENT_3D('',#7661,#5959,#5960);
#4926=AXIS2_PLACEMENT_3D('',#7694,#5965,#5966);
#4927=AXIS2_PLACEMENT_3D('',#7700,#5970,#5971);
#4928=AXIS2_PLACEMENT_3D('',#7706,#5975,#5976);
#4929=AXIS2_PLACEMENT_3D('',#7712,#5980,#5981);
#4930=AXIS2_PLACEMENT_3D('',#7718,#5985,#5986);
#4931=AXIS2_PLACEMENT_3D('',#7721,#5989,#5990);
#4932=AXIS2_PLACEMENT_3D('',#7722,#5991,#5992);
#4933=AXIS2_PLACEMENT_3D('',#7723,#5993,#5994);
#4934=AXIS2_PLACEMENT_3D('',#7732,#5999,#6000);
#4935=AXIS2_PLACEMENT_3D('',#7738,#6004,#6005);
#4936=AXIS2_PLACEMENT_3D('',#7744,#6009,#6010);
#4937=AXIS2_PLACEMENT_3D('',#7746,#6011,#6012);
#4938=AXIS2_PLACEMENT_3D('',#7748,#6013,#6014);
#4939=AXIS2_PLACEMENT_3D('',#7750,#6016,#6017);
#4940=AXIS2_PLACEMENT_3D('',#7756,#6021,#6022);
#4941=AXIS2_PLACEMENT_3D('',#7762,#6026,#6027);
#4942=AXIS2_PLACEMENT_3D('',#7768,#6031,#6032);
#4943=AXIS2_PLACEMENT_3D('',#7769,#6033,#6034);
#4944=AXIS2_PLACEMENT_3D('',#7770,#6035,#6036);
#4945=AXIS2_PLACEMENT_3D('',#7771,#6037,#6038);
#4946=AXIS2_PLACEMENT_3D('',#7772,#6039,#6040);
#4947=AXIS2_PLACEMENT_3D('',#7773,#6041,#6042);
#4948=AXIS2_PLACEMENT_3D('',#7782,#6047,#6048);
#4949=AXIS2_PLACEMENT_3D('',#7788,#6052,#6053);
#4950=AXIS2_PLACEMENT_3D('',#7794,#6057,#6058);
#4951=AXIS2_PLACEMENT_3D('',#7796,#6059,#6060);
#4952=AXIS2_PLACEMENT_3D('',#7798,#6061,#6062);
#4953=AXIS2_PLACEMENT_3D('',#7800,#6064,#6065);
#4954=AXIS2_PLACEMENT_3D('',#7806,#6069,#6070);
#4955=AXIS2_PLACEMENT_3D('',#7812,#6074,#6075);
#4956=AXIS2_PLACEMENT_3D('',#7818,#6079,#6080);
#4957=AXIS2_PLACEMENT_3D('',#7819,#6081,#6082);
#4958=AXIS2_PLACEMENT_3D('',#7820,#6083,#6084);
#4959=AXIS2_PLACEMENT_3D('',#7821,#6085,#6086);
#4960=AXIS2_PLACEMENT_3D('',#7822,#6087,#6088);
#4961=AXIS2_PLACEMENT_3D('',#7823,#6089,#6090);
#4962=AXIS2_PLACEMENT_3D('',#7832,#6095,#6096);
#4963=AXIS2_PLACEMENT_3D('',#7838,#6100,#6101);
#4964=AXIS2_PLACEMENT_3D('',#7844,#6105,#6106);
#4965=AXIS2_PLACEMENT_3D('',#7846,#6107,#6108);
#4966=AXIS2_PLACEMENT_3D('',#7848,#6109,#6110);
#4967=AXIS2_PLACEMENT_3D('',#7850,#6112,#6113);
#4968=AXIS2_PLACEMENT_3D('',#7856,#6117,#6118);
#4969=AXIS2_PLACEMENT_3D('',#7862,#6122,#6123);
#4970=AXIS2_PLACEMENT_3D('',#7868,#6127,#6128);
#4971=AXIS2_PLACEMENT_3D('',#7869,#6129,#6130);
#4972=AXIS2_PLACEMENT_3D('',#7870,#6131,#6132);
#4973=AXIS2_PLACEMENT_3D('',#7871,#6133,#6134);
#4974=AXIS2_PLACEMENT_3D('',#7872,#6135,#6136);
#4975=DIRECTION('axis',(0.,0.,1.));
#4976=DIRECTION('refdir',(1.,0.,0.));
#4977=DIRECTION('center_axis',(1.83697019872103E-16,1.,0.));
#4978=DIRECTION('ref_axis',(0.64278760965253,-1.18078168303882E-16,0.766044443147515));
#4979=DIRECTION('',(-1.83697019872103E-16,-1.,0.));
#4980=DIRECTION('center_axis',(0.707106781186552,0.707106781186543,0.));
#4981=DIRECTION('ref_axis',(0.707106781186543,-0.707106781186552,0.));
#4982=DIRECTION('',(1.83697019872103E-16,1.,0.));
#4983=DIRECTION('center_axis',(-0.707106781186554,0.707106781186541,0.));
#4984=DIRECTION('ref_axis',(0.707106781186541,0.707106781186554,0.));
#4985=DIRECTION('center_axis',(1.,-1.83697019872103E-16,0.));
#4986=DIRECTION('ref_axis',(-1.18078168303884E-16,-0.642787609652538,0.766044443147508));
#4987=DIRECTION('',(-1.,1.83697019872103E-16,0.));
#4988=DIRECTION('center_axis',(0.707106781186531,-0.707106781186564,0.));
#4989=DIRECTION('ref_axis',(-0.707106781186563,-0.707106781186531,0.));
#4990=DIRECTION('',(1.,-1.83697019872103E-16,0.));
#4991=DIRECTION('center_axis',(-1.83697019872103E-16,-1.,0.));
#4992=DIRECTION('ref_axis',(-0.64278760965253,1.18078168303882E-16,0.766044443147515));
#4993=DIRECTION('',(1.83697019872103E-16,1.,0.));
#4994=DIRECTION('center_axis',(-0.707106781186554,-0.707106781186541,0.));
#4995=DIRECTION('ref_axis',(-0.707106781186541,0.707106781186554,0.));
#4996=DIRECTION('',(-1.83697019872103E-16,-1.,0.));
#4997=DIRECTION('center_axis',(-1.,1.83697019872103E-16,0.));
#4998=DIRECTION('ref_axis',(1.18078168303883E-16,0.642787609652536,0.76604444314751));
#4999=DIRECTION('',(-1.,1.83697019872103E-16,0.));
#5000=DIRECTION('',(1.,-1.83697019872103E-16,0.));
#5001=DIRECTION('center_axis',(-1.80906249372453E-16,-0.984807752996792,
-0.173648177754357));
#5002=DIRECTION('ref_axis',(3.18986527596965E-17,0.173648177754357,-0.984807752996793));
#5003=DIRECTION('',(0.171087869829654,0.171087869829651,-0.970287525218326));
#5004=DIRECTION('',(1.,-1.83697019872103E-16,0.));
#5005=DIRECTION('',(0.171087869829654,-0.171087869829651,0.970287525218326));
#5006=DIRECTION('center_axis',(-0.984807752996792,1.80906249372453E-16,
-0.17364817775436));
#5007=DIRECTION('ref_axis',(0.17364817775436,-3.18986527596971E-17,-0.984807752996792));
#5008=DIRECTION('',(-0.171087869829654,0.171087869829651,0.970287525218326));
#5009=DIRECTION('',(-1.83697019872103E-16,-1.,0.));
#5010=DIRECTION('center_axis',(0.,0.,1.));
#5011=DIRECTION('ref_axis',(-1.83697019872103E-16,-1.,0.));
#5012=DIRECTION('center_axis',(0.,0.,-1.));
#5013=DIRECTION('ref_axis',(1.83697019872103E-16,1.,0.));
#5014=DIRECTION('center_axis',(0.,0.,-1.));
#5015=DIRECTION('ref_axis',(1.83697019872103E-16,1.,0.));
#5016=DIRECTION('center_axis',(0.,0.,-1.));
#5017=DIRECTION('ref_axis',(1.83697019872103E-16,1.,0.));
#5018=DIRECTION('center_axis',(0.,0.,1.));
#5019=DIRECTION('ref_axis',(-1.83697019872103E-16,-1.,0.));
#5020=DIRECTION('center_axis',(-0.99862953476254,1.83445269492143E-16,-0.0523359560909462));
#5021=DIRECTION('ref_axis',(0.0523359560909462,-9.61395916606405E-18,-0.99862953476254));
#5022=DIRECTION('',(0.0522644275373386,0.0522644275373559,-0.997264688650103));
#5023=DIRECTION('',(-0.0522644275373386,0.0522644275373559,0.997264688650103));
#5024=DIRECTION('',(-1.83697019872103E-16,-1.,0.));
#5025=DIRECTION('center_axis',(-1.83445269492143E-16,-0.998629534762539,
-0.0523359560909635));
#5026=DIRECTION('ref_axis',(9.61395916606723E-18,0.0523359560909635,-0.998629534762539));
#5027=DIRECTION('',(1.,-1.83697019872103E-16,0.));
#5028=DIRECTION('',(0.0522644275373386,-0.0522644275373559,0.997264688650103));
#5029=DIRECTION('center_axis',(0.984807752996792,-1.80906249372453E-16,
-0.17364817775436));
#5030=DIRECTION('ref_axis',(0.17364817775436,-3.18986527596971E-17,0.984807752996792));
#5031=DIRECTION('',(-1.83697019872103E-16,-1.,0.));
#5032=DIRECTION('',(-0.171087869829654,-0.171087869829651,-0.970287525218326));
#5033=DIRECTION('center_axis',(0.99862953476254,-1.83445269492143E-16,-0.0523359560909462));
#5034=DIRECTION('ref_axis',(0.0523359560909462,-9.61395916606405E-18,0.99862953476254));
#5035=DIRECTION('',(-0.0522644275373386,-0.0522644275373559,-0.997264688650103));
#5036=DIRECTION('',(1.83697019872103E-16,1.,0.));
#5037=DIRECTION('center_axis',(1.83445269492143E-16,0.998629534762539,-0.0523359560909635));
#5038=DIRECTION('ref_axis',(9.61395916606723E-18,0.0523359560909635,0.998629534762539));
#5039=DIRECTION('',(1.,-1.83697019872103E-16,0.));
#5040=DIRECTION('',(-1.,1.83697019872103E-16,0.));
#5041=DIRECTION('center_axis',(1.80906249372453E-16,0.984807752996792,-0.173648177754357));
#5042=DIRECTION('ref_axis',(3.18986527596965E-17,0.173648177754357,0.984807752996793));
#5043=DIRECTION('center_axis',(0.,0.,1.));
#5044=DIRECTION('ref_axis',(-1.83697019872103E-16,-1.,0.));
#5045=DIRECTION('center_axis',(0.,0.,-1.));
#5046=DIRECTION('ref_axis',(1.83697019872103E-16,1.,0.));
#5047=DIRECTION('center_axis',(0.,0.,-1.));
#5048=DIRECTION('ref_axis',(1.83697019872103E-16,1.,0.));
#5049=DIRECTION('center_axis',(0.,0.,1.));
#5050=DIRECTION('ref_axis',(1.83697019872103E-16,1.,0.));
#5051=DIRECTION('center_axis',(0.,0.,1.));
#5052=DIRECTION('ref_axis',(-1.83697019872103E-16,-1.,0.));
#5053=DIRECTION('center_axis',(0.,0.,1.));
#5054=DIRECTION('ref_axis',(-1.83697019872103E-16,-1.,0.));
#5055=DIRECTION('center_axis',(-2.1661094439631E-13,-1.,0.));
#5056=DIRECTION('ref_axis',(1.,-2.1661094439631E-13,0.));
#5057=DIRECTION('',(1.,-2.1661094439631E-13,0.));
#5058=DIRECTION('',(0.,0.,1.));
#5059=DIRECTION('',(1.,-2.1661094439631E-13,0.));
#5060=DIRECTION('',(0.,0.,1.));
#5061=DIRECTION('center_axis',(1.,-1.83697019872103E-16,0.));
#5062=DIRECTION('ref_axis',(1.83697019872103E-16,1.,0.));
#5063=DIRECTION('',(1.83697019872103E-16,1.,0.));
#5064=DIRECTION('',(1.83697019872103E-16,1.,0.));
#5065=DIRECTION('',(0.,0.,1.));
#5066=DIRECTION('center_axis',(-1.83697019872103E-16,-1.,0.));
#5067=DIRECTION('ref_axis',(1.,-1.83697019872103E-16,0.));
#5068=DIRECTION('',(1.,-1.83697019872103E-16,0.));
#5069=DIRECTION('',(1.,-1.83697019872103E-16,0.));
#5070=DIRECTION('',(0.,0.,1.));
#5071=DIRECTION('center_axis',(1.,-1.83697019872103E-16,0.));
#5072=DIRECTION('ref_axis',(1.83697019872103E-16,1.,0.));
#5073=DIRECTION('',(1.83697019872103E-16,1.,0.));
#5074=DIRECTION('',(1.83697019872103E-16,1.,0.));
#5075=DIRECTION('',(0.,0.,1.));
#5076=DIRECTION('center_axis',(0.707106781186547,-0.707106781186548,0.));
#5077=DIRECTION('ref_axis',(0.707106781186548,0.707106781186547,0.));
#5078=DIRECTION('',(0.707106781186548,0.707106781186547,0.));
#5079=DIRECTION('',(0.707106781186548,0.707106781186547,0.));
#5080=DIRECTION('',(0.,0.,1.));
#5081=DIRECTION('center_axis',(1.,-3.74314377425402E-13,0.));
#5082=DIRECTION('ref_axis',(3.74314377425403E-13,1.,0.));
#5083=DIRECTION('',(3.74314377425403E-13,1.,0.));
#5084=DIRECTION('',(3.74314377425403E-13,1.,0.));
#5085=DIRECTION('',(0.,0.,1.));
#5086=DIRECTION('center_axis',(-1.83697019872103E-16,-1.,0.));
#5087=DIRECTION('ref_axis',(1.,-1.83697019872103E-16,0.));
#5088=DIRECTION('',(1.,-1.83697019872103E-16,0.));
#5089=DIRECTION('',(1.,-1.83697019872103E-16,0.));
#5090=DIRECTION('',(0.,0.,1.));
#5091=DIRECTION('center_axis',(-1.,1.83697019872103E-16,0.));
#5092=DIRECTION('ref_axis',(-1.83697019872103E-16,-1.,0.));
#5093=DIRECTION('',(-1.83697019872103E-16,-1.,0.));
#5094=DIRECTION('',(-1.83697019872103E-16,-1.,0.));
#5095=DIRECTION('',(0.,0.,1.));
#5096=DIRECTION('center_axis',(-0.707106781186144,-0.707106781186951,0.));
#5097=DIRECTION('ref_axis',(0.707106781186951,-0.707106781186144,0.));
#5098=DIRECTION('',(0.707106781186951,-0.707106781186144,0.));
#5099=DIRECTION('',(0.707106781186951,-0.707106781186144,0.));
#5100=DIRECTION('',(0.,0.,1.));
#5101=DIRECTION('center_axis',(-1.,1.83697019872103E-16,0.));
#5102=DIRECTION('ref_axis',(-1.83697019872103E-16,-1.,0.));
#5103=DIRECTION('',(-1.83697019872103E-16,-1.,0.));
#5104=DIRECTION('',(-1.83697019872103E-16,-1.,0.));
#5105=DIRECTION('',(0.,0.,1.));
#5106=DIRECTION('center_axis',(-1.83697019872103E-16,-1.,0.));
#5107=DIRECTION('ref_axis',(1.,-1.83697019872103E-16,0.));
#5108=DIRECTION('',(1.,-1.83697019872103E-16,0.));
#5109=DIRECTION('',(1.,-1.83697019872103E-16,0.));
#5110=DIRECTION('',(0.,0.,1.));
#5111=DIRECTION('center_axis',(-1.,5.98618270574026E-14,0.));
#5112=DIRECTION('ref_axis',(-5.98618270574026E-14,-1.,0.));
#5113=DIRECTION('',(-5.98618270574026E-14,-1.,0.));
#5114=DIRECTION('',(-5.98618270574026E-14,-1.,0.));
#5115=DIRECTION('',(0.,0.,1.));
#5116=DIRECTION('center_axis',(1.83697019872103E-16,1.,0.));
#5117=DIRECTION('ref_axis',(-1.,1.83697019872103E-16,0.));
#5118=DIRECTION('',(-1.,1.83697019872103E-16,0.));
#5119=DIRECTION('',(-1.,1.83697019872103E-16,0.));
#5120=DIRECTION('',(0.,0.,1.));
#5121=DIRECTION('center_axis',(-1.,1.24854346254278E-11,0.));
#5122=DIRECTION('ref_axis',(-1.24854346254279E-11,-1.,0.));
#5123=DIRECTION('',(-1.24854346254279E-11,-1.,0.));
#5124=DIRECTION('',(-1.24854346254279E-11,-1.,0.));
#5125=DIRECTION('',(0.,0.,1.));
#5126=DIRECTION('center_axis',(2.61874267471446E-11,1.,0.));
#5127=DIRECTION('ref_axis',(-1.,2.61874267471446E-11,0.));
#5128=DIRECTION('',(-1.,2.61874267471446E-11,0.));
#5129=DIRECTION('',(-1.,2.61874267471446E-11,0.));
#5130=DIRECTION('',(0.,0.,1.));
#5131=DIRECTION('center_axis',(0.,0.,1.));
#5132=DIRECTION('ref_axis',(0.909059342891552,0.416666666655228,0.));
#5133=DIRECTION('center_axis',(0.,0.,1.));
#5134=DIRECTION('ref_axis',(0.909059342891552,0.416666666655228,0.));
#5135=DIRECTION('center_axis',(0.,0.,1.));
#5136=DIRECTION('ref_axis',(0.909059342891552,0.416666666655228,0.));
#5137=DIRECTION('',(0.,0.,1.));
#5138=DIRECTION('center_axis',(0.,0.,1.));
#5139=DIRECTION('ref_axis',(4.0735946547502E-12,-1.,0.));
#5140=DIRECTION('center_axis',(0.,0.,-1.));
#5141=DIRECTION('ref_axis',(4.0735946547502E-12,-1.,0.));
#5142=DIRECTION('center_axis',(0.,0.,-1.));
#5143=DIRECTION('ref_axis',(4.0735946547502E-12,-1.,0.));
#5144=DIRECTION('',(0.,0.,1.));
#5145=DIRECTION('center_axis',(-4.05637554167771E-12,1.,0.));
#5146=DIRECTION('ref_axis',(-1.,-4.05637554167771E-12,0.));
#5147=DIRECTION('',(-1.,-4.05637554167771E-12,0.));
#5148=DIRECTION('',(-1.,-4.05637554167771E-12,0.));
#5149=DIRECTION('',(0.,0.,1.));
#5150=DIRECTION('center_axis',(0.,0.,1.));
#5151=DIRECTION('ref_axis',(0.866025403779444,-0.500000000008651,0.));
#5152=DIRECTION('center_axis',(0.,0.,-1.));
#5153=DIRECTION('ref_axis',(0.866025403779444,-0.500000000008651,0.));
#5154=DIRECTION('center_axis',(0.,0.,-1.));
#5155=DIRECTION('ref_axis',(0.866025403779444,-0.500000000008651,0.));
#5156=DIRECTION('',(0.,0.,1.));
#5157=DIRECTION('center_axis',(-2.83572341819171E-13,1.,0.));
#5158=DIRECTION('ref_axis',(-1.,-2.83572341819171E-13,0.));
#5159=DIRECTION('',(-1.,-2.83572341819171E-13,0.));
#5160=DIRECTION('',(-1.,-2.83572341819171E-13,0.));
#5161=DIRECTION('',(0.,0.,1.));
#5162=DIRECTION('center_axis',(1.,-1.83697019872103E-16,0.));
#5163=DIRECTION('ref_axis',(1.83697019872103E-16,1.,0.));
#5164=DIRECTION('',(1.83697019872103E-16,1.,0.));
#5165=DIRECTION('',(1.83697019872103E-16,1.,0.));
#5166=DIRECTION('',(0.,0.,1.));
#5167=DIRECTION('center_axis',(-1.83697019872103E-16,-1.,0.));
#5168=DIRECTION('ref_axis',(1.,-1.83697019872103E-16,0.));
#5169=DIRECTION('',(1.,-1.83697019872103E-16,0.));
#5170=DIRECTION('',(1.,-1.83697019872103E-16,0.));
#5171=DIRECTION('',(0.,0.,1.));
#5172=DIRECTION('center_axis',(0.,0.,1.));
#5173=DIRECTION('ref_axis',(-4.40518126469312E-12,1.,0.));
#5174=DIRECTION('center_axis',(0.,0.,-1.));
#5175=DIRECTION('ref_axis',(-4.40518126469312E-12,1.,0.));
#5176=DIRECTION('center_axis',(0.,0.,-1.));
#5177=DIRECTION('ref_axis',(-4.40518126469312E-12,1.,0.));
#5178=DIRECTION('',(0.,0.,1.));
#5179=DIRECTION('center_axis',(4.33074345967121E-12,-1.,0.));
#5180=DIRECTION('ref_axis',(1.,4.33074345967121E-12,0.));
#5181=DIRECTION('',(1.,4.33074345967121E-12,0.));
#5182=DIRECTION('',(1.,4.33074345967121E-12,0.));
#5183=DIRECTION('',(0.,0.,1.));
#5184=DIRECTION('center_axis',(0.,0.,1.));
#5185=DIRECTION('ref_axis',(-1.,-1.95513051534195E-10,0.));
#5186=DIRECTION('center_axis',(0.,0.,-1.));
#5187=DIRECTION('ref_axis',(-1.,-1.95513051534195E-10,0.));
#5188=DIRECTION('center_axis',(0.,0.,-1.));
#5189=DIRECTION('ref_axis',(-1.,-1.95513051534195E-10,0.));
#5190=DIRECTION('',(0.,0.,1.));
#5191=DIRECTION('center_axis',(1.,1.95541177428017E-10,0.));
#5192=DIRECTION('ref_axis',(-1.95541177428017E-10,1.,0.));
#5193=DIRECTION('',(-1.95541177428017E-10,1.,0.));
#5194=DIRECTION('',(-1.95541177428017E-10,1.,0.));
#5195=DIRECTION('',(0.,0.,1.));
#5196=DIRECTION('center_axis',(-1.83697019872103E-16,-1.,0.));
#5197=DIRECTION('ref_axis',(1.,-1.83697019872103E-16,0.));
#5198=DIRECTION('',(1.,-1.83697019872103E-16,0.));
#5199=DIRECTION('',(1.,-1.83697019872103E-16,0.));
#5200=DIRECTION('',(0.,0.,1.));
#5201=DIRECTION('center_axis',(1.,-1.83697019872103E-16,0.));
#5202=DIRECTION('ref_axis',(1.83697019872103E-16,1.,0.));
#5203=DIRECTION('',(1.83697019872103E-16,1.,0.));
#5204=DIRECTION('',(1.83697019872103E-16,1.,0.));
#5205=DIRECTION('',(0.,0.,1.));
#5206=DIRECTION('center_axis',(-7.27593924447151E-11,1.,0.));
#5207=DIRECTION('ref_axis',(-1.,-7.27593924447151E-11,0.));
#5208=DIRECTION('',(-1.,-7.27593924447151E-11,0.));
#5209=DIRECTION('',(-1.,-7.27593924447151E-11,0.));
#5210=DIRECTION('',(0.,0.,1.));
#5211=DIRECTION('center_axis',(1.,9.37898041244615E-12,0.));
#5212=DIRECTION('ref_axis',(-9.37898041244615E-12,1.,0.));
#5213=DIRECTION('',(-9.37898041244615E-12,1.,0.));
#5214=DIRECTION('',(-9.37898041244615E-12,1.,0.));
#5215=DIRECTION('',(0.,0.,1.));
#5216=DIRECTION('center_axis',(0.,0.,1.));
#5217=DIRECTION('ref_axis',(4.71858186974693E-14,-1.,0.));
#5218=DIRECTION('center_axis',(0.,0.,-1.));
#5219=DIRECTION('ref_axis',(4.71858186974693E-14,-1.,0.));
#5220=DIRECTION('center_axis',(0.,0.,-1.));
#5221=DIRECTION('ref_axis',(4.71858186974693E-14,-1.,0.));
#5222=DIRECTION('',(0.,0.,1.));
#5223=DIRECTION('center_axis',(-4.33074345976104E-12,1.,0.));
#5224=DIRECTION('ref_axis',(-1.,-4.33074345976104E-12,0.));
#5225=DIRECTION('',(-1.,-4.33074345976104E-12,0.));
#5226=DIRECTION('',(-1.,-4.33074345976104E-12,0.));
#5227=DIRECTION('',(0.,0.,1.));
#5228=DIRECTION('center_axis',(0.,0.,1.));
#5229=DIRECTION('ref_axis',(0.866025403783836,-0.500000000001044,0.));
#5230=DIRECTION('center_axis',(0.,0.,-1.));
#5231=DIRECTION('ref_axis',(0.866025403783836,-0.500000000001044,0.));
#5232=DIRECTION('center_axis',(0.,0.,-1.));
#5233=DIRECTION('ref_axis',(0.866025403783836,-0.500000000001044,0.));
#5234=DIRECTION('',(0.,0.,1.));
#5235=DIRECTION('center_axis',(-2.83202386097697E-13,1.,0.));
#5236=DIRECTION('ref_axis',(-1.,-2.83202386097697E-13,0.));
#5237=DIRECTION('',(-1.,-2.83202386097697E-13,0.));
#5238=DIRECTION('',(-1.,-2.83202386097697E-13,0.));
#5239=DIRECTION('',(0.,0.,1.));
#5240=DIRECTION('center_axis',(1.,-1.26493590507814E-14,0.));
#5241=DIRECTION('ref_axis',(1.26493590507814E-14,1.,0.));
#5242=DIRECTION('',(1.26493590507814E-14,1.,0.));
#5243=DIRECTION('',(1.26493590507814E-14,1.,0.));
#5244=DIRECTION('',(0.,0.,1.));
#5245=DIRECTION('center_axis',(-1.83697019872103E-16,-1.,0.));
#5246=DIRECTION('ref_axis',(1.,-1.83697019872103E-16,0.));
#5247=DIRECTION('',(1.,-1.83697019872103E-16,0.));
#5248=DIRECTION('',(1.,-1.83697019872103E-16,0.));
#5249=DIRECTION('',(0.,0.,1.));
#5250=DIRECTION('center_axis',(0.,0.,1.));
#5251=DIRECTION('ref_axis',(9.49227284545578E-14,1.,0.));
#5252=DIRECTION('center_axis',(0.,0.,-1.));
#5253=DIRECTION('ref_axis',(9.49227284545578E-14,1.,0.));
#5254=DIRECTION('center_axis',(0.,0.,-1.));
#5255=DIRECTION('ref_axis',(9.49227284545578E-14,1.,0.));
#5256=DIRECTION('',(0.,0.,1.));
#5257=DIRECTION('center_axis',(-1.83697019872103E-16,-1.,0.));
#5258=DIRECTION('ref_axis',(1.,-1.83697019872103E-16,0.));
#5259=DIRECTION('',(1.,-1.83697019872103E-16,0.));
#5260=DIRECTION('',(1.,-1.83697019872103E-16,0.));
#5261=DIRECTION('',(0.,0.,1.));
#5262=DIRECTION('center_axis',(0.,0.,1.));
#5263=DIRECTION('ref_axis',(-0.773879117753423,0.633333333328654,0.));
#5264=DIRECTION('center_axis',(0.,0.,-1.));
#5265=DIRECTION('ref_axis',(-0.773879117753423,0.633333333328654,0.));
#5266=DIRECTION('center_axis',(0.,0.,-1.));
#5267=DIRECTION('ref_axis',(-0.773879117753423,0.633333333328654,0.));
#5268=DIRECTION('',(0.,0.,1.));
#5269=DIRECTION('center_axis',(0.,0.,1.));
#5270=DIRECTION('ref_axis',(3.7877242872619E-13,-1.,0.));
#5271=DIRECTION('center_axis',(0.,0.,1.));
#5272=DIRECTION('ref_axis',(3.7877242872619E-13,-1.,0.));
#5273=DIRECTION('center_axis',(0.,0.,1.));
#5274=DIRECTION('ref_axis',(3.7877242872619E-13,-1.,0.));
#5275=DIRECTION('',(0.,0.,1.));
#5276=DIRECTION('center_axis',(3.49952818413137E-13,-1.,0.));
#5277=DIRECTION('ref_axis',(1.,3.49952818413137E-13,0.));
#5278=DIRECTION('',(1.,3.49952818413137E-13,0.));
#5279=DIRECTION('',(1.,3.49952818413137E-13,0.));
#5280=DIRECTION('',(0.,0.,1.));
#5281=DIRECTION('center_axis',(-1.,-2.6760114202188E-10,0.));
#5282=DIRECTION('ref_axis',(2.6760114202188E-10,-1.,0.));
#5283=DIRECTION('',(2.6760114202188E-10,-1.,0.));
#5284=DIRECTION('',(2.6760114202188E-10,-1.,0.));
#5285=DIRECTION('center_axis',(0.,0.,1.));
#5286=DIRECTION('ref_axis',(-1.83697019872103E-16,-1.,0.));
#5287=DIRECTION('center_axis',(0.,0.,1.));
#5288=DIRECTION('ref_axis',(-1.83697019872103E-16,-1.,0.));
#5289=DIRECTION('center_axis',(3.50320212452881E-13,1.,0.));
#5290=DIRECTION('ref_axis',(-1.,3.50320212452881E-13,0.));
#5291=DIRECTION('',(1.,-3.50320212452881E-13,0.));
#5292=DIRECTION('',(0.,0.,1.));
#5293=DIRECTION('',(-1.,3.50320212452881E-13,0.));
#5294=DIRECTION('',(0.,0.,1.));
#5295=DIRECTION('center_axis',(0.,0.,1.));
#5296=DIRECTION('ref_axis',(3.31770307047681E-13,1.,0.));
#5297=DIRECTION('center_axis',(0.,0.,-1.));
#5298=DIRECTION('ref_axis',(3.31770307047681E-13,1.,0.));
#5299=DIRECTION('center_axis',(0.,0.,1.));
#5300=DIRECTION('ref_axis',(3.31770307047681E-13,1.,0.));
#5301=DIRECTION('',(0.,0.,1.));
#5302=DIRECTION('center_axis',(0.,0.,1.));
#5303=DIRECTION('ref_axis',(-0.77387911775343,-0.633333333328645,0.));
#5304=DIRECTION('center_axis',(0.,0.,1.));
#5305=DIRECTION('ref_axis',(-0.77387911775343,-0.633333333328645,0.));
#5306=DIRECTION('center_axis',(0.,0.,-1.));
#5307=DIRECTION('ref_axis',(-0.77387911775343,-0.633333333328645,0.));
#5308=DIRECTION('',(0.,0.,1.));
#5309=DIRECTION('center_axis',(1.83697019872103E-16,1.,0.));
#5310=DIRECTION('ref_axis',(-1.,1.83697019872103E-16,0.));
#5311=DIRECTION('',(1.,-1.83697019872103E-16,0.));
#5312=DIRECTION('',(-1.,1.83697019872103E-16,0.));
#5313=DIRECTION('',(0.,0.,1.));
#5314=DIRECTION('center_axis',(0.,0.,1.));
#5315=DIRECTION('ref_axis',(9.45553344148133E-14,-1.,0.));
#5316=DIRECTION('center_axis',(0.,0.,1.));
#5317=DIRECTION('ref_axis',(9.45553344148133E-14,-1.,0.));
#5318=DIRECTION('center_axis',(0.,0.,-1.));
#5319=DIRECTION('ref_axis',(9.45553344148133E-14,-1.,0.));
#5320=DIRECTION('',(0.,0.,1.));
#5321=DIRECTION('center_axis',(-5.56214424299358E-16,1.,0.));
#5322=DIRECTION('ref_axis',(-1.,-5.56214424299358E-16,0.));
#5323=DIRECTION('',(1.,5.56214424299358E-16,0.));
#5324=DIRECTION('',(-1.,-5.56214424299358E-16,0.));
#5325=DIRECTION('',(0.,0.,1.));
#5326=DIRECTION('center_axis',(1.,1.22819650110371E-14,0.));
#5327=DIRECTION('ref_axis',(-1.22819650110371E-14,1.,0.));
#5328=DIRECTION('',(1.22819650110371E-14,-1.,0.));
#5329=DIRECTION('',(-1.22819650110371E-14,1.,0.));
#5330=DIRECTION('',(0.,0.,1.));
#5331=DIRECTION('center_axis',(-2.83569780137441E-13,-1.,0.));
#5332=DIRECTION('ref_axis',(1.,-2.83569780137441E-13,0.));
#5333=DIRECTION('',(-1.,2.83569780137441E-13,0.));
#5334=DIRECTION('',(1.,-2.83569780137441E-13,0.));
#5335=DIRECTION('',(0.,0.,1.));
#5336=DIRECTION('center_axis',(0.,0.,1.));
#5337=DIRECTION('ref_axis',(0.866025403783836,0.500000000001044,0.));
#5338=DIRECTION('center_axis',(0.,0.,1.));
#5339=DIRECTION('ref_axis',(0.866025403783836,0.500000000001044,0.));
#5340=DIRECTION('center_axis',(0.,0.,-1.));
#5341=DIRECTION('ref_axis',(0.866025403783836,0.500000000001044,0.));
#5342=DIRECTION('',(0.,0.,1.));
#5343=DIRECTION('center_axis',(-4.33111085380079E-12,-1.,0.));
#5344=DIRECTION('ref_axis',(1.,-4.33111085380079E-12,0.));
#5345=DIRECTION('',(-1.,4.33111085380079E-12,0.));
#5346=DIRECTION('',(1.,-4.33111085380079E-12,0.));
#5347=DIRECTION('',(0.,0.,1.));
#5348=DIRECTION('center_axis',(0.,0.,1.));
#5349=DIRECTION('ref_axis',(4.75532127372136E-14,1.,0.));
#5350=DIRECTION('center_axis',(0.,0.,1.));
#5351=DIRECTION('ref_axis',(4.75532127372136E-14,1.,0.));
#5352=DIRECTION('center_axis',(0.,0.,-1.));
#5353=DIRECTION('ref_axis',(4.75532127372136E-14,1.,0.));
#5354=DIRECTION('',(0.,0.,1.));
#5355=DIRECTION('center_axis',(1.,-9.37934780648589E-12,0.));
#5356=DIRECTION('ref_axis',(9.37934780648589E-12,1.,0.));
#5357=DIRECTION('',(-9.37934780648589E-12,-1.,0.));
#5358=DIRECTION('',(9.37934780648589E-12,1.,0.));
#5359=DIRECTION('',(0.,0.,1.));
#5360=DIRECTION('center_axis',(-7.27597598387549E-11,-1.,0.));
#5361=DIRECTION('ref_axis',(1.,-7.27597598387549E-11,0.));
#5362=DIRECTION('',(-1.,7.27597598387549E-11,0.));
#5363=DIRECTION('',(1.,-7.27597598387549E-11,0.));
#5364=DIRECTION('',(0.,0.,1.));
#5365=DIRECTION('center_axis',(1.,-1.83697019872103E-16,0.));
#5366=DIRECTION('ref_axis',(1.83697019872103E-16,1.,0.));
#5367=DIRECTION('',(-1.83697019872103E-16,-1.,0.));
#5368=DIRECTION('',(1.83697019872103E-16,1.,0.));
#5369=DIRECTION('',(0.,0.,1.));
#5370=DIRECTION('center_axis',(1.83697019872103E-16,1.,0.));
#5371=DIRECTION('ref_axis',(-1.,1.83697019872103E-16,0.));
#5372=DIRECTION('',(1.,-1.83697019872103E-16,0.));
#5373=DIRECTION('',(-1.,1.83697019872103E-16,0.));
#5374=DIRECTION('',(0.,0.,1.));
#5375=DIRECTION('center_axis',(1.,-1.95541544822056E-10,0.));
#5376=DIRECTION('ref_axis',(1.95541544822056E-10,1.,0.));
#5377=DIRECTION('',(-1.95541544822056E-10,-1.,0.));
#5378=DIRECTION('',(1.95541544822056E-10,1.,0.));
#5379=DIRECTION('',(0.,0.,1.));
#5380=DIRECTION('center_axis',(0.,0.,1.));
#5381=DIRECTION('ref_axis',(-1.,1.95513418928235E-10,0.));
#5382=DIRECTION('center_axis',(0.,0.,1.));
#5383=DIRECTION('ref_axis',(-1.,1.95513418928235E-10,0.));
#5384=DIRECTION('center_axis',(0.,0.,-1.));
#5385=DIRECTION('ref_axis',(-1.,1.95513418928235E-10,0.));
#5386=DIRECTION('',(0.,0.,1.));
#5387=DIRECTION('center_axis',(4.33111085371096E-12,1.,0.));
#5388=DIRECTION('ref_axis',(-1.,4.33111085371096E-12,0.));
#5389=DIRECTION('',(1.,-4.33111085371096E-12,0.));
#5390=DIRECTION('',(-1.,4.33111085371096E-12,0.));
#5391=DIRECTION('',(0.,0.,1.));
#5392=DIRECTION('center_axis',(0.,0.,1.));
#5393=DIRECTION('ref_axis',(-4.40554865873289E-12,-1.,0.));
#5394=DIRECTION('center_axis',(0.,0.,1.));
#5395=DIRECTION('ref_axis',(-4.40554865873289E-12,-1.,0.));
#5396=DIRECTION('center_axis',(0.,0.,-1.));
#5397=DIRECTION('ref_axis',(-4.40554865873289E-12,-1.,0.));
#5398=DIRECTION('',(0.,0.,1.));
#5399=DIRECTION('center_axis',(1.83697019872103E-16,1.,0.));
#5400=DIRECTION('ref_axis',(-1.,1.83697019872103E-16,0.));
#5401=DIRECTION('',(1.,-1.83697019872103E-16,0.));
#5402=DIRECTION('',(-1.,1.83697019872103E-16,0.));
#5403=DIRECTION('',(0.,0.,1.));
#5404=DIRECTION('center_axis',(1.,-1.83697019872103E-16,0.));
#5405=DIRECTION('ref_axis',(1.83697019872103E-16,1.,0.));
#5406=DIRECTION('',(-1.83697019872103E-16,-1.,0.));
#5407=DIRECTION('',(1.83697019872103E-16,1.,0.));
#5408=DIRECTION('',(0.,0.,1.));
#5409=DIRECTION('center_axis',(-2.83939735858915E-13,-1.,0.));
#5410=DIRECTION('ref_axis',(1.,-2.83939735858915E-13,0.));
#5411=DIRECTION('',(-1.,2.83939735858915E-13,0.));
#5412=DIRECTION('',(1.,-2.83939735858915E-13,0.));
#5413=DIRECTION('',(0.,0.,1.));
#5414=DIRECTION('center_axis',(0.,0.,1.));
#5415=DIRECTION('ref_axis',(0.866025403779442,0.500000000008654,0.));
#5416=DIRECTION('center_axis',(0.,0.,1.));
#5417=DIRECTION('ref_axis',(0.866025403779442,0.500000000008654,0.));
#5418=DIRECTION('center_axis',(0.,0.,-1.));
#5419=DIRECTION('ref_axis',(0.866025403779442,0.500000000008654,0.));
#5420=DIRECTION('',(0.,0.,1.));
#5421=DIRECTION('center_axis',(-4.05674293571745E-12,-1.,0.));
#5422=DIRECTION('ref_axis',(1.,-4.05674293571745E-12,0.));
#5423=DIRECTION('',(-1.,4.05674293571745E-12,0.));
#5424=DIRECTION('',(1.,-4.05674293571745E-12,0.));
#5425=DIRECTION('',(0.,0.,1.));
#5426=DIRECTION('center_axis',(0.,0.,1.));
#5427=DIRECTION('ref_axis',(4.07396204878994E-12,1.,0.));
#5428=DIRECTION('center_axis',(0.,0.,1.));
#5429=DIRECTION('ref_axis',(4.07396204878994E-12,1.,0.));
#5430=DIRECTION('center_axis',(0.,0.,-1.));
#5431=DIRECTION('ref_axis',(4.07396204878994E-12,1.,0.));
#5432=DIRECTION('',(0.,0.,1.));
#5433=DIRECTION('center_axis',(0.,0.,1.));
#5434=DIRECTION('ref_axis',(0.909059342891553,-0.416666666655227,0.));
#5435=DIRECTION('center_axis',(0.,0.,-1.));
#5436=DIRECTION('ref_axis',(0.909059342891553,-0.416666666655227,0.));
#5437=DIRECTION('center_axis',(0.,0.,1.));
#5438=DIRECTION('ref_axis',(0.909059342891553,-0.416666666655227,0.));
#5439=DIRECTION('',(0.,0.,1.));
#5440=DIRECTION('center_axis',(2.61870593531048E-11,-1.,0.));
#5441=DIRECTION('ref_axis',(1.,2.61870593531048E-11,0.));
#5442=DIRECTION('',(-1.,-2.61870593531048E-11,0.));
#5443=DIRECTION('',(1.,2.61870593531048E-11,0.));
#5444=DIRECTION('',(0.,0.,1.));
#5445=DIRECTION('center_axis',(-1.,-1.24850672313881E-11,0.));
#5446=DIRECTION('ref_axis',(1.24850672313881E-11,-1.,0.));
#5447=DIRECTION('',(-1.24850672313881E-11,1.,0.));
#5448=DIRECTION('',(1.24850672313881E-11,-1.,0.));
#5449=DIRECTION('',(0.,0.,1.));
#5450=DIRECTION('center_axis',(-1.83697019872103E-16,-1.,0.));
#5451=DIRECTION('ref_axis',(1.,-1.83697019872103E-16,0.));
#5452=DIRECTION('',(-1.,1.83697019872103E-16,0.));
#5453=DIRECTION('',(1.,-1.83697019872103E-16,0.));
#5454=DIRECTION('',(0.,0.,1.));
#5455=DIRECTION('center_axis',(-1.,-5.94944330176584E-14,0.));
#5456=DIRECTION('ref_axis',(5.94944330176584E-14,-1.,0.));
#5457=DIRECTION('',(-5.94944330176584E-14,1.,0.));
#5458=DIRECTION('',(5.94944330176584E-14,-1.,0.));
#5459=DIRECTION('',(0.,0.,1.));
#5460=DIRECTION('center_axis',(1.83697019872103E-16,1.,0.));
#5461=DIRECTION('ref_axis',(-1.,1.83697019872103E-16,0.));
#5462=DIRECTION('',(1.,-1.83697019872103E-16,0.));
#5463=DIRECTION('',(-1.,1.83697019872103E-16,0.));
#5464=DIRECTION('',(0.,0.,1.));
#5465=DIRECTION('center_axis',(-1.,1.83697019872103E-16,0.));
#5466=DIRECTION('ref_axis',(-1.83697019872103E-16,-1.,0.));
#5467=DIRECTION('',(1.83697019872103E-16,1.,0.));
#5468=DIRECTION('',(-1.83697019872103E-16,-1.,0.));
#5469=DIRECTION('',(0.,0.,1.));
#5470=DIRECTION('center_axis',(-0.707106781186144,0.707106781186951,0.));
#5471=DIRECTION('ref_axis',(-0.707106781186951,-0.707106781186144,0.));
#5472=DIRECTION('',(0.707106781186951,0.707106781186144,0.));
#5473=DIRECTION('',(-0.707106781186951,-0.707106781186144,0.));
#5474=DIRECTION('',(0.,0.,1.));
#5475=DIRECTION('center_axis',(-1.,1.83697019872103E-16,0.));
#5476=DIRECTION('ref_axis',(-1.83697019872103E-16,-1.,0.));
#5477=DIRECTION('',(1.83697019872103E-16,1.,0.));
#5478=DIRECTION('',(-1.83697019872103E-16,-1.,0.));
#5479=DIRECTION('',(0.,0.,1.));
#5480=DIRECTION('center_axis',(1.83697019872103E-16,1.,0.));
#5481=DIRECTION('ref_axis',(-1.,1.83697019872103E-16,0.));
#5482=DIRECTION('',(1.,-1.83697019872103E-16,0.));
#5483=DIRECTION('',(-1.,1.83697019872103E-16,0.));
#5484=DIRECTION('',(0.,0.,1.));
#5485=DIRECTION('center_axis',(1.,3.73946983385658E-13,0.));
#5486=DIRECTION('ref_axis',(-3.73946983385658E-13,1.,0.));
#5487=DIRECTION('',(3.73946983385658E-13,-1.,0.));
#5488=DIRECTION('',(-3.73946983385658E-13,1.,0.));
#5489=DIRECTION('',(0.,0.,1.));
#5490=DIRECTION('center_axis',(0.707106781186548,0.707106781186547,0.));
#5491=DIRECTION('ref_axis',(-0.707106781186547,0.707106781186548,0.));
#5492=DIRECTION('',(0.707106781186547,-0.707106781186548,0.));
#5493=DIRECTION('',(-0.707106781186547,0.707106781186548,0.));
#5494=DIRECTION('',(0.,0.,1.));
#5495=DIRECTION('center_axis',(1.,-1.83697019872103E-16,0.));
#5496=DIRECTION('ref_axis',(1.83697019872103E-16,1.,0.));
#5497=DIRECTION('',(-1.83697019872103E-16,-1.,0.));
#5498=DIRECTION('',(1.83697019872103E-16,1.,0.));
#5499=DIRECTION('',(0.,0.,1.));
#5500=DIRECTION('center_axis',(1.1491083456135E-15,1.,0.));
#5501=DIRECTION('ref_axis',(-1.,1.1491083456135E-15,0.));
#5502=DIRECTION('',(1.,-1.1491083456135E-15,0.));
#5503=DIRECTION('',(-1.,1.1491083456135E-15,0.));
#5504=DIRECTION('',(0.,0.,1.));
#5505=DIRECTION('center_axis',(1.,-1.83697019872103E-16,0.));
#5506=DIRECTION('ref_axis',(1.83697019872103E-16,1.,0.));
#5507=DIRECTION('',(-1.83697019872103E-16,-1.,0.));
#5508=DIRECTION('',(1.83697019872103E-16,1.,0.));
#5509=DIRECTION('',(0.,0.,1.));
#5510=DIRECTION('center_axis',(-2.16243550356566E-13,1.,0.));
#5511=DIRECTION('ref_axis',(-1.,-2.16243550356566E-13,0.));
#5512=DIRECTION('',(1.,2.16243550356566E-13,0.));
#5513=DIRECTION('',(-1.,-2.16243550356566E-13,0.));
#5514=DIRECTION('',(0.,0.,1.));
#5515=DIRECTION('center_axis',(-1.,2.67601509415921E-10,0.));
#5516=DIRECTION('ref_axis',(-2.67601509415921E-10,-1.,0.));
#5517=DIRECTION('',(2.67601509415921E-10,1.,0.));
#5518=DIRECTION('',(-2.67601509415921E-10,-1.,0.));
#5519=DIRECTION('center_axis',(0.,0.,1.));
#5520=DIRECTION('ref_axis',(-1.83697019872103E-16,-1.,0.));
#5521=DIRECTION('center_axis',(0.,0.,1.));
#5522=DIRECTION('ref_axis',(-1.83697019872103E-16,-1.,0.));
#5523=DIRECTION('center_axis',(-4.83455235911087E-14,1.,0.));
#5524=DIRECTION('ref_axis',(-1.,-4.83455235911087E-14,0.));
#5525=DIRECTION('',(1.,4.83455235911087E-14,0.));
#5526=DIRECTION('',(0.,0.,1.));
#5527=DIRECTION('',(-1.,-4.83455235911087E-14,0.));
#5528=DIRECTION('',(0.,0.,1.));
#5529=DIRECTION('center_axis',(1.,6.74870397195396E-14,0.));
#5530=DIRECTION('ref_axis',(-6.74870397195396E-14,1.,0.));
#5531=DIRECTION('',(6.74870397195396E-14,-1.,0.));
#5532=DIRECTION('',(-6.74870397195396E-14,1.,0.));
#5533=DIRECTION('',(0.,0.,1.));
#5534=DIRECTION('center_axis',(-4.77973854691086E-14,-1.,0.));
#5535=DIRECTION('ref_axis',(1.,-4.77973854691086E-14,0.));
#5536=DIRECTION('',(-1.,4.77973854691086E-14,0.));
#5537=DIRECTION('',(1.,-4.77973854691086E-14,0.));
#5538=DIRECTION('',(0.,0.,1.));
#5539=DIRECTION('center_axis',(0.,0.,1.));
#5540=DIRECTION('ref_axis',(4.75532127372143E-14,1.,0.));
#5541=DIRECTION('center_axis',(0.,0.,1.));
#5542=DIRECTION('ref_axis',(4.75532127372143E-14,1.,0.));
#5543=DIRECTION('center_axis',(0.,0.,-1.));
#5544=DIRECTION('ref_axis',(4.75532127372143E-14,1.,0.));
#5545=DIRECTION('',(0.,0.,1.));
#5546=DIRECTION('center_axis',(-1.66351990827466E-15,-1.,0.));
#5547=DIRECTION('ref_axis',(1.,-1.66351990827466E-15,0.));
#5548=DIRECTION('',(-1.,1.66351990827466E-15,0.));
#5549=DIRECTION('',(1.,-1.66351990827466E-15,0.));
#5550=DIRECTION('',(0.,0.,1.));
#5551=DIRECTION('center_axis',(-1.,1.83697019872103E-16,0.));
#5552=DIRECTION('ref_axis',(-1.83697019872103E-16,-1.,0.));
#5553=DIRECTION('',(1.83697019872103E-16,1.,0.));
#5554=DIRECTION('',(-1.83697019872103E-16,-1.,0.));
#5555=DIRECTION('',(0.,0.,1.));
#5556=DIRECTION('center_axis',(-2.3493560420217E-14,1.,0.));
#5557=DIRECTION('ref_axis',(-1.,-2.3493560420217E-14,0.));
#5558=DIRECTION('',(1.,2.3493560420217E-14,0.));
#5559=DIRECTION('',(-1.,-2.3493560420217E-14,0.));
#5560=DIRECTION('',(0.,0.,1.));
#5561=DIRECTION('center_axis',(0.,0.,1.));
#5562=DIRECTION('ref_axis',(-0.866025403790645,-0.499999999989251,0.));
#5563=DIRECTION('center_axis',(0.,0.,1.));
#5564=DIRECTION('ref_axis',(-0.866025403790645,-0.499999999989251,0.));
#5565=DIRECTION('center_axis',(0.,0.,-1.));
#5566=DIRECTION('ref_axis',(-0.866025403790645,-0.499999999989251,0.));
#5567=DIRECTION('center_axis',(0.,0.,1.));
#5568=DIRECTION('ref_axis',(-1.83697019872103E-16,-1.,0.));
#5569=DIRECTION('center_axis',(0.,0.,1.));
#5570=DIRECTION('ref_axis',(-1.83697019872103E-16,-1.,0.));
#5571=DIRECTION('center_axis',(1.,-1.83697019872103E-16,0.));
#5572=DIRECTION('ref_axis',(1.83697019872103E-16,1.,0.));
#5573=DIRECTION('',(1.83697019872103E-16,1.,0.));
#5574=DIRECTION('',(0.,0.,1.));
#5575=DIRECTION('',(1.83697019872103E-16,1.,0.));
#5576=DIRECTION('',(0.,0.,1.));
#5577=DIRECTION('center_axis',(-1.83697019872103E-16,-1.,0.));
#5578=DIRECTION('ref_axis',(1.,-1.83697019872103E-16,0.));
#5579=DIRECTION('',(1.,-1.83697019872103E-16,0.));
#5580=DIRECTION('',(1.,-1.83697019872103E-16,0.));
#5581=DIRECTION('',(0.,0.,1.));
#5582=DIRECTION('center_axis',(-1.,1.83697019872103E-16,0.));
#5583=DIRECTION('ref_axis',(-1.83697019872103E-16,-1.,0.));
#5584=DIRECTION('',(-1.83697019872103E-16,-1.,0.));
#5585=DIRECTION('',(-1.83697019872103E-16,-1.,0.));
#5586=DIRECTION('',(0.,0.,1.));
#5587=DIRECTION('center_axis',(1.83697019872103E-16,1.,0.));
#5588=DIRECTION('ref_axis',(-1.,1.83697019872103E-16,0.));
#5589=DIRECTION('',(-1.,1.83697019872103E-16,0.));
#5590=DIRECTION('',(-1.,1.83697019872103E-16,0.));
#5591=DIRECTION('center_axis',(0.,0.,1.));
#5592=DIRECTION('ref_axis',(-1.83697019872103E-16,-1.,0.));
#5593=DIRECTION('center_axis',(0.,0.,1.));
#5594=DIRECTION('ref_axis',(-1.83697019872103E-16,-1.,0.));
#5595=DIRECTION('center_axis',(0.229495642854744,-0.973309688593866,0.));
#5596=DIRECTION('ref_axis',(0.973309688593866,0.229495642854744,0.));
#5597=DIRECTION('',(0.973309688593866,0.229495642854744,0.));
#5598=DIRECTION('',(0.,0.,1.));
#5599=DIRECTION('',(0.973309688593866,0.229495642854744,0.));
#5600=DIRECTION('',(0.,0.,1.));
#5601=DIRECTION('center_axis',(-0.999907995991001,-0.0135646434992184,0.));
#5602=DIRECTION('ref_axis',(0.0135646434992184,-0.999907995991001,0.));
#5603=DIRECTION('',(0.0135646434992184,-0.999907995991001,0.));
#5604=DIRECTION('',(0.0135646434992184,-0.999907995991001,0.));
#5605=DIRECTION('',(0.,0.,1.));
#5606=DIRECTION('center_axis',(-0.229921425239152,0.973209195505261,0.));
#5607=DIRECTION('ref_axis',(-0.973209195505261,-0.229921425239152,0.));
#5608=DIRECTION('',(-0.973209195505261,-0.229921425239152,0.));
#5609=DIRECTION('',(-0.973209195505261,-0.229921425239152,0.));
#5610=DIRECTION('',(0.,0.,1.));
#5611=DIRECTION('center_axis',(1.,-1.83697019872103E-16,0.));
#5612=DIRECTION('ref_axis',(1.83697019872103E-16,1.,0.));
#5613=DIRECTION('',(1.83697019872103E-16,1.,0.));
#5614=DIRECTION('',(1.83697019872103E-16,1.,0.));
#5615=DIRECTION('center_axis',(0.,0.,1.));
#5616=DIRECTION('ref_axis',(-1.83697019872103E-16,-1.,0.));
#5617=DIRECTION('center_axis',(0.,0.,1.));
#5618=DIRECTION('ref_axis',(-1.83697019872103E-16,-1.,0.));
#5619=DIRECTION('center_axis',(-1.83697019872103E-16,-1.,0.));
#5620=DIRECTION('ref_axis',(1.,-1.83697019872103E-16,0.));
#5621=DIRECTION('',(1.,-1.83697019872103E-16,0.));
#5622=DIRECTION('',(0.,0.,1.));
#5623=DIRECTION('',(1.,-1.83697019872103E-16,0.));
#5624=DIRECTION('',(0.,0.,1.));
#5625=DIRECTION('center_axis',(-1.,1.83697019872103E-16,0.));
#5626=DIRECTION('ref_axis',(-1.83697019872103E-16,-1.,0.));
#5627=DIRECTION('',(-1.83697019872103E-16,-1.,0.));
#5628=DIRECTION('',(-1.83697019872103E-16,-1.,0.));
#5629=DIRECTION('',(0.,0.,1.));
#5630=DIRECTION('center_axis',(1.83697019872103E-16,1.,0.));
#5631=DIRECTION('ref_axis',(-1.,1.83697019872103E-16,0.));
#5632=DIRECTION('',(-1.,1.83697019872103E-16,0.));
#5633=DIRECTION('',(-1.,1.83697019872103E-16,0.));
#5634=DIRECTION('',(0.,0.,1.));
#5635=DIRECTION('center_axis',(1.,-1.83697019872103E-16,0.));
#5636=DIRECTION('ref_axis',(1.83697019872103E-16,1.,0.));
#5637=DIRECTION('',(1.83697019872103E-16,1.,0.));
#5638=DIRECTION('',(1.83697019872103E-16,1.,0.));
#5639=DIRECTION('center_axis',(0.,0.,1.));
#5640=DIRECTION('ref_axis',(-1.83697019872103E-16,-1.,0.));
#5641=DIRECTION('center_axis',(0.,0.,1.));
#5642=DIRECTION('ref_axis',(-1.83697019872103E-16,-1.,0.));
#5643=DIRECTION('center_axis',(1.67347807806646E-10,1.,0.));
#5644=DIRECTION('ref_axis',(-1.,1.67347807806646E-10,0.));
#5645=DIRECTION('',(-1.,5.57827250662428E-11,0.));
#5646=DIRECTION('',(0.,0.,1.));
#5647=DIRECTION('',(-1.,5.57827250662428E-11,0.));
#5648=DIRECTION('',(0.,0.,1.));
#5649=DIRECTION('',(0.,0.,1.));
#5650=DIRECTION('center_axis',(-1.83697019872103E-16,-1.,0.));
#5651=DIRECTION('ref_axis',(1.,-1.83697019872103E-16,0.));
#5652=DIRECTION('',(1.,-1.83697019872103E-16,0.));
#5653=DIRECTION('',(1.,-1.83697019872103E-16,0.));
#5654=DIRECTION('',(0.,0.,1.));
#5655=DIRECTION('center_axis',(-1.,-2.53503323759067E-13,0.));
#5656=DIRECTION('ref_axis',(2.53503323759067E-13,-1.,0.));
#5657=DIRECTION('',(8.43786432397743E-14,-1.,0.));
#5658=DIRECTION('',(8.43786432397743E-14,-1.,0.));
#5659=DIRECTION('',(0.,0.,1.));
#5660=DIRECTION('center_axis',(1.83697019872103E-16,1.,0.));
#5661=DIRECTION('ref_axis',(-1.,1.83697019872103E-16,0.));
#5662=DIRECTION('',(-1.,1.83697019872103E-16,0.));
#5663=DIRECTION('',(-1.,1.83697019872103E-16,0.));
#5664=DIRECTION('',(0.,0.,1.));
#5665=DIRECTION('center_axis',(1.,-1.83697019872103E-16,0.));
#5666=DIRECTION('ref_axis',(1.83697019872103E-16,1.,0.));
#5667=DIRECTION('',(1.83697019872103E-16,1.,0.));
#5668=DIRECTION('',(1.83697019872103E-16,1.,0.));
#5669=DIRECTION('',(0.,0.,1.));
#5670=DIRECTION('center_axis',(-3.84049238487479E-10,-1.,0.));
#5671=DIRECTION('ref_axis',(1.,-3.84049238487479E-10,0.));
#5672=DIRECTION('',(1.,-1.28016535392332E-10,0.));
#5673=DIRECTION('',(1.,-1.28016535392332E-10,0.));
#5674=DIRECTION('',(0.,0.,1.));
#5675=DIRECTION('',(0.,0.,1.));
#5676=DIRECTION('center_axis',(-3.90335432173658E-16,-1.,0.));
#5677=DIRECTION('ref_axis',(1.,-3.90335432173658E-16,0.));
#5678=DIRECTION('',(1.,-2.52576490639288E-16,0.));
#5679=DIRECTION('',(1.,-2.52576490639288E-16,0.));
#5680=DIRECTION('',(0.,0.,1.));
#5681=DIRECTION('center_axis',(-1.,1.83697019872103E-16,0.));
#5682=DIRECTION('ref_axis',(-1.83697019872103E-16,-1.,0.));
#5683=DIRECTION('',(-1.83697019872103E-16,-1.,0.));
#5684=DIRECTION('',(-1.83697019872103E-16,-1.,0.));
#5685=DIRECTION('center_axis',(2.87738079597397E-16,-5.16993085241435E-16,
1.));
#5686=DIRECTION('ref_axis',(-1.83697019872103E-16,-1.,-5.16993085241435E-16));
#5687=DIRECTION('center_axis',(2.87738079597397E-16,-5.16993085241435E-16,
1.));
#5688=DIRECTION('ref_axis',(-1.83697019872103E-16,-1.,-5.16993085241435E-16));
#5689=DIRECTION('center_axis',(0.996374175471416,-0.0850793891236701,0.));
#5690=DIRECTION('ref_axis',(0.0850793891236701,0.996374175471416,-6.01839134031181E-15));
#5691=DIRECTION('',(0.0850793892372695,0.996374175461715,-1.53139728746783E-15));
#5692=DIRECTION('',(0.,0.,1.));
#5693=DIRECTION('',(0.0850793892372695,0.996374175461715,-1.53139728746783E-15));
#5694=DIRECTION('',(0.,0.,1.));
#5695=DIRECTION('center_axis',(0.,0.,-1.));
#5696=DIRECTION('ref_axis',(0.698023010959811,-0.716075328558804,0.));
#5697=DIRECTION('center_axis',(-1.26259606212262E-14,5.96988002435022E-15,
1.));
#5698=DIRECTION('ref_axis',(0.996374175491879,-0.0850793888840144,1.27522358125233E-14));
#5699=DIRECTION('center_axis',(-3.08975433628225E-14,2.47140036413043E-14,
1.));
#5700=DIRECTION('ref_axis',(0.996374175491879,-0.0850793888840144,3.18805895313083E-14));
#5701=DIRECTION('',(0.,0.,1.));
#5702=DIRECTION('center_axis',(0.219525493291386,-0.975606763914218,0.));
#5703=DIRECTION('ref_axis',(0.975606763914219,0.219525493291386,0.));
#5704=DIRECTION('',(0.975606763880828,0.219525493439778,0.));
#5705=DIRECTION('',(0.975606763880828,0.219525493439778,0.));
#5706=DIRECTION('',(0.,0.,1.));
#5707=DIRECTION('',(0.,0.,1.));
#5708=DIRECTION('center_axis',(0.371390675801988,-0.928476691106106,0.));
#5709=DIRECTION('ref_axis',(0.928476691106106,0.371390675801988,0.));
#5710=DIRECTION('',(0.928476690903464,0.371390676308592,0.));
#5711=DIRECTION('',(0.928476690903464,0.371390676308592,0.));
#5712=DIRECTION('',(0.,0.,1.));
#5713=DIRECTION('',(0.,0.,1.));
#5714=DIRECTION('center_axis',(-0.223382536210162,0.97473085645029,0.));
#5715=DIRECTION('ref_axis',(-0.97473085645029,-0.223382536210162,-7.60605968132426E-16));
#5716=DIRECTION('',(-0.974730856432278,-0.223382536288759,-3.87076828524215E-16));
#5717=DIRECTION('',(-0.974730856432278,-0.223382536288759,-3.87076828524215E-16));
#5718=DIRECTION('',(0.,0.,1.));
#5719=DIRECTION('center_axis',(0.,0.,1.));
#5720=DIRECTION('ref_axis',(0.873799748856937,-0.486285922989299,0.));
#5721=DIRECTION('center_axis',(-2.64208617616906E-14,6.85670557529001E-15,
-1.));
#5722=DIRECTION('ref_axis',(0.527052003066016,-0.849833034227371,-2.00059162565139E-14));
#5723=DIRECTION('center_axis',(-2.64208617616906E-14,6.85670557529001E-15,
-1.));
#5724=DIRECTION('ref_axis',(0.527052003066016,-0.849833034227371,-2.00059162565139E-14));
#5725=DIRECTION('',(0.,0.,1.));
#5726=DIRECTION('center_axis',(-1.,-4.92472669653277E-13,0.));
#5727=DIRECTION('ref_axis',(4.92472669653277E-13,-1.,0.));
#5728=DIRECTION('',(1.64035091871179E-13,-1.,0.));
#5729=DIRECTION('',(1.64035091871179E-13,-1.,0.));
#5730=DIRECTION('',(0.,0.,1.));
#5731=DIRECTION('center_axis',(-0.14071889997421,0.990049590268108,0.));
#5732=DIRECTION('ref_axis',(-0.990049590268108,-0.14071889997421,0.));
#5733=DIRECTION('',(-0.990049590268107,-0.140718899974213,0.));
#5734=DIRECTION('',(-0.990049590268107,-0.140718899974213,0.));
#5735=DIRECTION('center_axis',(-1.56912982064785E-15,-1.01348256771444E-15,
1.));
#5736=DIRECTION('ref_axis',(-1.83697019872103E-16,-1.,-1.01348256771444E-15));
#5737=DIRECTION('center_axis',(-1.56912982064785E-15,-1.01348256771444E-15,
1.));
#5738=DIRECTION('ref_axis',(-1.83697019872103E-16,-1.,-1.01348256771444E-15));
#5739=DIRECTION('center_axis',(0.,0.,1.));
#5740=DIRECTION('ref_axis',(1.83697019872103E-16,1.,0.));
#5741=DIRECTION('center_axis',(0.,0.,1.));
#5742=DIRECTION('ref_axis',(1.83697019872103E-16,1.,0.));
#5743=DIRECTION('center_axis',(0.,0.,1.));
#5744=DIRECTION('ref_axis',(1.83697019872103E-16,1.,0.));
#5745=DIRECTION('center_axis',(0.,0.,1.));
#5746=DIRECTION('ref_axis',(-1.83697019872103E-16,-1.,0.));
#5747=DIRECTION('center_axis',(0.,0.,1.));
#5748=DIRECTION('ref_axis',(-1.83697019872103E-16,-1.,0.));
#5749=DIRECTION('center_axis',(-1.83697019872103E-16,-1.,0.));
#5750=DIRECTION('ref_axis',(1.,-1.83697019872103E-16,0.));
#5751=DIRECTION('',(1.,-1.83697019872103E-16,0.));
#5752=DIRECTION('',(0.,0.,1.));
#5753=DIRECTION('',(1.,-1.83697019872103E-16,0.));
#5754=DIRECTION('',(0.,0.,1.));
#5755=DIRECTION('center_axis',(-1.,1.83697019872103E-16,0.));
#5756=DIRECTION('ref_axis',(-1.83697019872103E-16,-1.,0.));
#5757=DIRECTION('',(-1.83697019872103E-16,-1.,0.));
#5758=DIRECTION('',(-1.83697019872103E-16,-1.,0.));
#5759=DIRECTION('',(0.,0.,1.));
#5760=DIRECTION('center_axis',(-6.64764733775703E-16,1.,0.));
#5761=DIRECTION('ref_axis',(-1.,-6.64764733775703E-16,0.));
#5762=DIRECTION('',(-1.,-9.91235646771658E-17,0.));
#5763=DIRECTION('',(-1.,-9.91235646771658E-17,0.));
#5764=DIRECTION('',(0.,0.,1.));
#5765=DIRECTION('center_axis',(-1.,1.83697019872103E-16,0.));
#5766=DIRECTION('ref_axis',(-1.83697019872103E-16,-1.,0.));
#5767=DIRECTION('',(-1.83697019872103E-16,-1.,0.));
#5768=DIRECTION('',(-1.83697019872103E-16,-1.,0.));
#5769=DIRECTION('',(0.,0.,1.));
#5770=DIRECTION('center_axis',(4.99102464053306E-15,1.,0.));
#5771=DIRECTION('ref_axis',(-1.,4.99102464053306E-15,0.));
#5772=DIRECTION('',(-1.,1.78613956009209E-15,0.));
#5773=DIRECTION('',(-1.,1.78613956009209E-15,0.));
#5774=DIRECTION('',(0.,0.,1.));
#5775=DIRECTION('center_axis',(1.,-1.83697019872103E-16,0.));
#5776=DIRECTION('ref_axis',(1.83697019872103E-16,1.,0.));
#5777=DIRECTION('',(1.83697019872103E-16,1.,0.));
#5778=DIRECTION('',(1.83697019872103E-16,1.,0.));
#5779=DIRECTION('',(0.,0.,1.));
#5780=DIRECTION('center_axis',(2.73713480374587E-10,1.,0.));
#5781=DIRECTION('ref_axis',(-1.,2.73713480374587E-10,0.));
#5782=DIRECTION('',(-1.,9.12379492679922E-11,0.));
#5783=DIRECTION('',(-1.,9.12379492679922E-11,0.));
#5784=DIRECTION('',(0.,0.,1.));
#5785=DIRECTION('',(0.,0.,1.));
#5786=DIRECTION('center_axis',(-1.36507504100156E-9,-1.,0.));
#5787=DIRECTION('ref_axis',(1.,-1.36507504100156E-9,0.));
#5788=DIRECTION('',(1.,-4.55025135948972E-10,0.));
#5789=DIRECTION('',(1.,-4.55025135948972E-10,0.));
#5790=DIRECTION('',(0.,0.,1.));
#5791=DIRECTION('',(0.,0.,1.));
#5792=DIRECTION('center_axis',(-2.11898046741468E-15,-1.,0.));
#5793=DIRECTION('ref_axis',(1.,-2.11898046741468E-15,0.));
#5794=DIRECTION('',(1.,-8.28791502386243E-16,0.));
#5795=DIRECTION('',(1.,-8.28791502386243E-16,0.));
#5796=DIRECTION('',(0.,0.,1.));
#5797=DIRECTION('center_axis',(1.,3.31132441666829E-13,0.));
#5798=DIRECTION('ref_axis',(-3.31132441666829E-13,1.,0.));
#5799=DIRECTION('',(-1.10255015875695E-13,1.,0.));
#5800=DIRECTION('',(-1.10255015875695E-13,1.,0.));
#5801=DIRECTION('',(0.,0.,1.));
#5802=DIRECTION('center_axis',(4.62363060078738E-15,-1.,0.));
#5803=DIRECTION('ref_axis',(1.,4.62363060078738E-15,0.));
#5804=DIRECTION('',(1.,1.41874552034772E-15,0.));
#5805=DIRECTION('',(1.,1.41874552034772E-15,0.));
#5806=DIRECTION('',(0.,0.,1.));
#5807=DIRECTION('center_axis',(-1.,1.83697019872103E-16,0.));
#5808=DIRECTION('ref_axis',(-1.83697019872103E-16,-1.,0.));
#5809=DIRECTION('',(-1.83697019872103E-16,-1.,0.));
#5810=DIRECTION('',(-1.83697019872103E-16,-1.,0.));
#5811=DIRECTION('center_axis',(0.,0.,1.));
#5812=DIRECTION('ref_axis',(-1.83697019872103E-16,-1.,0.));
#5813=DIRECTION('center_axis',(0.,0.,1.));
#5814=DIRECTION('ref_axis',(-1.83697019872103E-16,-1.,0.));
#5815=DIRECTION('center_axis',(0.,0.,1.));
#5816=DIRECTION('ref_axis',(1.83697019872103E-16,1.,0.));
#5817=DIRECTION('center_axis',(0.,0.,1.));
#5818=DIRECTION('ref_axis',(1.83697019872103E-16,1.,0.));
#5819=DIRECTION('center_axis',(0.,0.,1.));
#5820=DIRECTION('ref_axis',(1.83697019872103E-16,1.,0.));
#5821=DIRECTION('center_axis',(0.,0.,1.));
#5822=DIRECTION('ref_axis',(-1.83697019872103E-16,-1.,0.));
#5823=DIRECTION('center_axis',(0.,0.,1.));
#5824=DIRECTION('ref_axis',(-1.83697019872103E-16,-1.,0.));
#5825=DIRECTION('center_axis',(2.88115141947884E-9,1.,0.));
#5826=DIRECTION('ref_axis',(-1.,2.88115141947884E-9,0.));
#5827=DIRECTION('',(-1.,2.88115141947884E-9,-7.07691328343933E-17));
#5828=DIRECTION('',(0.,0.,1.));
#5829=DIRECTION('',(1.,-2.88115141947884E-9,7.07691328343933E-17));
#5830=DIRECTION('',(0.,0.,1.));
#5831=DIRECTION('',(0.,0.,1.));
#5832=DIRECTION('center_axis',(2.71457563110883E-14,-1.,0.));
#5833=DIRECTION('ref_axis',(1.,2.71457563110883E-14,0.));
#5834=DIRECTION('',(1.,2.71457563110883E-14,7.07691340671581E-17));
#5835=DIRECTION('',(0.,0.,1.));
#5836=DIRECTION('',(-1.,-2.71457563110883E-14,-7.07691340671581E-17));
#5837=DIRECTION('center_axis',(-1.,1.83697019872103E-16,0.));
#5838=DIRECTION('ref_axis',(-1.83697019872103E-16,-1.,0.));
#5839=DIRECTION('',(-1.83697019872103E-16,-1.,-4.27868245254164E-16));
#5840=DIRECTION('',(1.83697019872103E-16,1.,4.27868245254164E-16));
#5841=DIRECTION('',(0.,0.,1.));
#5842=DIRECTION('',(0.,0.,1.));
#5843=DIRECTION('center_axis',(2.95482173575193E-11,1.,0.));
#5844=DIRECTION('ref_axis',(-1.,2.95482173575193E-11,0.));
#5845=DIRECTION('',(-1.,9.8495282561458E-12,0.));
#5846=DIRECTION('',(-1.,9.8495282561458E-12,0.));
#5847=DIRECTION('',(0.,0.,1.));
#5848=DIRECTION('',(0.,0.,1.));
#5849=DIRECTION('center_axis',(-1.83697019872103E-16,-1.,0.));
#5850=DIRECTION('ref_axis',(1.,-1.83697019872103E-16,0.));
#5851=DIRECTION('',(1.,-1.83697019872103E-16,0.));
#5852=DIRECTION('',(1.,-1.83697019872103E-16,0.));
#5853=DIRECTION('',(0.,0.,1.));
#5854=DIRECTION('center_axis',(-1.,1.83697019872103E-16,0.));
#5855=DIRECTION('ref_axis',(-1.83697019872103E-16,-1.,0.));
#5856=DIRECTION('',(-1.83697019872103E-16,-1.,0.));
#5857=DIRECTION('',(-1.83697019872103E-16,-1.,0.));
#5858=DIRECTION('',(0.,0.,1.));
#5859=DIRECTION('center_axis',(2.46313178249522E-9,-1.,0.));
#5860=DIRECTION('ref_axis',(1.,2.46313178249522E-9,0.));
#5861=DIRECTION('',(1.,8.21043803553952E-10,0.));
#5862=DIRECTION('',(1.,8.21043803553952E-10,0.));
#5863=DIRECTION('',(0.,0.,1.));
#5864=DIRECTION('',(0.,0.,1.));
#5865=DIRECTION('center_axis',(1.,-1.83697019872103E-16,0.));
#5866=DIRECTION('ref_axis',(1.83697019872103E-16,1.,0.));
#5867=DIRECTION('',(1.83697019872103E-16,1.,0.));
#5868=DIRECTION('',(1.83697019872103E-16,1.,0.));
#5869=DIRECTION('center_axis',(-7.07691340671465E-17,-4.27868245254164E-16,
1.));
#5870=DIRECTION('ref_axis',(-1.83697019872103E-16,-1.,-4.27868245254164E-16));
#5871=DIRECTION('center_axis',(-7.07691340671465E-17,-4.27868245254164E-16,
1.));
#5872=DIRECTION('ref_axis',(-1.83697019872103E-16,-1.,-4.27868245254164E-16));
#5873=DIRECTION('',(0.,0.,1.));
#5874=DIRECTION('',(0.,0.,1.));
#5875=DIRECTION('center_axis',(-6.61785058376833E-10,1.,0.));
#5876=DIRECTION('ref_axis',(-1.,-6.61785058376833E-10,0.));
#5877=DIRECTION('',(-1.,-6.61785058376833E-10,-8.00883099489686E-17));
#5878=DIRECTION('',(0.,0.,1.));
#5879=DIRECTION('',(1.,6.61785058376833E-10,8.00883099489686E-17));
#5880=DIRECTION('',(0.,0.,1.));
#5881=DIRECTION('center_axis',(-1.83697019872103E-16,-1.,0.));
#5882=DIRECTION('ref_axis',(1.,-1.83697019872103E-16,0.));
#5883=DIRECTION('',(1.,-1.83697019872103E-16,8.00883095374269E-17));
#5884=DIRECTION('',(-1.,1.83697019872103E-16,-8.00883095374269E-17));
#5885=DIRECTION('',(0.,0.,1.));
#5886=DIRECTION('',(0.,0.,1.));
#5887=DIRECTION('center_axis',(6.42611241817816E-10,1.,0.));
#5888=DIRECTION('ref_axis',(-1.,6.42611241817816E-10,0.));
#5889=DIRECTION('',(-1.,2.14203869688828E-10,0.));
#5890=DIRECTION('',(-1.,2.14203869688828E-10,0.));
#5891=DIRECTION('',(0.,0.,1.));
#5892=DIRECTION('',(0.,0.,1.));
#5893=DIRECTION('center_axis',(-1.83697019872103E-16,-1.,0.));
#5894=DIRECTION('ref_axis',(1.,-1.83697019872103E-16,0.));
#5895=DIRECTION('',(1.,-1.83697019872103E-16,0.));
#5896=DIRECTION('',(1.,-1.83697019872103E-16,0.));
#5897=DIRECTION('center_axis',(-8.0088309537427E-17,-6.21865933282271E-16,
1.));
#5898=DIRECTION('ref_axis',(-1.83697019872103E-16,-1.,-6.21865933282271E-16));
#5899=DIRECTION('center_axis',(-8.0088309537427E-17,-6.21865933282271E-16,
1.));
#5900=DIRECTION('ref_axis',(-1.83697019872103E-16,-1.,-6.21865933282271E-16));
#5901=DIRECTION('',(0.,0.,1.));
#5902=DIRECTION('',(0.,0.,1.));
#5903=DIRECTION('center_axis',(-1.83697019872103E-16,-1.,0.));
#5904=DIRECTION('ref_axis',(1.,-1.83697019872103E-16,0.));
#5905=DIRECTION('',(1.,-1.83697019872103E-16,0.));
#5906=DIRECTION('',(1.,-1.83697019872103E-16,0.));
#5907=DIRECTION('',(0.,0.,1.));
#5908=DIRECTION('center_axis',(-1.,-2.51369011560516E-13,0.));
#5909=DIRECTION('ref_axis',(2.51369011560516E-13,-1.,0.));
#5910=DIRECTION('',(8.36672058402571E-14,-1.,0.));
#5911=DIRECTION('',(8.36672058402571E-14,-1.,0.));
#5912=DIRECTION('',(0.,0.,1.));
#5913=DIRECTION('center_axis',(1.01179707587369E-10,1.,0.));
#5914=DIRECTION('ref_axis',(-1.,1.01179707587369E-10,0.));
#5915=DIRECTION('',(-1.,3.3726691660075E-11,0.));
#5916=DIRECTION('',(-1.,3.3726691660075E-11,0.));
#5917=DIRECTION('',(0.,0.,1.));
#5918=DIRECTION('',(0.,0.,1.));
#5919=DIRECTION('center_axis',(1.72204883928406E-15,-1.,0.));
#5920=DIRECTION('ref_axis',(1.,1.72204883928406E-15,0.));
#5921=DIRECTION('',(1.,4.51551599846617E-16,0.));
#5922=DIRECTION('',(1.,4.51551599846617E-16,0.));
#5923=DIRECTION('',(0.,0.,1.));
#5924=DIRECTION('center_axis',(-1.,-2.4518645962689E-13,0.));
#5925=DIRECTION('ref_axis',(2.4518645962689E-13,-1.,0.));
#5926=DIRECTION('',(8.16063551957155E-14,-1.,0.));
#5927=DIRECTION('',(8.16063551957155E-14,-1.,0.));
#5928=DIRECTION('',(0.,0.,1.));
#5929=DIRECTION('center_axis',(1.83697019872103E-16,1.,0.));
#5930=DIRECTION('ref_axis',(-1.,1.83697019872103E-16,0.));
#5931=DIRECTION('',(-1.,1.83697019872103E-16,0.));
#5932=DIRECTION('',(-1.,1.83697019872103E-16,0.));
#5933=DIRECTION('',(0.,0.,1.));
#5934=DIRECTION('center_axis',(1.,-1.83697019872103E-16,0.));
#5935=DIRECTION('ref_axis',(1.83697019872103E-16,1.,0.));
#5936=DIRECTION('',(1.83697019872103E-16,1.,0.));
#5937=DIRECTION('',(1.83697019872103E-16,1.,0.));
#5938=DIRECTION('',(0.,0.,1.));
#5939=DIRECTION('center_axis',(-1.83697019872103E-16,-1.,0.));
#5940=DIRECTION('ref_axis',(1.,-1.83697019872103E-16,0.));
#5941=DIRECTION('',(1.,-1.83697019872103E-16,0.));
#5942=DIRECTION('',(1.,-1.83697019872103E-16,0.));
#5943=DIRECTION('center_axis',(3.46729767699271E-17,-1.8402803873501E-17,
1.));
#5944=DIRECTION('ref_axis',(-1.83697019872103E-16,-1.,-1.8402803873501E-17));
#5945=DIRECTION('center_axis',(3.46729767699271E-17,-1.8402803873501E-17,
1.));
#5946=DIRECTION('ref_axis',(-1.83697019872103E-16,-1.,-1.8402803873501E-17));
#5947=DIRECTION('',(0.,0.,1.));
#5948=DIRECTION('',(0.,0.,1.));
#5949=DIRECTION('center_axis',(-1.83697019872103E-16,-1.,0.));
#5950=DIRECTION('ref_axis',(1.,-1.83697019872103E-16,0.));
#5951=DIRECTION('',(1.,-1.83697019872103E-16,0.));
#5952=DIRECTION('',(1.,-1.83697019872103E-16,0.));
#5953=DIRECTION('',(0.,0.,1.));
#5954=DIRECTION('center_axis',(-1.,-2.55061015434402E-13,0.));
#5955=DIRECTION('ref_axis',(2.55061015434402E-13,-1.,0.));
#5956=DIRECTION('',(8.48978737982194E-14,-1.,0.));
#5957=DIRECTION('',(8.48978737982194E-14,-1.,0.));
#5958=DIRECTION('',(0.,0.,1.));
#5959=DIRECTION('center_axis',(-1.30378290840551E-10,1.,0.));
#5960=DIRECTION('ref_axis',(-1.,-1.30378290840551E-10,0.));
#5961=DIRECTION('',(-1.,-4.34593078149956E-11,0.));
#5962=DIRECTION('',(-1.,-4.34593078149956E-11,0.));
#5963=DIRECTION('',(0.,0.,1.));
#5964=DIRECTION('',(0.,0.,1.));
#5965=DIRECTION('center_axis',(-3.99518873818442E-15,-1.,0.));
#5966=DIRECTION('ref_axis',(1.,-3.99518873818442E-15,0.));
#5967=DIRECTION('',(1.,-1.45419425930954E-15,0.));
#5968=DIRECTION('',(1.,-1.45419425930954E-15,0.));
#5969=DIRECTION('',(0.,0.,1.));
#5970=DIRECTION('center_axis',(-1.,-2.53503323759067E-13,0.));
#5971=DIRECTION('ref_axis',(2.53503323759067E-13,-1.,0.));
#5972=DIRECTION('',(8.43786432397739E-14,-1.,0.));
#5973=DIRECTION('',(8.43786432397739E-14,-1.,0.));
#5974=DIRECTION('',(0.,0.,1.));
#5975=DIRECTION('center_axis',(3.0684109676109E-15,1.,0.));
#5976=DIRECTION('ref_axis',(-1.,3.0684109676109E-15,0.));
#5977=DIRECTION('',(-1.,1.14526833578504E-15,0.));
#5978=DIRECTION('',(-1.,1.14526833578504E-15,0.));
#5979=DIRECTION('',(0.,0.,1.));
#5980=DIRECTION('center_axis',(1.,-1.83697019872103E-16,0.));
#5981=DIRECTION('ref_axis',(1.83697019872103E-16,1.,0.));
#5982=DIRECTION('',(1.83697019872103E-16,1.,0.));
#5983=DIRECTION('',(1.83697019872103E-16,1.,0.));
#5984=DIRECTION('',(0.,0.,1.));
#5985=DIRECTION('center_axis',(-1.83697019872103E-16,-1.,0.));
#5986=DIRECTION('ref_axis',(1.,-1.83697019872103E-16,0.));
#5987=DIRECTION('',(1.,-1.83697019872103E-16,0.));
#5988=DIRECTION('',(1.,-1.83697019872103E-16,0.));
#5989=DIRECTION('center_axis',(-2.16915279444798E-16,3.63483109316522E-16,
1.));
#5990=DIRECTION('ref_axis',(-1.83697019872103E-16,-1.,3.63483109316522E-16));
#5991=DIRECTION('center_axis',(-2.16915279444798E-16,3.63483109316522E-16,
1.));
#5992=DIRECTION('ref_axis',(-1.83697019872103E-16,-1.,3.63483109316522E-16));
#5993=DIRECTION('center_axis',(-4.83455235911087E-14,1.,0.));
#5994=DIRECTION('ref_axis',(-1.,-4.83455235911087E-14,0.));
#5995=DIRECTION('',(1.,4.83455235911087E-14,0.));
#5996=DIRECTION('',(0.,0.,1.));
#5997=DIRECTION('',(-1.,-4.83455235911087E-14,0.));
#5998=DIRECTION('',(0.,0.,1.));
#5999=DIRECTION('center_axis',(1.,6.74870397195396E-14,0.));
#6000=DIRECTION('ref_axis',(-6.74870397195396E-14,1.,0.));
#6001=DIRECTION('',(6.74870397195396E-14,-1.,0.));
#6002=DIRECTION('',(-6.74870397195396E-14,1.,0.));
#6003=DIRECTION('',(0.,0.,1.));
#6004=DIRECTION('center_axis',(-4.77973854691086E-14,-1.,0.));
#6005=DIRECTION('ref_axis',(1.,-4.77973854691086E-14,0.));
#6006=DIRECTION('',(-1.,4.77973854691086E-14,0.));
#6007=DIRECTION('',(1.,-4.77973854691086E-14,0.));
#6008=DIRECTION('',(0.,0.,1.));
#6009=DIRECTION('center_axis',(0.,0.,1.));
#6010=DIRECTION('ref_axis',(4.75532127372143E-14,1.,0.));
#6011=DIRECTION('center_axis',(0.,0.,1.));
#6012=DIRECTION('ref_axis',(4.75532127372143E-14,1.,0.));
#6013=DIRECTION('center_axis',(0.,0.,-1.));
#6014=DIRECTION('ref_axis',(4.75532127372143E-14,1.,0.));
#6015=DIRECTION('',(0.,0.,1.));
#6016=DIRECTION('center_axis',(-1.66351990827466E-15,-1.,0.));
#6017=DIRECTION('ref_axis',(1.,-1.66351990827466E-15,0.));
#6018=DIRECTION('',(-1.,1.66351990827466E-15,0.));
#6019=DIRECTION('',(1.,-1.66351990827466E-15,0.));
#6020=DIRECTION('',(0.,0.,1.));
#6021=DIRECTION('center_axis',(-1.,1.83697019872103E-16,0.));
#6022=DIRECTION('ref_axis',(-1.83697019872103E-16,-1.,0.));
#6023=DIRECTION('',(1.83697019872103E-16,1.,0.));
#6024=DIRECTION('',(-1.83697019872103E-16,-1.,0.));
#6025=DIRECTION('',(0.,0.,1.));
#6026=DIRECTION('center_axis',(-2.3493560420217E-14,1.,0.));
#6027=DIRECTION('ref_axis',(-1.,-2.3493560420217E-14,0.));
#6028=DIRECTION('',(1.,2.3493560420217E-14,0.));
#6029=DIRECTION('',(-1.,-2.3493560420217E-14,0.));
#6030=DIRECTION('',(0.,0.,1.));
#6031=DIRECTION('center_axis',(0.,0.,1.));
#6032=DIRECTION('ref_axis',(-0.866025403790645,-0.499999999989251,0.));
#6033=DIRECTION('center_axis',(0.,0.,1.));
#6034=DIRECTION('ref_axis',(-0.866025403790645,-0.499999999989251,0.));
#6035=DIRECTION('center_axis',(0.,0.,-1.));
#6036=DIRECTION('ref_axis',(-0.866025403790645,-0.499999999989251,0.));
#6037=DIRECTION('center_axis',(0.,0.,1.));
#6038=DIRECTION('ref_axis',(-1.83697019872103E-16,-1.,0.));
#6039=DIRECTION('center_axis',(0.,0.,1.));
#6040=DIRECTION('ref_axis',(-1.83697019872103E-16,-1.,0.));
#6041=DIRECTION('center_axis',(-4.83455235911087E-14,1.,0.));
#6042=DIRECTION('ref_axis',(-1.,-4.83455235911087E-14,0.));
#6043=DIRECTION('',(1.,4.83455235911087E-14,0.));
#6044=DIRECTION('',(0.,0.,1.));
#6045=DIRECTION('',(-1.,-4.83455235911087E-14,0.));
#6046=DIRECTION('',(0.,0.,1.));
#6047=DIRECTION('center_axis',(1.,6.74870397195396E-14,0.));
#6048=DIRECTION('ref_axis',(-6.74870397195396E-14,1.,0.));
#6049=DIRECTION('',(6.74870397195396E-14,-1.,0.));
#6050=DIRECTION('',(-6.74870397195396E-14,1.,0.));
#6051=DIRECTION('',(0.,0.,1.));
#6052=DIRECTION('center_axis',(-4.77973854691086E-14,-1.,0.));
#6053=DIRECTION('ref_axis',(1.,-4.77973854691086E-14,0.));
#6054=DIRECTION('',(-1.,4.77973854691086E-14,0.));
#6055=DIRECTION('',(1.,-4.77973854691086E-14,0.));
#6056=DIRECTION('',(0.,0.,1.));
#6057=DIRECTION('center_axis',(0.,0.,1.));
#6058=DIRECTION('ref_axis',(4.75532127372143E-14,1.,0.));
#6059=DIRECTION('center_axis',(0.,0.,1.));
#6060=DIRECTION('ref_axis',(4.75532127372143E-14,1.,0.));
#6061=DIRECTION('center_axis',(0.,0.,-1.));
#6062=DIRECTION('ref_axis',(4.75532127372143E-14,1.,0.));
#6063=DIRECTION('',(0.,0.,1.));
#6064=DIRECTION('center_axis',(-1.66351990827466E-15,-1.,0.));
#6065=DIRECTION('ref_axis',(1.,-1.66351990827466E-15,0.));
#6066=DIRECTION('',(-1.,1.66351990827466E-15,0.));
#6067=DIRECTION('',(1.,-1.66351990827466E-15,0.));
#6068=DIRECTION('',(0.,0.,1.));
#6069=DIRECTION('center_axis',(-1.,1.83697019872103E-16,0.));
#6070=DIRECTION('ref_axis',(-1.83697019872103E-16,-1.,0.));
#6071=DIRECTION('',(1.83697019872103E-16,1.,0.));
#6072=DIRECTION('',(-1.83697019872103E-16,-1.,0.));
#6073=DIRECTION('',(0.,0.,1.));
#6074=DIRECTION('center_axis',(-2.3493560420217E-14,1.,0.));
#6075=DIRECTION('ref_axis',(-1.,-2.3493560420217E-14,0.));
#6076=DIRECTION('',(1.,2.3493560420217E-14,0.));
#6077=DIRECTION('',(-1.,-2.3493560420217E-14,0.));
#6078=DIRECTION('',(0.,0.,1.));
#6079=DIRECTION('center_axis',(0.,0.,1.));
#6080=DIRECTION('ref_axis',(-0.866025403790645,-0.499999999989251,0.));
#6081=DIRECTION('center_axis',(0.,0.,1.));
#6082=DIRECTION('ref_axis',(-0.866025403790645,-0.499999999989251,0.));
#6083=DIRECTION('center_axis',(0.,0.,-1.));
#6084=DIRECTION('ref_axis',(-0.866025403790645,-0.499999999989251,0.));
#6085=DIRECTION('center_axis',(0.,0.,1.));
#6086=DIRECTION('ref_axis',(-1.83697019872103E-16,-1.,0.));
#6087=DIRECTION('center_axis',(0.,0.,1.));
#6088=DIRECTION('ref_axis',(-1.83697019872103E-16,-1.,0.));
#6089=DIRECTION('center_axis',(-4.83455235911087E-14,1.,0.));
#6090=DIRECTION('ref_axis',(-1.,-4.83455235911087E-14,0.));
#6091=DIRECTION('',(1.,4.83455235911087E-14,0.));
#6092=DIRECTION('',(0.,0.,1.));
#6093=DIRECTION('',(-1.,-4.83455235911087E-14,0.));
#6094=DIRECTION('',(0.,0.,1.));
#6095=DIRECTION('center_axis',(1.,6.74870397195396E-14,0.));
#6096=DIRECTION('ref_axis',(-6.74870397195396E-14,1.,0.));
#6097=DIRECTION('',(6.74870397195396E-14,-1.,0.));
#6098=DIRECTION('',(-6.74870397195396E-14,1.,0.));
#6099=DIRECTION('',(0.,0.,1.));
#6100=DIRECTION('center_axis',(-4.77973854691086E-14,-1.,0.));
#6101=DIRECTION('ref_axis',(1.,-4.77973854691086E-14,0.));
#6102=DIRECTION('',(-1.,4.77973854691086E-14,0.));
#6103=DIRECTION('',(1.,-4.77973854691086E-14,0.));
#6104=DIRECTION('',(0.,0.,1.));
#6105=DIRECTION('center_axis',(0.,0.,1.));
#6106=DIRECTION('ref_axis',(4.75532127372143E-14,1.,0.));
#6107=DIRECTION('center_axis',(0.,0.,1.));
#6108=DIRECTION('ref_axis',(4.75532127372143E-14,1.,0.));
#6109=DIRECTION('center_axis',(0.,0.,-1.));
#6110=DIRECTION('ref_axis',(4.75532127372143E-14,1.,0.));
#6111=DIRECTION('',(0.,0.,1.));
#6112=DIRECTION('center_axis',(-1.66351990827466E-15,-1.,0.));
#6113=DIRECTION('ref_axis',(1.,-1.66351990827466E-15,0.));
#6114=DIRECTION('',(-1.,1.66351990827466E-15,0.));
#6115=DIRECTION('',(1.,-1.66351990827466E-15,0.));
#6116=DIRECTION('',(0.,0.,1.));
#6117=DIRECTION('center_axis',(-1.,1.83697019872103E-16,0.));
#6118=DIRECTION('ref_axis',(-1.83697019872103E-16,-1.,0.));
#6119=DIRECTION('',(1.83697019872103E-16,1.,0.));
#6120=DIRECTION('',(-1.83697019872103E-16,-1.,0.));
#6121=DIRECTION('',(0.,0.,1.));
#6122=DIRECTION('center_axis',(-2.3493560420217E-14,1.,0.));
#6123=DIRECTION('ref_axis',(-1.,-2.3493560420217E-14,0.));
#6124=DIRECTION('',(1.,2.3493560420217E-14,0.));
#6125=DIRECTION('',(-1.,-2.3493560420217E-14,0.));
#6126=DIRECTION('',(0.,0.,1.));
#6127=DIRECTION('center_axis',(0.,0.,1.));
#6128=DIRECTION('ref_axis',(-0.866025403790645,-0.499999999989251,0.));
#6129=DIRECTION('center_axis',(0.,0.,1.));
#6130=DIRECTION('ref_axis',(-0.866025403790645,-0.499999999989251,0.));
#6131=DIRECTION('center_axis',(0.,0.,-1.));
#6132=DIRECTION('ref_axis',(-0.866025403790645,-0.499999999989251,0.));
#6133=DIRECTION('center_axis',(0.,0.,1.));
#6134=DIRECTION('ref_axis',(-1.83697019872103E-16,-1.,0.));
#6135=DIRECTION('center_axis',(0.,0.,1.));
#6136=DIRECTION('ref_axis',(-1.83697019872103E-16,-1.,0.));
#6137=CARTESIAN_POINT('',(0.,0.,0.));
#6138=CARTESIAN_POINT('Origin',(2.49415831400984,1.2875,1.));
#6139=CARTESIAN_POINT('',(2.49415831400984,2.32915831400984,1.1));
#6140=CARTESIAN_POINT('',(2.49415831400984,-2.32915831400983,1.1));
#6141=CARTESIAN_POINT('',(2.49415831400984,1.2875,1.1));
#6142=CARTESIAN_POINT('',(2.59263908930951,-2.42763908930951,1.01736481777543));
#6143=CARTESIAN_POINT('Origin',(2.49415831400984,-2.32915831400983,1.));
#6144=CARTESIAN_POINT('',(2.59263908930951,2.42763908930952,1.01736481777544));
#6145=CARTESIAN_POINT('',(2.59263908930951,1.2875,1.01736481777544));
#6146=CARTESIAN_POINT('Origin',(2.49415831400984,2.32915831400984,1.));
#6147=CARTESIAN_POINT('Origin',(-1.37,-2.32915831400983,1.));
#6148=CARTESIAN_POINT('',(-2.49415831400984,-2.32915831400983,1.1));
#6149=CARTESIAN_POINT('',(-1.37,-2.32915831400983,1.1));
#6150=CARTESIAN_POINT('',(-2.59263908930952,-2.42763908930951,1.01736481777544));
#6151=CARTESIAN_POINT('Origin',(-2.49415831400984,-2.32915831400983,1.));
#6152=CARTESIAN_POINT('',(-1.37,-2.42763908930951,1.01736481777544));
#6153=CARTESIAN_POINT('Origin',(-2.49415831400984,1.2875,1.));
#6154=CARTESIAN_POINT('',(-2.49415831400984,2.32915831400984,1.1));
#6155=CARTESIAN_POINT('',(-2.49415831400984,1.2875,1.1));
#6156=CARTESIAN_POINT('',(-2.59263908930951,2.42763908930952,1.01736481777544));
#6157=CARTESIAN_POINT('Origin',(-2.49415831400984,2.32915831400984,1.));
#6158=CARTESIAN_POINT('',(-2.59263908930951,1.2875,1.01736481777544));
#6159=CARTESIAN_POINT('Origin',(-1.37,2.32915831400984,1.));
#6160=CARTESIAN_POINT('',(-1.37,2.42763908930952,1.01736481777544));
#6161=CARTESIAN_POINT('',(-1.37,2.32915831400984,1.1));
#6162=CARTESIAN_POINT('Origin',(-2.74,2.41306827712,1.1));
#6163=CARTESIAN_POINT('',(2.7279462108,2.5629462108,0.25));
#6164=CARTESIAN_POINT('',(2.50260548795143,2.33760548795144,1.52797074404716));
#6165=CARTESIAN_POINT('',(-2.7279462108,2.5629462108,0.25));
#6166=CARTESIAN_POINT('',(-2.74,2.5629462108,0.25));
#6167=CARTESIAN_POINT('',(-2.65555361407227,2.49055361407227,0.660558817483785));
#6168=CARTESIAN_POINT('Origin',(2.57806827712,2.575,1.1));
#6169=CARTESIAN_POINT('',(2.7279462108,-2.5629462108,0.25));
#6170=CARTESIAN_POINT('',(2.49997793440912,-2.33497793440913,1.54287234067398));
#6171=CARTESIAN_POINT('',(2.7279462108,2.575,0.25));
#6172=CARTESIAN_POINT('Origin',(0.,3.05311331771918E-15,1.1));
#6173=CARTESIAN_POINT('',(-1.84,1.28774777390721,1.1));
#6174=CARTESIAN_POINT('Origin',(-1.84,1.555,1.1));
#6175=CARTESIAN_POINT('Origin',(-1.84,1.555,1.1));
#6176=CARTESIAN_POINT('',(-1.84,1.28774777390721,1.08));
#6177=CARTESIAN_POINT('Origin',(-1.84,1.555,1.08));
#6178=CARTESIAN_POINT('Origin',(-1.84,1.555,1.08));
#6179=CARTESIAN_POINT('Origin',(2.7279462108,2.575,0.25));
#6180=CARTESIAN_POINT('',(2.74,2.575,0.02));
#6181=CARTESIAN_POINT('',(2.7204946337165,2.55549463371651,0.392184561283334));
#6182=CARTESIAN_POINT('',(2.74,-2.575,0.02));
#6183=CARTESIAN_POINT('',(2.71947127168625,-2.55447127168624,0.411711472120658));
#6184=CARTESIAN_POINT('',(2.74,2.575,0.02));
#6185=CARTESIAN_POINT('Origin',(-2.74,2.5629462108,0.25));
#6186=CARTESIAN_POINT('',(-2.74,2.575,0.02));
#6187=CARTESIAN_POINT('',(-2.74,2.575,0.02));
#6188=CARTESIAN_POINT('',(-2.73398956828681,2.56898956828681,0.134685869405632));
#6189=CARTESIAN_POINT('Origin',(-2.7279462108,2.575,0.25));
#6190=CARTESIAN_POINT('',(-2.7279462108,-2.5629462108,0.25));
#6191=CARTESIAN_POINT('',(-2.7279462108,2.575,0.25));
#6192=CARTESIAN_POINT('',(-2.65292606052996,-2.48792606052996,0.675460414110606));
#6193=CARTESIAN_POINT('Origin',(-2.73999999999999,2.575,0.02));
#6194=CARTESIAN_POINT('',(-2.74,-2.575,0.02));
#6195=CARTESIAN_POINT('',(-2.73296620625655,-2.56796620625654,0.154212780242956));
#6196=CARTESIAN_POINT('',(-2.74,-2.575,0.02));
#6197=CARTESIAN_POINT('Origin',(-2.74,-2.575,0.02));
#6198=CARTESIAN_POINT('',(-2.74,-2.5629462108,0.25));
#6199=CARTESIAN_POINT('',(2.74,-2.575,0.02));
#6200=CARTESIAN_POINT('Origin',(-2.74,-2.5629462108,0.25));
#6201=CARTESIAN_POINT('Origin',(0.,2.94209101525666E-15,0.02));
#6202=CARTESIAN_POINT('Origin',(-1.84,1.555,1.09));
#6203=CARTESIAN_POINT('',(-1.84,1.28774777390721,1.08));
#6204=CARTESIAN_POINT('Origin',(-1.84,1.555,1.08));
#6205=CARTESIAN_POINT('',(-1.84,1.28774777390721,1.09));
#6206=CARTESIAN_POINT('Origin',(-1.84,1.555,1.09));
#6207=CARTESIAN_POINT('Origin',(-1.84,1.555,1.09));
#6208=CARTESIAN_POINT('Origin',(-1.84,1.555,1.08));
#6209=CARTESIAN_POINT('Origin',(0.159999999997417,-2.15999999999997,-2.77555756156289E-17));
#6210=CARTESIAN_POINT('',(0.159999999997417,-2.15999999999997,-2.77555756156289E-17));
#6211=CARTESIAN_POINT('',(2.25500000001256,-2.16000000000042,-2.77555756156289E-17));
#6212=CARTESIAN_POINT('',(0.159999999997417,-2.15999999999997,-2.77555756156289E-17));
#6213=CARTESIAN_POINT('',(2.25500000001256,-2.16000000000042,0.25));
#6214=CARTESIAN_POINT('',(2.25500000001256,-2.16000000000042,-2.77555756156289E-17));
#6215=CARTESIAN_POINT('',(0.159999999997417,-2.15999999999997,0.25));
#6216=CARTESIAN_POINT('',(0.159999999997417,-2.15999999999997,0.25));
#6217=CARTESIAN_POINT('',(0.159999999997417,-2.15999999999997,-2.77555756156289E-17));
#6218=CARTESIAN_POINT('Origin',(0.159999999997417,-2.22500000000013,-2.77555756156289E-17));
#6219=CARTESIAN_POINT('',(0.159999999997417,-2.22500000000013,-2.77555756156289E-17));
#6220=CARTESIAN_POINT('',(0.159999999997417,-2.22500000000013,-2.77555756156289E-17));
#6221=CARTESIAN_POINT('',(0.159999999997417,-2.22500000000013,0.25));
#6222=CARTESIAN_POINT('',(0.159999999997417,-2.22500000000013,0.25));
#6223=CARTESIAN_POINT('',(0.159999999997417,-2.22500000000013,-2.77555756156289E-17));
#6224=CARTESIAN_POINT('Origin',(-0.0700000000072549,-2.22500000000013,-2.77555756156289E-17));
#6225=CARTESIAN_POINT('',(-0.0700000000072549,-2.22500000000013,-2.77555756156289E-17));
#6226=CARTESIAN_POINT('',(-0.0700000000072549,-2.22500000000013,-2.77555756156289E-17));
#6227=CARTESIAN_POINT('',(-0.0700000000072549,-2.22500000000013,0.25));
#6228=CARTESIAN_POINT('',(-0.0700000000072549,-2.22500000000013,0.25));
#6229=CARTESIAN_POINT('',(-0.0700000000072549,-2.22500000000013,-2.77555756156289E-17));
#6230=CARTESIAN_POINT('Origin',(-0.0700000000072549,-2.37709800543848,-2.77555756156289E-17));
#6231=CARTESIAN_POINT('',(-0.0700000000072549,-2.37709800543848,-2.77555756156289E-17));
#6232=CARTESIAN_POINT('',(-0.0700000000072549,-2.37709800543848,-2.77555756156289E-17));
#6233=CARTESIAN_POINT('',(-0.0700000000072549,-2.37709800543848,0.25));
#6234=CARTESIAN_POINT('',(-0.0700000000072549,-2.37709800543848,0.25));
#6235=CARTESIAN_POINT('',(-0.0700000000072549,-2.37709800543848,-2.77555756156289E-17));
#6236=CARTESIAN_POINT('Origin',(-0.170000000007164,-2.47709800543839,-2.77555756156289E-17));
#6237=CARTESIAN_POINT('',(-0.170000000007164,-2.47709800543839,-2.77555756156289E-17));
#6238=CARTESIAN_POINT('',(-0.170000000007164,-2.47709800543839,-2.77555756156289E-17));
#6239=CARTESIAN_POINT('',(-0.170000000007164,-2.47709800543839,0.25));
#6240=CARTESIAN_POINT('',(-0.170000000007164,-2.47709800543839,0.25));
#6241=CARTESIAN_POINT('',(-0.170000000007164,-2.47709800543839,-2.77555756156289E-17));
#6242=CARTESIAN_POINT('Origin',(-0.170000000007249,-2.70500000000026,-2.77555756156289E-17));
#6243=CARTESIAN_POINT('',(-0.170000000007249,-2.70500000000026,-2.77555756156289E-17));
#6244=CARTESIAN_POINT('',(-0.170000000007249,-2.70500000000026,-2.77555756156289E-17));
#6245=CARTESIAN_POINT('',(-0.170000000007249,-2.70500000000026,0.25));
#6246=CARTESIAN_POINT('',(-0.170000000007249,-2.70500000000026,0.25));
#6247=CARTESIAN_POINT('',(-0.170000000007249,-2.70500000000026,-2.77555756156289E-17));
#6248=CARTESIAN_POINT('Origin',(-0.570000000007255,-2.70500000000026,-2.77555756156289E-17));
#6249=CARTESIAN_POINT('',(-0.570000000007255,-2.70500000000026,-2.77555756156289E-17));
#6250=CARTESIAN_POINT('',(-0.570000000007255,-2.70500000000026,-2.77555756156289E-17));
#6251=CARTESIAN_POINT('',(-0.570000000007255,-2.70500000000026,0.25));
#6252=CARTESIAN_POINT('',(-0.570000000007255,-2.70500000000026,0.25));
#6253=CARTESIAN_POINT('',(-0.570000000007255,-2.70500000000026,-2.77555756156289E-17));
#6254=CARTESIAN_POINT('Origin',(-0.570000000007255,-2.47709800543839,-2.77555756156289E-17));
#6255=CARTESIAN_POINT('',(-0.570000000007255,-2.47709800543839,-2.77555756156289E-17));
#6256=CARTESIAN_POINT('',(-0.570000000007255,-2.47709800543839,-2.77555756156289E-17));
#6257=CARTESIAN_POINT('',(-0.570000000007255,-2.47709800543839,0.25));
#6258=CARTESIAN_POINT('',(-0.570000000007255,-2.47709800543839,0.25));
#6259=CARTESIAN_POINT('',(-0.570000000007255,-2.47709800543839,-2.77555756156289E-17));
#6260=CARTESIAN_POINT('Origin',(-0.670000000007278,-2.37709800543848,-2.77555756156289E-17));
#6261=CARTESIAN_POINT('',(-0.670000000007278,-2.37709800543848,-2.77555756156289E-17));
#6262=CARTESIAN_POINT('',(-0.670000000007278,-2.37709800543848,-2.77555756156289E-17));
#6263=CARTESIAN_POINT('',(-0.670000000007278,-2.37709800543848,0.25));
#6264=CARTESIAN_POINT('',(-0.670000000007278,-2.37709800543848,0.25));
#6265=CARTESIAN_POINT('',(-0.670000000007278,-2.37709800543848,-2.77555756156289E-17));
#6266=CARTESIAN_POINT('Origin',(-0.670000000007278,-2.22500000000013,-2.77555756156289E-17));
#6267=CARTESIAN_POINT('',(-0.670000000007278,-2.22500000000013,-2.77555756156289E-17));
#6268=CARTESIAN_POINT('',(-0.670000000007278,-2.22500000000013,-2.77555756156289E-17));
#6269=CARTESIAN_POINT('',(-0.670000000007278,-2.22500000000013,0.25));
#6270=CARTESIAN_POINT('',(-0.670000000007278,-2.22500000000013,0.25));
#6271=CARTESIAN_POINT('',(-0.670000000007278,-2.22500000000013,-2.77555756156289E-17));
#6272=CARTESIAN_POINT('Origin',(-1.0599999999674,-2.22500000000013,-2.77555756156289E-17));
#6273=CARTESIAN_POINT('',(-1.0599999999674,-2.22500000000013,-2.77555756156289E-17));
#6274=CARTESIAN_POINT('',(-1.0599999999674,-2.22500000000013,-2.77555756156289E-17));
#6275=CARTESIAN_POINT('',(-1.0599999999674,-2.22500000000013,0.25));
#6276=CARTESIAN_POINT('',(-1.0599999999674,-2.22500000000013,0.25));
#6277=CARTESIAN_POINT('',(-1.0599999999674,-2.22500000000013,-2.77555756156289E-17));
#6278=CARTESIAN_POINT('Origin',(-1.05999999996728,-0.319999999998113,-2.77555756156289E-17));
#6279=CARTESIAN_POINT('',(-1.05999999996728,-0.319999999998113,-2.77555756156289E-17));
#6280=CARTESIAN_POINT('',(-1.05999999996728,-0.319999999998113,-2.77555756156289E-17));
#6281=CARTESIAN_POINT('',(-1.05999999996728,-0.319999999998113,0.25));
#6282=CARTESIAN_POINT('',(-1.05999999996728,-0.319999999998113,0.25));
#6283=CARTESIAN_POINT('',(-1.05999999996728,-0.319999999998113,-2.77555756156289E-17));
#6284=CARTESIAN_POINT('Origin',(2.25500000002857,-0.319999999998114,-2.77555756156289E-17));
#6285=CARTESIAN_POINT('',(2.25500000002857,-0.319999999998114,-2.77555756156289E-17));
#6286=CARTESIAN_POINT('',(2.25500000002857,-0.319999999998114,-2.77555756156289E-17));
#6287=CARTESIAN_POINT('',(2.25500000002857,-0.319999999998114,0.25));
#6288=CARTESIAN_POINT('',(2.25500000002857,-0.319999999998114,0.25));
#6289=CARTESIAN_POINT('',(2.25500000002857,-0.319999999998114,-2.77555756156289E-17));
#6290=CARTESIAN_POINT('Origin',(2.25500000002944,-0.249999999998405,-2.77555756156289E-17));
#6291=CARTESIAN_POINT('',(2.25500000002944,-0.249999999998405,-2.77555756156289E-17));
#6292=CARTESIAN_POINT('',(2.25500000002944,-0.249999999998405,-2.77555756156289E-17));
#6293=CARTESIAN_POINT('',(2.25500000002944,-0.249999999998405,0.25));
#6294=CARTESIAN_POINT('',(2.25500000002944,-0.249999999998405,0.25));
#6295=CARTESIAN_POINT('',(2.25500000002944,-0.249999999998405,-2.77555756156289E-17));
#6296=CARTESIAN_POINT('Origin',(2.30709143354712,-0.249999999999769,-2.77555756156289E-17));
#6297=CARTESIAN_POINT('',(2.30709143354712,-0.249999999999764,-2.77555756156289E-17));
#6298=CARTESIAN_POINT('',(2.30709143354712,-0.249999999999769,-2.77555756156289E-17));
#6299=CARTESIAN_POINT('',(2.30709143354712,-0.249999999999764,0.25));
#6300=CARTESIAN_POINT('',(2.30709143354712,-0.249999999999769,0.25));
#6301=CARTESIAN_POINT('',(2.30709143354712,-0.249999999999764,-2.77555756156289E-17));
#6302=CARTESIAN_POINT('Origin',(2.30709143354319,-0.399999999999769,-2.77555756156289E-17));
#6303=CARTESIAN_POINT('',(2.44345033497692,-0.337500000001485,-2.77555756156289E-17));
#6304=CARTESIAN_POINT('Origin',(2.30709143354319,-0.399999999999769,-2.77555756156289E-17));
#6305=CARTESIAN_POINT('',(2.44345033497692,-0.337500000001485,0.25));
#6306=CARTESIAN_POINT('Origin',(2.30709143354319,-0.399999999999769,0.25));
#6307=CARTESIAN_POINT('',(2.44345033497692,-0.337500000001485,-2.77555756156289E-17));
#6308=CARTESIAN_POINT('Origin',(2.57980923640801,-0.275000000004411,-2.77555756156289E-17));
#6309=CARTESIAN_POINT('',(2.57980923640862,-0.425000000001509,-2.77555756156289E-17));
#6310=CARTESIAN_POINT('Origin',(2.57980923640801,-0.275000000004411,-2.77555756156289E-17));
#6311=CARTESIAN_POINT('',(2.57980923640862,-0.425000000001509,0.25));
#6312=CARTESIAN_POINT('Origin',(2.57980923640801,-0.275000000004411,0.25));
#6313=CARTESIAN_POINT('',(2.57980923640862,-0.425000000001509,-2.77555756156289E-17));
#6314=CARTESIAN_POINT('Origin',(2.78999999974772,-0.425000000000656,-2.77555756156289E-17));
#6315=CARTESIAN_POINT('',(2.78999999974772,-0.425000000000658,-2.77555756156289E-17));
#6316=CARTESIAN_POINT('',(2.78999999974772,-0.425000000000656,-2.77555756156289E-17));
#6317=CARTESIAN_POINT('',(2.78999999974772,-0.425000000000658,0.25));
#6318=CARTESIAN_POINT('',(2.78999999974772,-0.425000000000656,0.25));
#6319=CARTESIAN_POINT('',(2.78999999974772,-0.425000000000658,-2.77555756156289E-17));
#6320=CARTESIAN_POINT('Origin',(2.78999999974709,-0.275000000000651,-2.77555756156289E-17));
#6321=CARTESIAN_POINT('',(2.91990381031401,-0.350000000001952,-2.77555756156289E-17));
#6322=CARTESIAN_POINT('Origin',(2.78999999974709,-0.275000000000651,-2.77555756156289E-17));
#6323=CARTESIAN_POINT('',(2.91990381031401,-0.350000000001952,0.25));
#6324=CARTESIAN_POINT('Origin',(2.78999999974709,-0.275000000000651,0.25));
#6325=CARTESIAN_POINT('',(2.91990381031401,-0.350000000001952,-2.77555756156289E-17));
#6326=CARTESIAN_POINT('Origin',(3.21999999976305,-0.350000000001867,-2.77555756156289E-17));
#6327=CARTESIAN_POINT('',(3.21999999976305,-0.350000000001867,-2.77555756156289E-17));
#6328=CARTESIAN_POINT('',(3.21999999976305,-0.350000000001867,-2.77555756156289E-17));
#6329=CARTESIAN_POINT('',(3.21999999976305,-0.350000000001867,0.25));
#6330=CARTESIAN_POINT('',(3.21999999976305,-0.350000000001867,0.25));
#6331=CARTESIAN_POINT('',(3.21999999976305,-0.350000000001867,-2.77555756156289E-17));
#6332=CARTESIAN_POINT('Origin',(3.21999999976305,-0.920000000000482,-2.77555756156289E-17));
#6333=CARTESIAN_POINT('',(3.21999999976305,-0.920000000000482,-2.77555756156289E-17));
#6334=CARTESIAN_POINT('',(3.21999999976305,-0.920000000000482,-2.77555756156289E-17));
#6335=CARTESIAN_POINT('',(3.21999999976305,-0.920000000000482,0.25));
#6336=CARTESIAN_POINT('',(3.21999999976305,-0.920000000000482,0.25));
#6337=CARTESIAN_POINT('',(3.21999999976305,-0.920000000000482,-2.77555756156289E-17));
#6338=CARTESIAN_POINT('Origin',(2.91990381031491,-0.920000000000482,-2.77555756156289E-17));
#6339=CARTESIAN_POINT('',(2.91990381031491,-0.92000000000048,-2.77555756156289E-17));
#6340=CARTESIAN_POINT('',(2.91990381031491,-0.920000000000482,-2.77555756156289E-17));
#6341=CARTESIAN_POINT('',(2.91990381031491,-0.92000000000048,0.25));
#6342=CARTESIAN_POINT('',(2.91990381031491,-0.920000000000482,0.25));
#6343=CARTESIAN_POINT('',(2.91990381031491,-0.92000000000048,-2.77555756156289E-17));
#6344=CARTESIAN_POINT('Origin',(2.7899999997471,-0.995000000000216,-2.77555756156289E-17));
#6345=CARTESIAN_POINT('',(2.78999999974644,-0.845000000000229,-2.77555756156289E-17));
#6346=CARTESIAN_POINT('Origin',(2.7899999997471,-0.995000000000216,-2.77555756156289E-17));
#6347=CARTESIAN_POINT('',(2.78999999974644,-0.845000000000229,0.25));
#6348=CARTESIAN_POINT('Origin',(2.7899999997471,-0.995000000000216,0.25));
#6349=CARTESIAN_POINT('',(2.78999999974644,-0.845000000000229,-2.77555756156289E-17));
#6350=CARTESIAN_POINT('Origin',(2.58000000000786,-0.845000000001138,-2.77555756156289E-17));
#6351=CARTESIAN_POINT('',(2.58000000000786,-0.845000000001141,-2.77555756156289E-17));
#6352=CARTESIAN_POINT('',(2.58000000000786,-0.845000000001138,-2.77555756156289E-17));
#6353=CARTESIAN_POINT('',(2.58000000000786,-0.845000000001141,0.25));
#6354=CARTESIAN_POINT('',(2.58000000000786,-0.845000000001138,0.25));
#6355=CARTESIAN_POINT('',(2.58000000000786,-0.845000000001141,-2.77555756156289E-17));
#6356=CARTESIAN_POINT('Origin',(2.58000000000786,-0.995000000001146,-2.77555756156289E-17));
#6357=CARTESIAN_POINT('',(2.43000000000786,-0.995000000030473,-2.77555756156289E-17));
#6358=CARTESIAN_POINT('Origin',(2.58000000000786,-0.995000000001146,-2.77555756156289E-17));
#6359=CARTESIAN_POINT('',(2.43000000000786,-0.995000000030473,0.25));
#6360=CARTESIAN_POINT('Origin',(2.58000000000786,-0.995000000001146,0.25));
#6361=CARTESIAN_POINT('',(2.43000000000786,-0.995000000030473,-2.77555756156289E-17));
#6362=CARTESIAN_POINT('Origin',(2.43000000001275,-1.0199999999993,-2.77555756156289E-17));
#6363=CARTESIAN_POINT('',(2.43000000001275,-1.0199999999993,-2.77555756156289E-17));
#6364=CARTESIAN_POINT('',(2.43000000001275,-1.0199999999993,-2.77555756156289E-17));
#6365=CARTESIAN_POINT('',(2.43000000001275,-1.0199999999993,0.25));
#6366=CARTESIAN_POINT('',(2.43000000001275,-1.0199999999993,0.25));
#6367=CARTESIAN_POINT('',(2.43000000001275,-1.0199999999993,-2.77555756156289E-17));
#6368=CARTESIAN_POINT('Origin',(2.38000000001256,-1.0199999999993,-2.77555756156289E-17));
#6369=CARTESIAN_POINT('',(2.38000000001256,-1.0199999999993,-2.77555756156289E-17));
#6370=CARTESIAN_POINT('',(2.38000000001256,-1.0199999999993,-2.77555756156289E-17));
#6371=CARTESIAN_POINT('',(2.38000000001256,-1.0199999999993,0.25));
#6372=CARTESIAN_POINT('',(2.38000000001256,-1.0199999999993,0.25));
#6373=CARTESIAN_POINT('',(2.38000000001256,-1.0199999999993,-2.77555756156289E-17));
#6374=CARTESIAN_POINT('Origin',(2.38000000001256,-1.5199999999993,-2.77555756156289E-17));
#6375=CARTESIAN_POINT('',(2.38000000001256,-1.5199999999993,-2.77555756156289E-17));
#6376=CARTESIAN_POINT('',(2.38000000001256,-1.5199999999993,-2.77555756156289E-17));
#6377=CARTESIAN_POINT('',(2.38000000001256,-1.5199999999993,0.25));
#6378=CARTESIAN_POINT('',(2.38000000001256,-1.5199999999993,0.25));
#6379=CARTESIAN_POINT('',(2.38000000001256,-1.5199999999993,-2.77555756156289E-17));
#6380=CARTESIAN_POINT('Origin',(2.43000000001263,-1.51999999999566,-2.77555756156289E-17));
#6381=CARTESIAN_POINT('',(2.43000000001263,-1.51999999999566,-2.77555756156289E-17));
#6382=CARTESIAN_POINT('',(2.43000000001263,-1.51999999999566,-2.77555756156289E-17));
#6383=CARTESIAN_POINT('',(2.43000000001263,-1.51999999999566,0.25));
#6384=CARTESIAN_POINT('',(2.43000000001263,-1.51999999999566,0.25));
#6385=CARTESIAN_POINT('',(2.43000000001263,-1.51999999999566,-2.77555756156289E-17));
#6386=CARTESIAN_POINT('Origin',(2.43000000001287,-1.5450000000025,-2.77555756156289E-17));
#6387=CARTESIAN_POINT('',(2.43000000001286,-1.5450000000025,-2.77555756156289E-17));
#6388=CARTESIAN_POINT('',(2.43000000001287,-1.5450000000025,-2.77555756156289E-17));
#6389=CARTESIAN_POINT('',(2.43000000001286,-1.5450000000025,0.25));
#6390=CARTESIAN_POINT('',(2.43000000001287,-1.5450000000025,0.25));
#6391=CARTESIAN_POINT('',(2.43000000001286,-1.5450000000025,-2.77555756156289E-17));
#6392=CARTESIAN_POINT('Origin',(2.58000000001286,-1.5450000000011,-2.77555756156289E-17));
#6393=CARTESIAN_POINT('',(2.58000000001287,-1.69500000000109,-2.77555756156289E-17));
#6394=CARTESIAN_POINT('Origin',(2.58000000001286,-1.5450000000011,-2.77555756156289E-17));
#6395=CARTESIAN_POINT('',(2.58000000001287,-1.69500000000109,0.25));
#6396=CARTESIAN_POINT('Origin',(2.58000000001286,-1.5450000000011,0.25));
#6397=CARTESIAN_POINT('',(2.58000000001287,-1.69500000000109,-2.77555756156289E-17));
#6398=CARTESIAN_POINT('Origin',(2.78999999974709,-1.69500000000018,-2.77555756156289E-17));
#6399=CARTESIAN_POINT('',(2.78999999974709,-1.69500000000018,-2.77555756156289E-17));
#6400=CARTESIAN_POINT('',(2.78999999974709,-1.69500000000018,-2.77555756156289E-17));
#6401=CARTESIAN_POINT('',(2.78999999974709,-1.69500000000018,0.25));
#6402=CARTESIAN_POINT('',(2.78999999974709,-1.69500000000018,0.25));
#6403=CARTESIAN_POINT('',(2.78999999974709,-1.69500000000018,-2.77555756156289E-17));
#6404=CARTESIAN_POINT('Origin',(2.7899999997471,-1.54500000000019,-2.77555756156289E-17));
#6405=CARTESIAN_POINT('',(2.91990381031466,-1.62000000000034,-2.77555756156289E-17));
#6406=CARTESIAN_POINT('Origin',(2.7899999997471,-1.54500000000019,-2.77555756156289E-17));
#6407=CARTESIAN_POINT('',(2.91990381031466,-1.62000000000034,0.25));
#6408=CARTESIAN_POINT('Origin',(2.7899999997471,-1.54500000000019,0.25));
#6409=CARTESIAN_POINT('',(2.91990381031466,-1.62000000000034,-2.77555756156289E-17));
#6410=CARTESIAN_POINT('Origin',(3.21999999976305,-1.62000000000026,-2.77555756156289E-17));
#6411=CARTESIAN_POINT('',(3.21999999976305,-1.62000000000026,-2.77555756156289E-17));
#6412=CARTESIAN_POINT('',(3.21999999976305,-1.62000000000026,-2.77555756156289E-17));
#6413=CARTESIAN_POINT('',(3.21999999976305,-1.62000000000026,0.25));
#6414=CARTESIAN_POINT('',(3.21999999976305,-1.62000000000026,0.25));
#6415=CARTESIAN_POINT('',(3.21999999976305,-1.62000000000026,-2.77555756156289E-17));
#6416=CARTESIAN_POINT('Origin',(3.21999999976305,-2.18999999999887,-2.77555756156289E-17));
#6417=CARTESIAN_POINT('',(3.21999999976305,-2.18999999999887,-2.77555756156289E-17));
#6418=CARTESIAN_POINT('',(3.21999999976305,-2.18999999999887,-2.77555756156289E-17));
#6419=CARTESIAN_POINT('',(3.21999999976305,-2.18999999999887,0.25));
#6420=CARTESIAN_POINT('',(3.21999999976305,-2.18999999999887,0.25));
#6421=CARTESIAN_POINT('',(3.21999999976305,-2.18999999999887,-2.77555756156289E-17));
#6422=CARTESIAN_POINT('Origin',(2.91990381031476,-2.18999999999887,-2.77555756156289E-17));
#6423=CARTESIAN_POINT('',(2.91990381031476,-2.18999999999887,-2.77555756156289E-17));
#6424=CARTESIAN_POINT('',(2.91990381031476,-2.18999999999887,-2.77555756156289E-17));
#6425=CARTESIAN_POINT('',(2.91990381031476,-2.18999999999887,0.25));
#6426=CARTESIAN_POINT('',(2.91990381031476,-2.18999999999887,0.25));
#6427=CARTESIAN_POINT('',(2.91990381031476,-2.18999999999887,-2.77555756156289E-17));
#6428=CARTESIAN_POINT('Origin',(2.78999999974709,-2.26499999999884,-2.77555756156289E-17));
#6429=CARTESIAN_POINT('',(2.7899999997471,-2.11499999999885,-2.77555756156289E-17));
#6430=CARTESIAN_POINT('Origin',(2.78999999974709,-2.26499999999884,-2.77555756156289E-17));
#6431=CARTESIAN_POINT('',(2.7899999997471,-2.11499999999885,0.25));
#6432=CARTESIAN_POINT('Origin',(2.78999999974709,-2.26499999999884,0.25));
#6433=CARTESIAN_POINT('',(2.7899999997471,-2.11499999999885,-2.77555756156289E-17));
#6434=CARTESIAN_POINT('Origin',(2.58355693760758,-2.11499999999885,-2.77555756156289E-17));
#6435=CARTESIAN_POINT('',(2.58355693760758,-2.11499999999885,-2.77555756156289E-17));
#6436=CARTESIAN_POINT('',(2.58355693760758,-2.11499999999885,-2.77555756156289E-17));
#6437=CARTESIAN_POINT('',(2.58355693760758,-2.11499999999885,0.25));
#6438=CARTESIAN_POINT('',(2.58355693760758,-2.11499999999885,0.25));
#6439=CARTESIAN_POINT('',(2.58355693760758,-2.11499999999885,-2.77555756156289E-17));
#6440=CARTESIAN_POINT('Origin',(2.58355693760757,-2.26499999999885,-2.77555756156289E-17));
#6441=CARTESIAN_POINT('',(2.46747506994455,-2.16999999999955,-2.77555756156289E-17));
#6442=CARTESIAN_POINT('Origin',(2.58355693760757,-2.26499999999885,-2.77555756156289E-17));
#6443=CARTESIAN_POINT('',(2.46747506994455,-2.16999999999955,0.25));
#6444=CARTESIAN_POINT('Origin',(2.58355693760757,-2.26499999999885,0.25));
#6445=CARTESIAN_POINT('',(2.46747506994455,-2.16999999999955,-2.77555756156289E-17));
#6446=CARTESIAN_POINT('Origin',(2.35139320228378,-2.0750000000021,-2.77555756156289E-17));
#6447=CARTESIAN_POINT('',(2.35139320228384,-2.22499999999919,-2.77555756156289E-17));
#6448=CARTESIAN_POINT('Origin',(2.35139320228378,-2.0750000000021,-2.77555756156289E-17));
#6449=CARTESIAN_POINT('',(2.35139320228384,-2.22499999999919,0.25));
#6450=CARTESIAN_POINT('Origin',(2.35139320228378,-2.0750000000021,0.25));
#6451=CARTESIAN_POINT('',(2.35139320228384,-2.22499999999919,-2.77555756156289E-17));
#6452=CARTESIAN_POINT('Origin',(2.25500000002995,-2.22499999999922,-2.77555756156289E-17));
#6453=CARTESIAN_POINT('',(2.25500000002995,-2.22499999999922,-2.77555756156289E-17));
#6454=CARTESIAN_POINT('',(2.25500000002995,-2.22499999999922,-2.77555756156289E-17));
#6455=CARTESIAN_POINT('',(2.25500000002995,-2.22499999999922,0.25));
#6456=CARTESIAN_POINT('',(2.25500000002995,-2.22499999999922,0.25));
#6457=CARTESIAN_POINT('',(2.25500000002995,-2.22499999999922,-2.77555756156289E-17));
#6458=CARTESIAN_POINT('Origin',(2.25500000001256,-2.16000000000042,-2.77555756156289E-17));
#6459=CARTESIAN_POINT('',(2.25500000001256,-2.16000000000042,-2.77555756156289E-17));
#6460=CARTESIAN_POINT('',(2.25500000001256,-2.16000000000042,0.25));
#6461=CARTESIAN_POINT('Origin',(1.13158578992386,-1.34791302969941,0.25));
#6462=CARTESIAN_POINT('Origin',(1.13158578992386,-1.34791302969941,-2.77555756156289E-17));
#6463=CARTESIAN_POINT('Origin',(2.35139320228384,2.2249999999992,-2.77555756156289E-17));
#6464=CARTESIAN_POINT('',(2.25500000002995,2.22499999999923,-2.77555756156289E-17));
#6465=CARTESIAN_POINT('',(2.35139320228384,2.2249999999992,-2.77555756156289E-17));
#6466=CARTESIAN_POINT('',(2.25500000002995,2.22499999999923,-2.77555756156289E-17));
#6467=CARTESIAN_POINT('',(2.25500000002995,2.22499999999923,0.25));
#6468=CARTESIAN_POINT('',(2.25500000002995,2.22499999999923,-2.77555756156289E-17));
#6469=CARTESIAN_POINT('',(2.35139320228384,2.2249999999992,0.25));
#6470=CARTESIAN_POINT('',(2.25500000002995,2.22499999999923,0.25));
#6471=CARTESIAN_POINT('',(2.35139320228384,2.2249999999992,-2.77555756156289E-17));
#6472=CARTESIAN_POINT('Origin',(2.35139320228379,2.0750000000021,-2.77555756156289E-17));
#6473=CARTESIAN_POINT('',(2.46747506994455,2.16999999999956,-2.77555756156289E-17));
#6474=CARTESIAN_POINT('Origin',(2.35139320228379,2.0750000000021,-2.77555756156289E-17));
#6475=CARTESIAN_POINT('',(2.46747506994455,2.16999999999956,0.25));
#6476=CARTESIAN_POINT('Origin',(2.35139320228379,2.0750000000021,0.25));
#6477=CARTESIAN_POINT('',(2.46747506994455,2.16999999999956,-2.77555756156289E-17));
#6478=CARTESIAN_POINT('Origin',(2.58355693760757,2.26499999999886,-2.77555756156289E-17));
#6479=CARTESIAN_POINT('',(2.58355693760758,2.11499999999885,-2.77555756156289E-17));
#6480=CARTESIAN_POINT('Origin',(2.58355693760757,2.26499999999886,-2.77555756156289E-17));
#6481=CARTESIAN_POINT('',(2.58355693760758,2.11499999999885,0.25));
#6482=CARTESIAN_POINT('Origin',(2.58355693760757,2.26499999999886,0.25));
#6483=CARTESIAN_POINT('',(2.58355693760758,2.11499999999885,-2.77555756156289E-17));
#6484=CARTESIAN_POINT('Origin',(2.7899999997471,2.11499999999885,-2.77555756156289E-17));
#6485=CARTESIAN_POINT('',(2.7899999997471,2.11499999999885,-2.77555756156289E-17));
#6486=CARTESIAN_POINT('',(2.58355693760758,2.11499999999885,-2.77555756156289E-17));
#6487=CARTESIAN_POINT('',(2.7899999997471,2.11499999999885,0.25));
#6488=CARTESIAN_POINT('',(2.58355693760758,2.11499999999885,0.25));
#6489=CARTESIAN_POINT('',(2.7899999997471,2.11499999999885,-2.77555756156289E-17));
#6490=CARTESIAN_POINT('Origin',(2.78999999974709,2.26499999999884,-2.77555756156289E-17));
#6491=CARTESIAN_POINT('',(2.91990381031476,2.18999999999888,-2.77555756156289E-17));
#6492=CARTESIAN_POINT('Origin',(2.78999999974709,2.26499999999884,-2.77555756156289E-17));
#6493=CARTESIAN_POINT('',(2.91990381031476,2.18999999999888,0.25));
#6494=CARTESIAN_POINT('Origin',(2.78999999974709,2.26499999999884,0.25));
#6495=CARTESIAN_POINT('',(2.91990381031476,2.18999999999888,-2.77555756156289E-17));
#6496=CARTESIAN_POINT('Origin',(3.21999999976305,2.18999999999888,-2.77555756156289E-17));
#6497=CARTESIAN_POINT('',(3.21999999976305,2.18999999999888,-2.77555756156289E-17));
#6498=CARTESIAN_POINT('',(2.91990381031476,2.18999999999888,-2.77555756156289E-17));
#6499=CARTESIAN_POINT('',(3.21999999976305,2.18999999999888,0.25));
#6500=CARTESIAN_POINT('',(2.91990381031476,2.18999999999888,0.25));
#6501=CARTESIAN_POINT('',(3.21999999976305,2.18999999999888,-2.77555756156289E-17));
#6502=CARTESIAN_POINT('Origin',(3.21999999976305,1.62000000000026,-2.77555756156289E-17));
#6503=CARTESIAN_POINT('',(3.21999999976305,1.62000000000026,-2.77555756156289E-17));
#6504=CARTESIAN_POINT('',(3.21999999976305,2.18999999999888,-2.77555756156289E-17));
#6505=CARTESIAN_POINT('',(3.21999999976305,1.62000000000026,0.25));
#6506=CARTESIAN_POINT('',(3.21999999976305,2.18999999999888,0.25));
#6507=CARTESIAN_POINT('',(3.21999999976305,1.62000000000026,-2.77555756156289E-17));
#6508=CARTESIAN_POINT('Origin',(2.91990381031466,1.62000000000035,-2.77555756156289E-17));
#6509=CARTESIAN_POINT('',(2.91990381031466,1.62000000000035,-2.77555756156289E-17));
#6510=CARTESIAN_POINT('',(3.21999999976305,1.62000000000026,-2.77555756156289E-17));
#6511=CARTESIAN_POINT('',(2.91990381031466,1.62000000000035,0.25));
#6512=CARTESIAN_POINT('',(3.21999999976305,1.62000000000026,0.25));
#6513=CARTESIAN_POINT('',(2.91990381031466,1.62000000000035,-2.77555756156289E-17));
#6514=CARTESIAN_POINT('Origin',(2.7899999997471,1.5450000000002,-2.77555756156289E-17));
#6515=CARTESIAN_POINT('',(2.78999999974709,1.69500000000018,-2.77555756156289E-17));
#6516=CARTESIAN_POINT('Origin',(2.7899999997471,1.5450000000002,-2.77555756156289E-17));
#6517=CARTESIAN_POINT('',(2.78999999974709,1.69500000000018,0.25));
#6518=CARTESIAN_POINT('Origin',(2.7899999997471,1.5450000000002,0.25));
#6519=CARTESIAN_POINT('',(2.78999999974709,1.69500000000018,-2.77555756156289E-17));
#6520=CARTESIAN_POINT('Origin',(2.58000000001287,1.6950000000011,-2.77555756156289E-17));
#6521=CARTESIAN_POINT('',(2.58000000001287,1.6950000000011,-2.77555756156289E-17));
#6522=CARTESIAN_POINT('',(2.78999999974709,1.69500000000019,-2.77555756156289E-17));
#6523=CARTESIAN_POINT('',(2.58000000001287,1.6950000000011,0.25));
#6524=CARTESIAN_POINT('',(2.78999999974709,1.69500000000019,0.25));
#6525=CARTESIAN_POINT('',(2.58000000001287,1.6950000000011,-2.77555756156289E-17));
#6526=CARTESIAN_POINT('Origin',(2.58000000001286,1.5450000000011,-2.77555756156289E-17));
#6527=CARTESIAN_POINT('',(2.43000000001286,1.54500000000251,-2.77555756156289E-17));
#6528=CARTESIAN_POINT('Origin',(2.58000000001286,1.5450000000011,-2.77555756156289E-17));
#6529=CARTESIAN_POINT('',(2.43000000001286,1.54500000000251,0.25));
#6530=CARTESIAN_POINT('Origin',(2.58000000001286,1.5450000000011,0.25));
#6531=CARTESIAN_POINT('',(2.43000000001286,1.54500000000251,-2.77555756156289E-17));
#6532=CARTESIAN_POINT('Origin',(2.43000000001263,1.51999999999567,-2.77555756156289E-17));
#6533=CARTESIAN_POINT('',(2.43000000001263,1.51999999999567,-2.77555756156289E-17));
#6534=CARTESIAN_POINT('',(2.43000000001287,1.54500000000251,-2.77555756156289E-17));
#6535=CARTESIAN_POINT('',(2.43000000001263,1.51999999999567,0.25));
#6536=CARTESIAN_POINT('',(2.43000000001287,1.54500000000251,0.25));
#6537=CARTESIAN_POINT('',(2.43000000001263,1.51999999999567,-2.77555756156289E-17));
#6538=CARTESIAN_POINT('Origin',(2.38000000001256,1.5199999999993,-2.77555756156289E-17));
#6539=CARTESIAN_POINT('',(2.38000000001256,1.5199999999993,-2.77555756156289E-17));
#6540=CARTESIAN_POINT('',(2.43000000001263,1.51999999999567,-2.77555756156289E-17));
#6541=CARTESIAN_POINT('',(2.38000000001256,1.5199999999993,0.25));
#6542=CARTESIAN_POINT('',(2.43000000001263,1.51999999999567,0.25));
#6543=CARTESIAN_POINT('',(2.38000000001256,1.5199999999993,-2.77555756156289E-17));
#6544=CARTESIAN_POINT('Origin',(2.38000000001256,1.0199999999993,-2.77555756156289E-17));
#6545=CARTESIAN_POINT('',(2.38000000001256,1.0199999999993,-2.77555756156289E-17));
#6546=CARTESIAN_POINT('',(2.38000000001256,1.5199999999993,-2.77555756156289E-17));
#6547=CARTESIAN_POINT('',(2.38000000001256,1.0199999999993,0.25));
#6548=CARTESIAN_POINT('',(2.38000000001256,1.5199999999993,0.25));
#6549=CARTESIAN_POINT('',(2.38000000001256,1.0199999999993,-2.77555756156289E-17));
#6550=CARTESIAN_POINT('Origin',(2.43000000001275,1.0199999999993,-2.77555756156289E-17));
#6551=CARTESIAN_POINT('',(2.43000000001275,1.0199999999993,-2.77555756156289E-17));
#6552=CARTESIAN_POINT('',(2.38000000001256,1.0199999999993,-2.77555756156289E-17));
#6553=CARTESIAN_POINT('',(2.43000000001275,1.0199999999993,0.25));
#6554=CARTESIAN_POINT('',(2.38000000001256,1.0199999999993,0.25));
#6555=CARTESIAN_POINT('',(2.43000000001275,1.0199999999993,-2.77555756156289E-17));
#6556=CARTESIAN_POINT('Origin',(2.43000000000786,0.99500000003048,-2.77555756156289E-17));
#6557=CARTESIAN_POINT('',(2.43000000000786,0.99500000003048,-2.77555756156289E-17));
#6558=CARTESIAN_POINT('',(2.43000000001275,1.0199999999993,-2.77555756156289E-17));
#6559=CARTESIAN_POINT('',(2.43000000000786,0.99500000003048,0.25));
#6560=CARTESIAN_POINT('',(2.43000000001275,1.0199999999993,0.25));
#6561=CARTESIAN_POINT('',(2.43000000000786,0.99500000003048,-2.77555756156289E-17));
#6562=CARTESIAN_POINT('Origin',(2.58000000000786,0.995000000001153,-2.77555756156289E-17));
#6563=CARTESIAN_POINT('',(2.58000000000786,0.845000000001148,-2.77555756156289E-17));
#6564=CARTESIAN_POINT('Origin',(2.58000000000786,0.995000000001153,-2.77555756156289E-17));
#6565=CARTESIAN_POINT('',(2.58000000000786,0.845000000001148,0.25));
#6566=CARTESIAN_POINT('Origin',(2.58000000000786,0.995000000001153,0.25));
#6567=CARTESIAN_POINT('',(2.58000000000786,0.845000000001148,-2.77555756156289E-17));
#6568=CARTESIAN_POINT('Origin',(2.78999999974644,0.845000000000235,-2.77555756156289E-17));
#6569=CARTESIAN_POINT('',(2.78999999974644,0.845000000000235,-2.77555756156289E-17));
#6570=CARTESIAN_POINT('',(2.58000000000786,0.845000000001145,-2.77555756156289E-17));
#6571=CARTESIAN_POINT('',(2.78999999974644,0.845000000000235,0.25));
#6572=CARTESIAN_POINT('',(2.58000000000786,0.845000000001145,0.25));
#6573=CARTESIAN_POINT('',(2.78999999974644,0.845000000000235,-2.77555756156289E-17));
#6574=CARTESIAN_POINT('Origin',(2.7899999997471,0.995000000000222,-2.77555756156289E-17));
#6575=CARTESIAN_POINT('',(2.91990381031491,0.920000000000487,-2.77555756156289E-17));
#6576=CARTESIAN_POINT('Origin',(2.7899999997471,0.995000000000222,-2.77555756156289E-17));
#6577=CARTESIAN_POINT('',(2.91990381031491,0.920000000000487,0.25));
#6578=CARTESIAN_POINT('Origin',(2.7899999997471,0.995000000000222,0.25));
#6579=CARTESIAN_POINT('',(2.91990381031491,0.920000000000487,-2.77555756156289E-17));
#6580=CARTESIAN_POINT('Origin',(3.21999999976305,0.920000000000488,-2.77555756156289E-17));
#6581=CARTESIAN_POINT('',(3.21999999976305,0.920000000000488,-2.77555756156289E-17));
#6582=CARTESIAN_POINT('',(2.91990381031491,0.920000000000488,-2.77555756156289E-17));
#6583=CARTESIAN_POINT('',(3.21999999976305,0.920000000000488,0.25));
#6584=CARTESIAN_POINT('',(2.91990381031491,0.920000000000488,0.25));
#6585=CARTESIAN_POINT('',(3.21999999976305,0.920000000000488,-2.77555756156289E-17));
#6586=CARTESIAN_POINT('Origin',(3.21999999976305,0.350000000001874,-2.77555756156289E-17));
#6587=CARTESIAN_POINT('',(3.21999999976305,0.350000000001874,-2.77555756156289E-17));
#6588=CARTESIAN_POINT('',(3.21999999976305,0.920000000000488,-2.77555756156289E-17));
#6589=CARTESIAN_POINT('',(3.21999999976305,0.350000000001873,0.25));
#6590=CARTESIAN_POINT('',(3.21999999976305,0.920000000000488,0.25));
#6591=CARTESIAN_POINT('',(3.21999999976305,0.350000000001874,-2.77555756156289E-17));
#6592=CARTESIAN_POINT('Origin',(2.91990381031401,0.350000000001959,-2.77555756156289E-17));
#6593=CARTESIAN_POINT('',(2.91990381031401,0.350000000001959,-2.77555756156289E-17));
#6594=CARTESIAN_POINT('',(3.21999999976305,0.350000000001874,-2.77555756156289E-17));
#6595=CARTESIAN_POINT('',(2.91990381031401,0.350000000001959,0.25));
#6596=CARTESIAN_POINT('',(3.21999999976305,0.350000000001874,0.25));
#6597=CARTESIAN_POINT('',(2.91990381031401,0.350000000001959,-2.77555756156289E-17));
#6598=CARTESIAN_POINT('Origin',(2.78999999974709,0.275000000000657,-2.77555756156289E-17));
#6599=CARTESIAN_POINT('',(2.78999999974772,0.425000000000664,-2.77555756156289E-17));
#6600=CARTESIAN_POINT('Origin',(2.78999999974709,0.275000000000657,-2.77555756156289E-17));
#6601=CARTESIAN_POINT('',(2.78999999974772,0.425000000000664,0.25));
#6602=CARTESIAN_POINT('Origin',(2.78999999974709,0.275000000000657,0.25));
#6603=CARTESIAN_POINT('',(2.78999999974772,0.425000000000664,-2.77555756156289E-17));
#6604=CARTESIAN_POINT('Origin',(2.57980923640862,0.425000000001515,-2.77555756156289E-17));
#6605=CARTESIAN_POINT('',(2.57980923640862,0.425000000001515,-2.77555756156289E-17));
#6606=CARTESIAN_POINT('',(2.78999999974772,0.425000000000663,-2.77555756156289E-17));
#6607=CARTESIAN_POINT('',(2.57980923640862,0.425000000001515,0.25));
#6608=CARTESIAN_POINT('',(2.78999999974772,0.425000000000663,0.25));
#6609=CARTESIAN_POINT('',(2.57980923640862,0.425000000001515,-2.77555756156289E-17));
#6610=CARTESIAN_POINT('Origin',(2.57980923640801,0.275000000004418,-2.77555756156289E-17));
#6611=CARTESIAN_POINT('',(2.44345033497692,0.337500000001492,-2.77555756156289E-17));
#6612=CARTESIAN_POINT('Origin',(2.57980923640801,0.275000000004418,-2.77555756156289E-17));
#6613=CARTESIAN_POINT('',(2.44345033497692,0.337500000001492,0.25));
#6614=CARTESIAN_POINT('Origin',(2.57980923640801,0.275000000004418,0.25));
#6615=CARTESIAN_POINT('',(2.44345033497692,0.337500000001492,-2.77555756156289E-17));
#6616=CARTESIAN_POINT('Origin',(2.30709143354319,0.399999999999776,-2.77555756156289E-17));
#6617=CARTESIAN_POINT('',(2.30709143354712,0.249999999999771,-2.77555756156289E-17));
#6618=CARTESIAN_POINT('Origin',(2.30709143354319,0.399999999999776,-2.77555756156289E-17));
#6619=CARTESIAN_POINT('',(2.30709143354712,0.249999999999771,0.25));
#6620=CARTESIAN_POINT('Origin',(2.30709143354319,0.399999999999776,0.25));
#6621=CARTESIAN_POINT('',(2.30709143354712,0.249999999999771,-2.77555756156289E-17));
#6622=CARTESIAN_POINT('Origin',(2.25500000002944,0.249999999998412,-2.77555756156289E-17));
#6623=CARTESIAN_POINT('',(2.25500000002944,0.249999999998412,-2.77555756156289E-17));
#6624=CARTESIAN_POINT('',(2.30709143354712,0.249999999999776,-2.77555756156289E-17));
#6625=CARTESIAN_POINT('',(2.25500000002944,0.249999999998412,0.25));
#6626=CARTESIAN_POINT('',(2.30709143354712,0.249999999999776,0.25));
#6627=CARTESIAN_POINT('',(2.25500000002944,0.249999999998412,-2.77555756156289E-17));
#6628=CARTESIAN_POINT('Origin',(2.25500000002857,0.319999999998121,-2.77555756156289E-17));
#6629=CARTESIAN_POINT('',(2.25500000002857,0.319999999998121,-2.77555756156289E-17));
#6630=CARTESIAN_POINT('',(2.25500000002944,0.249999999998412,-2.77555756156289E-17));
#6631=CARTESIAN_POINT('',(2.25500000002857,0.319999999998121,0.25));
#6632=CARTESIAN_POINT('',(2.25500000002944,0.249999999998412,0.25));
#6633=CARTESIAN_POINT('',(2.25500000002857,0.319999999998121,-2.77555756156289E-17));
#6634=CARTESIAN_POINT('Origin',(-1.05999999996728,0.319999999998121,-2.77555756156289E-17));
#6635=CARTESIAN_POINT('',(-1.05999999996728,0.319999999998121,-2.77555756156289E-17));
#6636=CARTESIAN_POINT('',(2.25500000002857,0.319999999998121,-2.77555756156289E-17));
#6637=CARTESIAN_POINT('',(-1.05999999996728,0.319999999998121,0.25));
#6638=CARTESIAN_POINT('',(2.25500000002857,0.319999999998121,0.25));
#6639=CARTESIAN_POINT('',(-1.05999999996728,0.319999999998121,-2.77555756156289E-17));
#6640=CARTESIAN_POINT('Origin',(-1.0599999999674,2.22500000000014,-2.77555756156289E-17));
#6641=CARTESIAN_POINT('',(-1.0599999999674,2.22500000000014,-2.77555756156289E-17));
#6642=CARTESIAN_POINT('',(-1.05999999996728,0.319999999998121,-2.77555756156289E-17));
#6643=CARTESIAN_POINT('',(-1.0599999999674,2.22500000000014,0.25));
#6644=CARTESIAN_POINT('',(-1.05999999996728,0.319999999998121,0.25));
#6645=CARTESIAN_POINT('',(-1.0599999999674,2.22500000000014,-2.77555756156289E-17));
#6646=CARTESIAN_POINT('Origin',(-0.670000000007278,2.22500000000014,-2.77555756156289E-17));
#6647=CARTESIAN_POINT('',(-0.670000000007278,2.22500000000014,-2.77555756156289E-17));
#6648=CARTESIAN_POINT('',(-1.0599999999674,2.22500000000014,-2.77555756156289E-17));
#6649=CARTESIAN_POINT('',(-0.670000000007278,2.22500000000014,0.25));
#6650=CARTESIAN_POINT('',(-1.0599999999674,2.22500000000014,0.25));
#6651=CARTESIAN_POINT('',(-0.670000000007278,2.22500000000014,-2.77555756156289E-17));
#6652=CARTESIAN_POINT('Origin',(-0.670000000007278,2.37709800543849,-2.77555756156289E-17));
#6653=CARTESIAN_POINT('',(-0.670000000007278,2.37709800543849,-2.77555756156289E-17));
#6654=CARTESIAN_POINT('',(-0.670000000007278,2.22500000000014,-2.77555756156289E-17));
#6655=CARTESIAN_POINT('',(-0.670000000007278,2.37709800543849,0.25));
#6656=CARTESIAN_POINT('',(-0.670000000007278,2.22500000000014,0.25));
#6657=CARTESIAN_POINT('',(-0.670000000007278,2.37709800543849,-2.77555756156289E-17));
#6658=CARTESIAN_POINT('Origin',(-0.570000000007255,2.4770980054384,-2.77555756156289E-17));
#6659=CARTESIAN_POINT('',(-0.570000000007255,2.4770980054384,-2.77555756156289E-17));
#6660=CARTESIAN_POINT('',(-0.670000000007278,2.37709800543849,-2.77555756156289E-17));
#6661=CARTESIAN_POINT('',(-0.570000000007255,2.4770980054384,0.25));
#6662=CARTESIAN_POINT('',(-0.670000000007278,2.37709800543849,0.25));
#6663=CARTESIAN_POINT('',(-0.570000000007255,2.4770980054384,-2.77555756156289E-17));
#6664=CARTESIAN_POINT('Origin',(-0.570000000007255,2.70500000000027,-2.77555756156289E-17));
#6665=CARTESIAN_POINT('',(-0.570000000007255,2.70500000000027,-2.77555756156289E-17));
#6666=CARTESIAN_POINT('',(-0.570000000007255,2.4770980054384,-2.77555756156289E-17));
#6667=CARTESIAN_POINT('',(-0.570000000007255,2.70500000000027,0.25));
#6668=CARTESIAN_POINT('',(-0.570000000007255,2.4770980054384,0.25));
#6669=CARTESIAN_POINT('',(-0.570000000007255,2.70500000000027,-2.77555756156289E-17));
#6670=CARTESIAN_POINT('Origin',(-0.170000000007249,2.70500000000027,-2.77555756156289E-17));
#6671=CARTESIAN_POINT('',(-0.170000000007249,2.70500000000027,-2.77555756156289E-17));
#6672=CARTESIAN_POINT('',(-0.570000000007255,2.70500000000027,-2.77555756156289E-17));
#6673=CARTESIAN_POINT('',(-0.170000000007249,2.70500000000027,0.25));
#6674=CARTESIAN_POINT('',(-0.570000000007255,2.70500000000027,0.25));
#6675=CARTESIAN_POINT('',(-0.170000000007249,2.70500000000027,-2.77555756156289E-17));
#6676=CARTESIAN_POINT('Origin',(-0.170000000007164,2.4770980054384,-2.77555756156289E-17));
#6677=CARTESIAN_POINT('',(-0.170000000007164,2.4770980054384,-2.77555756156289E-17));
#6678=CARTESIAN_POINT('',(-0.170000000007249,2.70500000000027,-2.77555756156289E-17));
#6679=CARTESIAN_POINT('',(-0.170000000007164,2.4770980054384,0.25));
#6680=CARTESIAN_POINT('',(-0.170000000007249,2.70500000000027,0.25));
#6681=CARTESIAN_POINT('',(-0.170000000007164,2.4770980054384,-2.77555756156289E-17));
#6682=CARTESIAN_POINT('Origin',(-0.0700000000072549,2.37709800543849,-2.77555756156289E-17));
#6683=CARTESIAN_POINT('',(-0.0700000000072549,2.37709800543849,-2.77555756156289E-17));
#6684=CARTESIAN_POINT('',(-0.170000000007164,2.4770980054384,-2.77555756156289E-17));
#6685=CARTESIAN_POINT('',(-0.0700000000072549,2.37709800543849,0.25));
#6686=CARTESIAN_POINT('',(-0.170000000007164,2.4770980054384,0.25));
#6687=CARTESIAN_POINT('',(-0.0700000000072549,2.37709800543849,-2.77555756156289E-17));
#6688=CARTESIAN_POINT('Origin',(-0.0700000000072549,2.22500000000014,-2.77555756156289E-17));
#6689=CARTESIAN_POINT('',(-0.0700000000072549,2.22500000000014,-2.77555756156289E-17));
#6690=CARTESIAN_POINT('',(-0.0700000000072549,2.37709800543849,-2.77555756156289E-17));
#6691=CARTESIAN_POINT('',(-0.0700000000072549,2.22500000000014,0.25));
#6692=CARTESIAN_POINT('',(-0.0700000000072549,2.37709800543849,0.25));
#6693=CARTESIAN_POINT('',(-0.0700000000072549,2.22500000000014,-2.77555756156289E-17));
#6694=CARTESIAN_POINT('Origin',(0.159999999997417,2.22500000000014,-2.77555756156289E-17));
#6695=CARTESIAN_POINT('',(0.159999999997417,2.22500000000014,-2.77555756156289E-17));
#6696=CARTESIAN_POINT('',(-0.0700000000072549,2.22500000000014,-2.77555756156289E-17));
#6697=CARTESIAN_POINT('',(0.159999999997417,2.22500000000014,0.25));
#6698=CARTESIAN_POINT('',(-0.0700000000072549,2.22500000000014,0.25));
#6699=CARTESIAN_POINT('',(0.159999999997417,2.22500000000014,-2.77555756156289E-17));
#6700=CARTESIAN_POINT('Origin',(0.159999999997417,2.15999999999998,-2.77555756156289E-17));
#6701=CARTESIAN_POINT('',(0.159999999997417,2.15999999999998,-2.77555756156289E-17));
#6702=CARTESIAN_POINT('',(0.159999999997417,2.22500000000014,-2.77555756156289E-17));
#6703=CARTESIAN_POINT('',(0.159999999997417,2.15999999999998,0.25));
#6704=CARTESIAN_POINT('',(0.159999999997417,2.22500000000014,0.25));
#6705=CARTESIAN_POINT('',(0.159999999997417,2.15999999999998,-2.77555756156289E-17));
#6706=CARTESIAN_POINT('Origin',(2.25500000001256,2.16000000000043,-2.77555756156289E-17));
#6707=CARTESIAN_POINT('',(2.25500000001256,2.16000000000043,-2.77555756156289E-17));
#6708=CARTESIAN_POINT('',(0.159999999997417,2.15999999999998,-2.77555756156289E-17));
#6709=CARTESIAN_POINT('',(2.25500000001256,2.16000000000043,0.25));
#6710=CARTESIAN_POINT('',(0.159999999997417,2.15999999999998,0.25));
#6711=CARTESIAN_POINT('',(2.25500000001256,2.16000000000043,-2.77555756156289E-17));
#6712=CARTESIAN_POINT('Origin',(2.25500000002995,2.22499999999923,-2.77555756156289E-17));
#6713=CARTESIAN_POINT('',(2.25500000001256,2.16000000000043,-2.77555756156289E-17));
#6714=CARTESIAN_POINT('',(2.25500000001256,2.16000000000043,0.25));
#6715=CARTESIAN_POINT('Origin',(1.13158578992387,1.34791302969941,-2.77555756156289E-17));
#6716=CARTESIAN_POINT('Origin',(1.13158578992387,1.34791302969941,0.25));
#6717=CARTESIAN_POINT('Origin',(-2.30499999996741,2.11499999999865,-2.77555756156289E-17));
#6718=CARTESIAN_POINT('',(-2.79000115650211,2.11499999999863,-2.77555756156289E-17));
#6719=CARTESIAN_POINT('',(-2.30499999996741,2.11499999999865,-2.77555756156289E-17));
#6720=CARTESIAN_POINT('',(-2.79000115650211,2.11499999999863,-2.77555756156289E-17));
#6721=CARTESIAN_POINT('',(-2.79000115650211,2.11499999999863,0.25));
#6722=CARTESIAN_POINT('',(-2.79000115650211,2.11499999999863,-2.77555756156289E-17));
#6723=CARTESIAN_POINT('',(-2.30499999996741,2.11499999999865,0.25));
#6724=CARTESIAN_POINT('',(-2.79000115650211,2.11499999999863,0.25));
#6725=CARTESIAN_POINT('',(-2.30499999996741,2.11499999999865,-2.77555756156289E-17));
#6726=CARTESIAN_POINT('Origin',(-2.30499999996738,1.69500000000085,-2.77555756156289E-17));
#6727=CARTESIAN_POINT('',(-2.30499999996738,1.69500000000085,-2.77555756156289E-17));
#6728=CARTESIAN_POINT('',(-2.30499999996741,2.11499999999865,-2.77555756156289E-17));
#6729=CARTESIAN_POINT('',(-2.30499999996738,1.69500000000085,0.25));
#6730=CARTESIAN_POINT('',(-2.30499999996741,2.11499999999865,0.25));
#6731=CARTESIAN_POINT('',(-2.30499999996738,1.69500000000085,-2.77555756156289E-17));
#6732=CARTESIAN_POINT('Origin',(-2.79000000026821,1.69500000000087,-2.77555756156289E-17));
#6733=CARTESIAN_POINT('',(-2.79000000026821,1.69500000000087,-2.77555756156289E-17));
#6734=CARTESIAN_POINT('',(-2.30499999996738,1.69500000000085,-2.77555756156289E-17));
#6735=CARTESIAN_POINT('',(-2.79000000026821,1.69500000000087,0.25));
#6736=CARTESIAN_POINT('',(-2.30499999996738,1.69500000000085,0.25));
#6737=CARTESIAN_POINT('',(-2.79000000026821,1.69500000000087,-2.77555756156289E-17));
#6738=CARTESIAN_POINT('Origin',(-2.79000000026821,1.54500000000088,-2.77555756156289E-17));
#6739=CARTESIAN_POINT('',(-2.9199038108359,1.62000000000085,-2.77555756156289E-17));
#6740=CARTESIAN_POINT('Origin',(-2.79000000026821,1.54500000000088,-2.77555756156289E-17));
#6741=CARTESIAN_POINT('',(-2.9199038108359,1.62000000000085,0.25));
#6742=CARTESIAN_POINT('Origin',(-2.79000000026821,1.54500000000088,0.25));
#6743=CARTESIAN_POINT('',(-2.9199038108359,1.62000000000085,-2.77555756156289E-17));
#6744=CARTESIAN_POINT('Origin',(-3.22000000027208,1.62000000000085,-2.77555756156289E-17));
#6745=CARTESIAN_POINT('',(-3.22000000027208,1.62000000000085,-2.77555756156289E-17));
#6746=CARTESIAN_POINT('',(-2.91990381083589,1.62000000000085,-2.77555756156289E-17));
#6747=CARTESIAN_POINT('',(-3.22000000027208,1.62000000000085,0.25));
#6748=CARTESIAN_POINT('',(-2.91990381083589,1.62000000000085,0.25));
#6749=CARTESIAN_POINT('',(-3.22000000027208,1.62000000000085,-2.77555756156289E-17));
#6750=CARTESIAN_POINT('Origin',(-3.22000000027208,2.19000000000024,-2.77555756156289E-17));
#6751=CARTESIAN_POINT('',(-3.22000000027208,2.19000000000024,-2.77555756156289E-17));
#6752=CARTESIAN_POINT('',(-3.22000000027208,1.62000000000085,-2.77555756156289E-17));
#6753=CARTESIAN_POINT('',(-3.22000000027208,2.19000000000024,0.25));
#6754=CARTESIAN_POINT('',(-3.22000000027208,1.62000000000085,0.25));
#6755=CARTESIAN_POINT('',(-3.22000000027208,2.19000000000024,-2.77555756156289E-17));
#6756=CARTESIAN_POINT('Origin',(-2.91990496707071,2.19000000000024,-2.77555756156289E-17));
#6757=CARTESIAN_POINT('',(-2.91990496707071,2.19000000000024,-2.77555756156289E-17));
#6758=CARTESIAN_POINT('',(-3.22000000027208,2.19000000000024,-2.77555756156289E-17));
#6759=CARTESIAN_POINT('',(-2.91990496707071,2.19000000000024,0.25));
#6760=CARTESIAN_POINT('',(-3.22000000027208,2.19000000000024,0.25));
#6761=CARTESIAN_POINT('',(-2.91990496707071,2.19000000000024,-2.77555756156289E-17));
#6762=CARTESIAN_POINT('Origin',(-2.79000115650211,2.26499999999863,-2.77555756156289E-17));
#6763=CARTESIAN_POINT('Origin',(-2.79000115650211,2.26499999999863,-2.77555756156289E-17));
#6764=CARTESIAN_POINT('Origin',(-2.79000115650211,2.26499999999863,0.25));
#6765=CARTESIAN_POINT('Origin',(-2.7868077208082,1.90499996898318,-2.77555756156289E-17));
#6766=CARTESIAN_POINT('Origin',(-2.7868077208082,1.90499996898318,0.25));
#6767=CARTESIAN_POINT('Origin',(1.56502328464281,-0.295204307885204,1.1));
#6768=CARTESIAN_POINT('',(1.56502328464281,-0.295204307885204,1.1));
#6769=CARTESIAN_POINT('',(1.56502328464281,-0.210590689873551,1.1));
#6770=CARTESIAN_POINT('',(1.56502328464281,-0.295204307885204,1.1));
#6771=CARTESIAN_POINT('',(1.56502328464281,-0.210590689873551,1.11));
#6772=CARTESIAN_POINT('',(1.56502328464281,-0.210590689873551,1.1));
#6773=CARTESIAN_POINT('',(1.56502328464281,-0.295204307885204,1.11));
#6774=CARTESIAN_POINT('',(1.56502328464281,-0.295204307885204,1.11));
#6775=CARTESIAN_POINT('',(1.56502328464281,-0.295204307885204,1.1));
#6776=CARTESIAN_POINT('Origin',(1.10318628669905,-0.295204307885204,1.1));
#6777=CARTESIAN_POINT('',(1.10318628669905,-0.295204307885204,1.1));
#6778=CARTESIAN_POINT('',(1.10318628669905,-0.295204307885204,1.1));
#6779=CARTESIAN_POINT('',(1.10318628669905,-0.295204307885204,1.11));
#6780=CARTESIAN_POINT('',(1.10318628669905,-0.295204307885204,1.11));
#6781=CARTESIAN_POINT('',(1.10318628669905,-0.295204307885204,1.1));
#6782=CARTESIAN_POINT('Origin',(1.10318628669905,-0.210590689873551,1.1));
#6783=CARTESIAN_POINT('',(1.10318628669905,-0.210590689873551,1.1));
#6784=CARTESIAN_POINT('',(1.10318628669905,-0.210590689873551,1.1));
#6785=CARTESIAN_POINT('',(1.10318628669905,-0.210590689873551,1.11));
#6786=CARTESIAN_POINT('',(1.10318628669905,-0.210590689873551,1.11));
#6787=CARTESIAN_POINT('',(1.10318628669905,-0.210590689873551,1.1));
#6788=CARTESIAN_POINT('Origin',(1.56502328464281,-0.210590689873551,1.1));
#6789=CARTESIAN_POINT('',(1.56502328464281,-0.210590689873551,1.1));
#6790=CARTESIAN_POINT('',(1.56502328464281,-0.210590689873551,1.11));
#6791=CARTESIAN_POINT('Origin',(1.33410478567092,-0.252897498879378,1.11));
#6792=CARTESIAN_POINT('Origin',(1.33410478567092,-0.252897498879378,1.1));
#6793=CARTESIAN_POINT('Origin',(1.21588131786797,1.22748624730965,1.1));
#6794=CARTESIAN_POINT('',(1.21588131786797,1.22748624730965,1.1));
#6795=CARTESIAN_POINT('',(1.560651474326,1.3087792310544,1.1));
#6796=CARTESIAN_POINT('',(1.21588131786797,1.22748624730965,1.1));
#6797=CARTESIAN_POINT('',(1.560651474326,1.3087792310544,1.11));
#6798=CARTESIAN_POINT('',(1.560651474326,1.3087792310544,1.1));
#6799=CARTESIAN_POINT('',(1.21588131786797,1.22748624730965,1.11));
#6800=CARTESIAN_POINT('',(1.21588131786797,1.22748624730965,1.11));
#6801=CARTESIAN_POINT('',(1.21588131786797,1.22748624730965,1.1));
#6802=CARTESIAN_POINT('Origin',(1.21294681417828,1.44380108844442,1.1));
#6803=CARTESIAN_POINT('',(1.21294681417828,1.44380108844442,1.1));
#6804=CARTESIAN_POINT('',(1.21294681417828,1.44380108844442,1.1));
#6805=CARTESIAN_POINT('',(1.21294681417828,1.44380108844442,1.11));
#6806=CARTESIAN_POINT('',(1.21294681417828,1.44380108844442,1.11));
#6807=CARTESIAN_POINT('',(1.21294681417828,1.44380108844442,1.1));
#6808=CARTESIAN_POINT('Origin',(1.560651474326,1.52594658336235,1.1));
#6809=CARTESIAN_POINT('',(1.560651474326,1.52594658336235,1.1));
#6810=CARTESIAN_POINT('',(1.560651474326,1.52594658336235,1.1));
#6811=CARTESIAN_POINT('',(1.560651474326,1.52594658336235,1.11));
#6812=CARTESIAN_POINT('',(1.560651474326,1.52594658336235,1.11));
#6813=CARTESIAN_POINT('',(1.560651474326,1.52594658336235,1.1));
#6814=CARTESIAN_POINT('Origin',(1.560651474326,1.3087792310544,1.1));
#6815=CARTESIAN_POINT('',(1.560651474326,1.3087792310544,1.1));
#6816=CARTESIAN_POINT('',(1.560651474326,1.3087792310544,1.11));
#6817=CARTESIAN_POINT('Origin',(1.38765670086099,1.37682184745645,1.11));
#6818=CARTESIAN_POINT('Origin',(1.38765670086099,1.37682184745645,1.1));
#6819=CARTESIAN_POINT('Origin',(1.10318628669905,0.504268271283572,1.1));
#6820=CARTESIAN_POINT('',(1.10318628669905,0.504268271283572,1.1));
#6821=CARTESIAN_POINT('',(1.79323779861776,0.504268271283571,1.1));
#6822=CARTESIAN_POINT('',(1.10318628669905,0.504268271283572,1.1));
#6823=CARTESIAN_POINT('',(1.79323779861776,0.504268271283571,1.11));
#6824=CARTESIAN_POINT('',(1.79323779861776,0.504268271283571,1.1));
#6825=CARTESIAN_POINT('',(1.10318628669905,0.504268271283572,1.11));
#6826=CARTESIAN_POINT('',(1.10318628669905,0.504268271283572,1.11));
#6827=CARTESIAN_POINT('',(1.10318628669905,0.504268271283572,1.1));
#6828=CARTESIAN_POINT('Origin',(1.10318628669905,0.593068590840456,1.1));
#6829=CARTESIAN_POINT('',(1.10318628669905,0.593068590840456,1.1));
#6830=CARTESIAN_POINT('',(1.10318628669905,0.593068590840456,1.1));
#6831=CARTESIAN_POINT('',(1.10318628669905,0.593068590840456,1.11));
#6832=CARTESIAN_POINT('',(1.10318628669905,0.593068590840456,1.11));
#6833=CARTESIAN_POINT('',(1.10318628669905,0.593068590840456,1.1));
#6834=CARTESIAN_POINT('Origin',(1.79323779861776,0.593068590840456,1.1));
#6835=CARTESIAN_POINT('',(1.79323779861776,0.593068590840456,1.1));
#6836=CARTESIAN_POINT('',(1.79323779861776,0.593068590840456,1.1));
#6837=CARTESIAN_POINT('',(1.79323779861776,0.593068590840456,1.11));
#6838=CARTESIAN_POINT('',(1.79323779861776,0.593068590840456,1.11));
#6839=CARTESIAN_POINT('',(1.79323779861776,0.593068590840456,1.1));
#6840=CARTESIAN_POINT('Origin',(1.79323779861776,0.504268271283571,1.1));
#6841=CARTESIAN_POINT('',(1.79323779861776,0.504268271283571,1.1));
#6842=CARTESIAN_POINT('',(1.79323779861776,0.504268271283571,1.11));
#6843=CARTESIAN_POINT('Origin',(1.4482120426584,0.548668431062014,1.11));
#6844=CARTESIAN_POINT('Origin',(1.4482120426584,0.548668431062014,1.1));
#6845=CARTESIAN_POINT('Origin',(1.454333552264,0.190687580005168,1.1));
#6846=CARTESIAN_POINT('',(1.454333552264,0.190687580005168,1.1));
#6847=CARTESIAN_POINT('',(1.10318628669905,0.190687580024756,1.1));
#6848=CARTESIAN_POINT('',(1.454333552264,0.190687580005168,1.1));
#6849=CARTESIAN_POINT('',(1.10318628669905,0.190687580024756,1.11));
#6850=CARTESIAN_POINT('',(1.10318628669905,0.190687580024756,1.1));
#6851=CARTESIAN_POINT('',(1.454333552264,0.190687580005168,1.11));
#6852=CARTESIAN_POINT('',(1.454333552264,0.190687580005168,1.11));
#6853=CARTESIAN_POINT('',(1.454333552264,0.190687580005168,1.1));
#6854=CARTESIAN_POINT('Ctrl Pts',(1.45272597562171,0.302579722856072,1.1));
#6855=CARTESIAN_POINT('Ctrl Pts',(1.45272597562171,0.302579722856072,1.11));
#6856=CARTESIAN_POINT('Ctrl Pts',(1.45707758329539,0.301469312090126,1.1));
#6857=CARTESIAN_POINT('Ctrl Pts',(1.45707758329539,0.301469312090126,1.11));
#6858=CARTESIAN_POINT('Ctrl Pts',(1.47111765495187,0.295368079977492,1.1));
#6859=CARTESIAN_POINT('Ctrl Pts',(1.47111765495187,0.295368079977492,1.11));
#6860=CARTESIAN_POINT('Ctrl Pts',(1.50366544866867,0.25656298474815,1.1));
#6861=CARTESIAN_POINT('Ctrl Pts',(1.50366544866867,0.25656298474815,1.11));
#6862=CARTESIAN_POINT('Ctrl Pts',(1.4905576991415,0.19983719052123,1.1));
#6863=CARTESIAN_POINT('Ctrl Pts',(1.4905576991415,0.19983719052123,1.11));
#6864=CARTESIAN_POINT('Ctrl Pts',(1.454333552264,0.190687580005168,1.1));
#6865=CARTESIAN_POINT('Ctrl Pts',(1.454333552264,0.190687580005168,1.11));
#6866=CARTESIAN_POINT('',(1.45272597562171,0.302579722856072,1.1));
#6867=CARTESIAN_POINT('Ctrl Pts',(1.45272597562171,0.302579722856072,1.1));
#6868=CARTESIAN_POINT('Ctrl Pts',(1.45707758329539,0.301469312090126,1.1));
#6869=CARTESIAN_POINT('Ctrl Pts',(1.47111765495187,0.295368079977492,1.1));
#6870=CARTESIAN_POINT('Ctrl Pts',(1.50366544866867,0.25656298474815,1.1));
#6871=CARTESIAN_POINT('Ctrl Pts',(1.4905576991415,0.19983719052123,1.1));
#6872=CARTESIAN_POINT('Ctrl Pts',(1.454333552264,0.190687580005168,1.1));
#6873=CARTESIAN_POINT('',(1.45272597562171,0.302579722856072,1.11));
#6874=CARTESIAN_POINT('Ctrl Pts',(1.45272597562171,0.302579722856072,1.11));
#6875=CARTESIAN_POINT('Ctrl Pts',(1.45707758329539,0.301469312090126,1.11));
#6876=CARTESIAN_POINT('Ctrl Pts',(1.47111765495187,0.295368079977492,1.11));
#6877=CARTESIAN_POINT('Ctrl Pts',(1.50366544866867,0.25656298474815,1.11));
#6878=CARTESIAN_POINT('Ctrl Pts',(1.4905576991415,0.19983719052123,1.11));
#6879=CARTESIAN_POINT('Ctrl Pts',(1.454333552264,0.190687580005168,1.11));
#6880=CARTESIAN_POINT('',(1.45272597562171,0.302579722856072,1.1));
#6881=CARTESIAN_POINT('Origin',(1.10318628669905,0.302579722856072,1.1));
#6882=CARTESIAN_POINT('',(1.10318628669905,0.302579722856072,1.1));
#6883=CARTESIAN_POINT('',(1.10318628669905,0.302579722856072,1.1));
#6884=CARTESIAN_POINT('',(1.10318628669905,0.302579722856072,1.11));
#6885=CARTESIAN_POINT('',(1.10318628669905,0.302579722856072,1.11));
#6886=CARTESIAN_POINT('',(1.10318628669905,0.302579722856072,1.1));
#6887=CARTESIAN_POINT('Origin',(1.10318628669904,0.386605630083615,1.1));
#6888=CARTESIAN_POINT('',(1.10318628669904,0.386605630083615,1.1));
#6889=CARTESIAN_POINT('',(1.10318628669904,0.386605630083615,1.1));
#6890=CARTESIAN_POINT('',(1.10318628669904,0.386605630083615,1.11));
#6891=CARTESIAN_POINT('',(1.10318628669904,0.386605630083615,1.11));
#6892=CARTESIAN_POINT('',(1.10318628669904,0.386605630083615,1.1));
#6893=CARTESIAN_POINT('Origin',(1.56502328464281,0.386605630083615,1.1));
#6894=CARTESIAN_POINT('',(1.56502328464281,0.386605630083615,1.1));
#6895=CARTESIAN_POINT('',(1.56502328464281,0.386605630083615,1.1));
#6896=CARTESIAN_POINT('',(1.56502328464281,0.386605630083615,1.11));
#6897=CARTESIAN_POINT('',(1.56502328464281,0.386605630083615,1.11));
#6898=CARTESIAN_POINT('',(1.56502328464281,0.386605630083615,1.1));
#6899=CARTESIAN_POINT('Origin',(1.56502328464281,0.302579722856072,1.1));
#6900=CARTESIAN_POINT('',(1.56502328464281,0.302579722856072,1.1));
#6901=CARTESIAN_POINT('',(1.56502328464281,0.302579722856072,1.1));
#6902=CARTESIAN_POINT('',(1.56502328464281,0.302579722856072,1.11));
#6903=CARTESIAN_POINT('',(1.56502328464281,0.302579722856072,1.11));
#6904=CARTESIAN_POINT('',(1.56502328464281,0.302579722856072,1.1));
#6905=CARTESIAN_POINT('Origin',(1.52597617792655,0.30257972286107,1.1));
#6906=CARTESIAN_POINT('',(1.52597617792655,0.30257972286107,1.1));
#6907=CARTESIAN_POINT('',(1.52597617792655,0.30257972286107,1.1));
#6908=CARTESIAN_POINT('',(1.52597617792655,0.30257972286107,1.11));
#6909=CARTESIAN_POINT('',(1.52597617792655,0.30257972286107,1.11));
#6910=CARTESIAN_POINT('',(1.52597617792655,0.30257972286107,1.1));
#6911=CARTESIAN_POINT('Ctrl Pts',(1.5061448940531,0.107174460917062,1.1));
#6912=CARTESIAN_POINT('Ctrl Pts',(1.5061448940531,0.107174460917062,1.11));
#6913=CARTESIAN_POINT('Ctrl Pts',(1.53828020665249,0.116119278441335,1.1));
#6914=CARTESIAN_POINT('Ctrl Pts',(1.53828020665249,0.116119278441335,1.11));
#6915=CARTESIAN_POINT('Ctrl Pts',(1.56943394290904,0.16375789264503,1.1));
#6916=CARTESIAN_POINT('Ctrl Pts',(1.56943394290904,0.16375789264503,1.11));
#6917=CARTESIAN_POINT('Ctrl Pts',(1.57039397737631,0.243835556076341,1.1));
#6918=CARTESIAN_POINT('Ctrl Pts',(1.57039397737631,0.243835556076341,1.11));
#6919=CARTESIAN_POINT('Ctrl Pts',(1.5429270198866,0.283596949660427,1.1));
#6920=CARTESIAN_POINT('Ctrl Pts',(1.5429270198866,0.283596949660427,1.11));
#6921=CARTESIAN_POINT('Ctrl Pts',(1.52597617792655,0.30257972286107,1.1));
#6922=CARTESIAN_POINT('Ctrl Pts',(1.52597617792655,0.30257972286107,1.11));
#6923=CARTESIAN_POINT('',(1.5061448940531,0.107174460917062,1.1));
#6924=CARTESIAN_POINT('Ctrl Pts',(1.5061448940531,0.107174460917062,1.1));
#6925=CARTESIAN_POINT('Ctrl Pts',(1.53828020665249,0.116119278441335,1.1));
#6926=CARTESIAN_POINT('Ctrl Pts',(1.56943394290904,0.16375789264503,1.1));
#6927=CARTESIAN_POINT('Ctrl Pts',(1.57039397737631,0.243835556076341,1.1));
#6928=CARTESIAN_POINT('Ctrl Pts',(1.5429270198866,0.283596949660427,1.1));
#6929=CARTESIAN_POINT('Ctrl Pts',(1.52597617792655,0.30257972286107,1.1));
#6930=CARTESIAN_POINT('',(1.5061448940531,0.107174460917062,1.11));
#6931=CARTESIAN_POINT('Ctrl Pts',(1.5061448940531,0.107174460917062,1.11));
#6932=CARTESIAN_POINT('Ctrl Pts',(1.53828020665249,0.116119278441335,1.11));
#6933=CARTESIAN_POINT('Ctrl Pts',(1.56943394290904,0.16375789264503,1.11));
#6934=CARTESIAN_POINT('Ctrl Pts',(1.57039397737631,0.243835556076341,1.11));
#6935=CARTESIAN_POINT('Ctrl Pts',(1.5429270198866,0.283596949660427,1.11));
#6936=CARTESIAN_POINT('Ctrl Pts',(1.52597617792655,0.30257972286107,1.11));
#6937=CARTESIAN_POINT('',(1.5061448940531,0.107174460917062,1.1));
#6938=CARTESIAN_POINT('Origin',(1.10318628669905,0.107174460917063,1.1));
#6939=CARTESIAN_POINT('',(1.10318628669905,0.107174460917063,1.1));
#6940=CARTESIAN_POINT('',(1.10318628669905,0.107174460917063,1.1));
#6941=CARTESIAN_POINT('',(1.10318628669905,0.107174460917063,1.11));
#6942=CARTESIAN_POINT('',(1.10318628669905,0.107174460917063,1.11));
#6943=CARTESIAN_POINT('',(1.10318628669905,0.107174460917063,1.1));
#6944=CARTESIAN_POINT('Origin',(1.10318628669905,0.190687580024756,1.1));
#6945=CARTESIAN_POINT('',(1.10318628669905,0.190687580024756,1.1));
#6946=CARTESIAN_POINT('',(1.10318628669905,0.190687580024756,1.11));
#6947=CARTESIAN_POINT('Origin',(1.33851659409409,0.250101232504762,1.11));
#6948=CARTESIAN_POINT('Origin',(1.33851659409409,0.250101232504762,1.1));
#6949=CARTESIAN_POINT('Origin',(1.7778196177579,1.15488462319738,1.1));
#6950=CARTESIAN_POINT('',(1.7778196177579,1.15488462319738,1.1));
#6951=CARTESIAN_POINT('',(1.79015568464598,1.29935367244959,1.1));
#6952=CARTESIAN_POINT('',(1.7778196177579,1.15488462319738,1.1));
#6953=CARTESIAN_POINT('',(1.79015568464598,1.29935367244959,1.11));
#6954=CARTESIAN_POINT('',(1.79015568464598,1.29935367244959,1.1));
#6955=CARTESIAN_POINT('',(1.7778196177579,1.15488462319738,1.11));
#6956=CARTESIAN_POINT('',(1.7778196177579,1.15488462319738,1.11));
#6957=CARTESIAN_POINT('',(1.7778196177579,1.15488462319738,1.1));
#6958=CARTESIAN_POINT('Origin',(1.74312146545083,1.15784746353209,1.1));
#6959=CARTESIAN_POINT('',(1.74519757443536,1.1230849842306,1.1));
#6960=CARTESIAN_POINT('Origin',(1.74312146546411,1.15784746352902,1.1));
#6961=CARTESIAN_POINT('',(1.74519757443536,1.1230849842306,1.11));
#6962=CARTESIAN_POINT('Origin',(1.74312146546411,1.15784746352902,1.11));
#6963=CARTESIAN_POINT('',(1.74519757443536,1.1230849842306,1.1));
#6964=CARTESIAN_POINT('Origin',(1.18715834753957,0.997518166555262,1.1));
#6965=CARTESIAN_POINT('',(1.18715834753957,0.997518166555262,1.1));
#6966=CARTESIAN_POINT('',(1.18715834753957,0.997518166555262,1.1));
#6967=CARTESIAN_POINT('',(1.18715834753957,0.997518166555262,1.11));
#6968=CARTESIAN_POINT('',(1.18715834753957,0.997518166555262,1.11));
#6969=CARTESIAN_POINT('',(1.18715834753957,0.997518166555262,1.1));
#6970=CARTESIAN_POINT('Ctrl Pts',(1.71055187427788,1.62154376704111,1.1));
#6971=CARTESIAN_POINT('Ctrl Pts',(1.71055187427788,1.62154376704111,1.11));
#6972=CARTESIAN_POINT('Ctrl Pts',(1.6693827758712,1.68924990252134,1.1));
#6973=CARTESIAN_POINT('Ctrl Pts',(1.6693827758712,1.68924990252134,1.11));
#6974=CARTESIAN_POINT('Ctrl Pts',(1.59076456777596,1.79762462738246,1.1));
#6975=CARTESIAN_POINT('Ctrl Pts',(1.59076456777596,1.79762462738246,1.11));
#6976=CARTESIAN_POINT('Ctrl Pts',(1.39069573595123,1.82496405532902,1.1));
#6977=CARTESIAN_POINT('Ctrl Pts',(1.39069573595123,1.82496405532902,1.11));
#6978=CARTESIAN_POINT('Ctrl Pts',(1.21114919762846,1.71740445281784,1.1));
#6979=CARTESIAN_POINT('Ctrl Pts',(1.21114919762846,1.71740445281784,1.11));
#6980=CARTESIAN_POINT('Ctrl Pts',(1.07285638744812,1.41283249665035,1.1));
#6981=CARTESIAN_POINT('Ctrl Pts',(1.07285638744812,1.41283249665035,1.11));
#6982=CARTESIAN_POINT('Ctrl Pts',(1.08483679037143,1.14867267322313,1.1));
#6983=CARTESIAN_POINT('Ctrl Pts',(1.08483679037143,1.14867267322313,1.11));
#6984=CARTESIAN_POINT('Ctrl Pts',(1.18715834753957,0.997518166555262,1.1));
#6985=CARTESIAN_POINT('Ctrl Pts',(1.18715834753957,0.997518166555262,1.11));
#6986=CARTESIAN_POINT('',(1.71055187427788,1.62154376704111,1.1));
#6987=CARTESIAN_POINT('Ctrl Pts',(1.71055187427788,1.62154376704111,1.1));
#6988=CARTESIAN_POINT('Ctrl Pts',(1.6693827758712,1.68924990252134,1.1));
#6989=CARTESIAN_POINT('Ctrl Pts',(1.59076456777596,1.79762462738246,1.1));
#6990=CARTESIAN_POINT('Ctrl Pts',(1.39069573595123,1.82496405532902,1.1));
#6991=CARTESIAN_POINT('Ctrl Pts',(1.21114919762846,1.71740445281784,1.1));
#6992=CARTESIAN_POINT('Ctrl Pts',(1.07285638744812,1.41283249665035,1.1));
#6993=CARTESIAN_POINT('Ctrl Pts',(1.08483679037143,1.14867267322313,1.1));
#6994=CARTESIAN_POINT('Ctrl Pts',(1.18715834753957,0.997518166555262,1.1));
#6995=CARTESIAN_POINT('',(1.71055187427788,1.62154376704111,1.11));
#6996=CARTESIAN_POINT('Ctrl Pts',(1.71055187427788,1.62154376704111,1.11));
#6997=CARTESIAN_POINT('Ctrl Pts',(1.6693827758712,1.68924990252134,1.11));
#6998=CARTESIAN_POINT('Ctrl Pts',(1.59076456777596,1.79762462738246,1.11));
#6999=CARTESIAN_POINT('Ctrl Pts',(1.39069573595123,1.82496405532902,1.11));
#7000=CARTESIAN_POINT('Ctrl Pts',(1.21114919762846,1.71740445281784,1.11));
#7001=CARTESIAN_POINT('Ctrl Pts',(1.07285638744812,1.41283249665035,1.11));
#7002=CARTESIAN_POINT('Ctrl Pts',(1.08483679037143,1.14867267322313,1.11));
#7003=CARTESIAN_POINT('Ctrl Pts',(1.18715834753957,0.997518166555262,1.11));
#7004=CARTESIAN_POINT('',(1.71055187427788,1.62154376704111,1.1));
#7005=CARTESIAN_POINT('Origin',(1.64884334246358,1.59686035431889,1.1));
#7006=CARTESIAN_POINT('',(1.64884334246358,1.59686035431889,1.1));
#7007=CARTESIAN_POINT('',(1.64884334246358,1.59686035431889,1.1));
#7008=CARTESIAN_POINT('',(1.64884334246358,1.59686035431889,1.11));
#7009=CARTESIAN_POINT('',(1.64884334246358,1.59686035431889,1.11));
#7010=CARTESIAN_POINT('',(1.64884334246358,1.59686035431889,1.1));
#7011=CARTESIAN_POINT('Ctrl Pts',(1.17797640029327,1.05107952531385,1.1));
#7012=CARTESIAN_POINT('Ctrl Pts',(1.17797640029327,1.05107952531385,1.11));
#7013=CARTESIAN_POINT('Ctrl Pts',(1.13318272605468,1.17740205096697,1.1));
#7014=CARTESIAN_POINT('Ctrl Pts',(1.13318272605468,1.17740205096697,1.11));
#7015=CARTESIAN_POINT('Ctrl Pts',(1.11269658039254,1.39402007757903,1.1));
#7016=CARTESIAN_POINT('Ctrl Pts',(1.11269658039254,1.39402007757903,1.11));
#7017=CARTESIAN_POINT('Ctrl Pts',(1.23700889727056,1.59270161644827,1.1));
#7018=CARTESIAN_POINT('Ctrl Pts',(1.23700889727056,1.59270161644827,1.11));
#7019=CARTESIAN_POINT('Ctrl Pts',(1.34515128400516,1.68920104629016,1.1));
#7020=CARTESIAN_POINT('Ctrl Pts',(1.34515128400516,1.68920104629016,1.11));
#7021=CARTESIAN_POINT('Ctrl Pts',(1.50318814125561,1.71511215074947,1.1));
#7022=CARTESIAN_POINT('Ctrl Pts',(1.50318814125561,1.71511215074947,1.11));
#7023=CARTESIAN_POINT('Ctrl Pts',(1.61059725044699,1.64896080030007,1.1));
#7024=CARTESIAN_POINT('Ctrl Pts',(1.61059725044699,1.64896080030007,1.11));
#7025=CARTESIAN_POINT('Ctrl Pts',(1.64884334246358,1.59686035431889,1.1));
#7026=CARTESIAN_POINT('Ctrl Pts',(1.64884334246358,1.59686035431889,1.11));
#7027=CARTESIAN_POINT('',(1.17797640029327,1.05107952531385,1.1));
#7028=CARTESIAN_POINT('Ctrl Pts',(1.17797640029327,1.05107952531385,1.1));
#7029=CARTESIAN_POINT('Ctrl Pts',(1.13318272605468,1.17740205096697,1.1));
#7030=CARTESIAN_POINT('Ctrl Pts',(1.11269658039254,1.39402007757903,1.1));
#7031=CARTESIAN_POINT('Ctrl Pts',(1.23700889727056,1.59270161644827,1.1));
#7032=CARTESIAN_POINT('Ctrl Pts',(1.34515128400516,1.68920104629016,1.1));
#7033=CARTESIAN_POINT('Ctrl Pts',(1.50318814125561,1.71511215074947,1.1));
#7034=CARTESIAN_POINT('Ctrl Pts',(1.61059725044699,1.64896080030007,1.1));
#7035=CARTESIAN_POINT('Ctrl Pts',(1.64884334246358,1.59686035431889,1.1));
#7036=CARTESIAN_POINT('',(1.17797640029327,1.05107952531385,1.11));
#7037=CARTESIAN_POINT('Ctrl Pts',(1.17797640029327,1.05107952531385,1.11));
#7038=CARTESIAN_POINT('Ctrl Pts',(1.13318272605468,1.17740205096697,1.11));
#7039=CARTESIAN_POINT('Ctrl Pts',(1.11269658039254,1.39402007757903,1.11));
#7040=CARTESIAN_POINT('Ctrl Pts',(1.23700889727056,1.59270161644827,1.11));
#7041=CARTESIAN_POINT('Ctrl Pts',(1.34515128400516,1.68920104629016,1.11));
#7042=CARTESIAN_POINT('Ctrl Pts',(1.50318814125561,1.71511215074947,1.11));
#7043=CARTESIAN_POINT('Ctrl Pts',(1.61059725044699,1.64896080030007,1.11));
#7044=CARTESIAN_POINT('Ctrl Pts',(1.64884334246358,1.59686035431889,1.11));
#7045=CARTESIAN_POINT('',(1.17797640029327,1.05107952531385,1.1));
#7046=CARTESIAN_POINT('Origin',(1.73712567499908,1.17922175280523,1.1));
#7047=CARTESIAN_POINT('',(1.73712567499908,1.17922175280523,1.1));
#7048=CARTESIAN_POINT('',(1.73712567499908,1.17922175280523,1.1));
#7049=CARTESIAN_POINT('',(1.73712567499908,1.17922175280523,1.11));
#7050=CARTESIAN_POINT('',(1.73712567499908,1.17922175280523,1.11));
#7051=CARTESIAN_POINT('',(1.73712567499908,1.17922175280523,1.1));
#7052=CARTESIAN_POINT('Origin',(1.71957650818464,1.20751850831444,1.1));
#7053=CARTESIAN_POINT('',(1.75287334930444,1.20751850827103,1.1));
#7054=CARTESIAN_POINT('Origin',(1.71957650819834,1.20751850831261,1.1));
#7055=CARTESIAN_POINT('',(1.75287334930444,1.20751850827103,1.11));
#7056=CARTESIAN_POINT('Origin',(1.71957650819834,1.20751850831261,1.11));
#7057=CARTESIAN_POINT('',(1.75287334930444,1.20751850827103,1.1));
#7058=CARTESIAN_POINT('Origin',(1.75287334930443,1.29405461544346,1.1));
#7059=CARTESIAN_POINT('',(1.75287334930443,1.29405461544346,1.1));
#7060=CARTESIAN_POINT('',(1.75287334930443,1.29405461544346,1.1));
#7061=CARTESIAN_POINT('',(1.75287334930443,1.29405461544346,1.11));
#7062=CARTESIAN_POINT('',(1.75287334930443,1.29405461544346,1.11));
#7063=CARTESIAN_POINT('',(1.75287334930443,1.29405461544346,1.1));
#7064=CARTESIAN_POINT('Origin',(1.79015568464598,1.29935367244959,1.1));
#7065=CARTESIAN_POINT('',(1.79015568464598,1.29935367244959,1.1));
#7066=CARTESIAN_POINT('',(1.79015568464598,1.29935367244959,1.11));
#7067=CARTESIAN_POINT('Origin',(1.38889036920254,1.36267206147104,1.11));
#7068=CARTESIAN_POINT('Origin',(1.38889036920254,1.36267206147104,1.1));
#7069=CARTESIAN_POINT('Origin',(1.73712567502419,1.45656643008243,1.1));
#7070=CARTESIAN_POINT('',(1.73712567502419,1.3415250577225,1.11));
#7071=CARTESIAN_POINT('Origin',(1.73712567502419,1.45656643008243,1.11));
#7072=CARTESIAN_POINT('',(1.73712567502419,1.3415250577225,1.1));
#7073=CARTESIAN_POINT('Origin',(1.73712567502419,1.45656643008243,1.1));
#7074=CARTESIAN_POINT('Origin',(1.7371256750242,1.45656643008243,1.11));
#7075=CARTESIAN_POINT('Origin',(1.7371256750242,1.45656643008243,1.1));
#7076=CARTESIAN_POINT('Origin',(1.10318628669905,-0.0905250991653971,1.1));
#7077=CARTESIAN_POINT('',(1.10318628669905,-0.0905250991653971,1.1));
#7078=CARTESIAN_POINT('',(1.49574011243791,-0.0905250991653972,1.1));
#7079=CARTESIAN_POINT('',(1.10318628669905,-0.0905250991653971,1.1));
#7080=CARTESIAN_POINT('',(1.49574011243791,-0.0905250991653972,1.11));
#7081=CARTESIAN_POINT('',(1.49574011243791,-0.0905250991653972,1.1));
#7082=CARTESIAN_POINT('',(1.10318628669905,-0.0905250991653971,1.11));
#7083=CARTESIAN_POINT('',(1.10318628669905,-0.0905250991653971,1.11));
#7084=CARTESIAN_POINT('',(1.10318628669905,-0.0905250991653971,1.1));
#7085=CARTESIAN_POINT('Origin',(1.10318628669905,-0.00524055865410561,1.1));
#7086=CARTESIAN_POINT('',(1.10318628669905,-0.00524055865410561,1.1));
#7087=CARTESIAN_POINT('',(1.10318628669905,-0.00524055865410561,1.1));
#7088=CARTESIAN_POINT('',(1.10318628669905,-0.00524055865410561,1.11));
#7089=CARTESIAN_POINT('',(1.10318628669905,-0.00524055865410561,1.11));
#7090=CARTESIAN_POINT('',(1.10318628669905,-0.00524055865410561,1.1));
#7091=CARTESIAN_POINT('Origin',(1.49574011243791,-0.00524055865410555,1.1));
#7092=CARTESIAN_POINT('',(1.49574011243791,-0.00524055865410555,1.1));
#7093=CARTESIAN_POINT('',(1.49574011243791,-0.00524055865410555,1.1));
#7094=CARTESIAN_POINT('',(1.49574011243791,-0.00524055865410555,1.11));
#7095=CARTESIAN_POINT('',(1.49574011243791,-0.00524055865410555,1.11));
#7096=CARTESIAN_POINT('',(1.49574011243791,-0.00524055865410555,1.1));
#7097=CARTESIAN_POINT('Origin',(1.49574011243791,0.0405586590279158,1.1));
#7098=CARTESIAN_POINT('',(1.49574011243791,0.0405586590279158,1.1));
#7099=CARTESIAN_POINT('',(1.49574011243791,0.0405586590279158,1.1));
#7100=CARTESIAN_POINT('',(1.49574011243791,0.0405586590279158,1.11));
#7101=CARTESIAN_POINT('',(1.49574011243791,0.0405586590279158,1.11));
#7102=CARTESIAN_POINT('',(1.49574011243791,0.0405586590279158,1.1));
#7103=CARTESIAN_POINT('Origin',(1.56502328464281,0.0405586590279156,1.1));
#7104=CARTESIAN_POINT('',(1.56502328464281,0.0405586590279156,1.1));
#7105=CARTESIAN_POINT('',(1.56502328464281,0.0405586590279156,1.1));
#7106=CARTESIAN_POINT('',(1.56502328464281,0.0405586590279156,1.11));
#7107=CARTESIAN_POINT('',(1.56502328464281,0.0405586590279156,1.11));
#7108=CARTESIAN_POINT('',(1.56502328464281,0.0405586590279156,1.1));
#7109=CARTESIAN_POINT('Origin',(1.56502328464281,-0.00524055865410572,1.1));
#7110=CARTESIAN_POINT('',(1.56502328464281,-0.00524055865410572,1.1));
#7111=CARTESIAN_POINT('',(1.56502328464281,-0.00524055865410572,1.1));
#7112=CARTESIAN_POINT('',(1.56502328464281,-0.00524055865410572,1.11));
#7113=CARTESIAN_POINT('',(1.56502328464281,-0.00524055865410572,1.11));
#7114=CARTESIAN_POINT('',(1.56502328464281,-0.00524055865410572,1.1));
#7115=CARTESIAN_POINT('Origin',(1.76704891107815,-0.00524055867253809,1.1));
#7116=CARTESIAN_POINT('',(1.76704891107815,-0.00524055867253809,1.1));
#7117=CARTESIAN_POINT('',(1.76704891107815,-0.00524055867253809,1.1));
#7118=CARTESIAN_POINT('',(1.76704891107815,-0.00524055867253809,1.11));
#7119=CARTESIAN_POINT('',(1.76704891107815,-0.00524055867253809,1.11));
#7120=CARTESIAN_POINT('',(1.76704891107815,-0.00524055867253809,1.1));
#7121=CARTESIAN_POINT('Ctrl Pts',(1.82765016961766,-0.160561681097287,1.1));
#7122=CARTESIAN_POINT('Ctrl Pts',(1.82765016961766,-0.160561681097287,1.11));
#7123=CARTESIAN_POINT('Ctrl Pts',(1.87059454970458,-0.102724617833001,1.1));
#7124=CARTESIAN_POINT('Ctrl Pts',(1.87059454970458,-0.102724617833001,1.11));
#7125=CARTESIAN_POINT('Ctrl Pts',(1.82741700195462,-0.0242806503600139,
1.1));
#7126=CARTESIAN_POINT('Ctrl Pts',(1.82741700195462,-0.0242806503600139,
1.11));
#7127=CARTESIAN_POINT('Ctrl Pts',(1.76704891107815,-0.00524055867253809,
1.1));
#7128=CARTESIAN_POINT('Ctrl Pts',(1.76704891107815,-0.00524055867253809,
1.11));
#7129=CARTESIAN_POINT('',(1.82765016961766,-0.160561681097287,1.1));
#7130=CARTESIAN_POINT('Ctrl Pts',(1.82765016961766,-0.160561681097287,1.1));
#7131=CARTESIAN_POINT('Ctrl Pts',(1.87059454970458,-0.102724617833001,1.1));
#7132=CARTESIAN_POINT('Ctrl Pts',(1.82741700195462,-0.0242806503600139,
1.1));
#7133=CARTESIAN_POINT('Ctrl Pts',(1.76704891107815,-0.00524055867253809,
1.1));
#7134=CARTESIAN_POINT('',(1.82765016961766,-0.160561681097287,1.11));
#7135=CARTESIAN_POINT('Ctrl Pts',(1.82765016961766,-0.160561681097287,1.11));
#7136=CARTESIAN_POINT('Ctrl Pts',(1.87059454970458,-0.102724617833001,1.11));
#7137=CARTESIAN_POINT('Ctrl Pts',(1.82741700195462,-0.0242806503600139,
1.11));
#7138=CARTESIAN_POINT('Ctrl Pts',(1.76704891107815,-0.00524055867253809,
1.11));
#7139=CARTESIAN_POINT('',(1.82765016961766,-0.160561681097287,1.1));
#7140=CARTESIAN_POINT('Origin',(1.75722245921936,-0.16056168106524,1.1));
#7141=CARTESIAN_POINT('',(1.75722245921936,-0.16056168106524,1.1));
#7142=CARTESIAN_POINT('',(1.75722245921936,-0.16056168106524,1.1));
#7143=CARTESIAN_POINT('',(1.75722245921936,-0.16056168106524,1.11));
#7144=CARTESIAN_POINT('',(1.75722245921936,-0.16056168106524,1.11));
#7145=CARTESIAN_POINT('',(1.75722245921936,-0.16056168106524,1.1));
#7146=CARTESIAN_POINT('Ctrl Pts',(1.73712567502417,-0.0905250991653972,
1.1));
#7147=CARTESIAN_POINT('Ctrl Pts',(1.73712567502417,-0.0905250991653972,
1.11));
#7148=CARTESIAN_POINT('Ctrl Pts',(1.76418656656907,-0.104323050450189,1.1));
#7149=CARTESIAN_POINT('Ctrl Pts',(1.76418656656907,-0.104323050450189,1.11));
#7150=CARTESIAN_POINT('Ctrl Pts',(1.77088549463367,-0.127668577738695,1.1));
#7151=CARTESIAN_POINT('Ctrl Pts',(1.77088549463367,-0.127668577738695,1.11));
#7152=CARTESIAN_POINT('Ctrl Pts',(1.75722245921936,-0.16056168106524,1.1));
#7153=CARTESIAN_POINT('Ctrl Pts',(1.75722245921936,-0.16056168106524,1.11));
#7154=CARTESIAN_POINT('',(1.73712567502417,-0.0905250991653972,1.1));
#7155=CARTESIAN_POINT('Ctrl Pts',(1.73712567502417,-0.0905250991653972,
1.1));
#7156=CARTESIAN_POINT('Ctrl Pts',(1.76418656656907,-0.104323050450189,1.1));
#7157=CARTESIAN_POINT('Ctrl Pts',(1.77088549463367,-0.127668577738695,1.1));
#7158=CARTESIAN_POINT('Ctrl Pts',(1.75722245921936,-0.16056168106524,1.1));
#7159=CARTESIAN_POINT('',(1.73712567502417,-0.0905250991653972,1.11));
#7160=CARTESIAN_POINT('Ctrl Pts',(1.73712567502417,-0.0905250991653972,
1.11));
#7161=CARTESIAN_POINT('Ctrl Pts',(1.76418656656907,-0.104323050450189,1.11));
#7162=CARTESIAN_POINT('Ctrl Pts',(1.77088549463367,-0.127668577738695,1.11));
#7163=CARTESIAN_POINT('Ctrl Pts',(1.75722245921936,-0.16056168106524,1.11));
#7164=CARTESIAN_POINT('',(1.73712567502417,-0.0905250991653972,1.1));
#7165=CARTESIAN_POINT('Origin',(1.56502328464281,-0.0905250991653971,1.1));
#7166=CARTESIAN_POINT('',(1.56502328464281,-0.0905250991653971,1.1));
#7167=CARTESIAN_POINT('',(1.56502328464281,-0.0905250991653971,1.1));
#7168=CARTESIAN_POINT('',(1.56502328464281,-0.0905250991653971,1.11));
#7169=CARTESIAN_POINT('',(1.56502328464281,-0.0905250991653971,1.11));
#7170=CARTESIAN_POINT('',(1.56502328464281,-0.0905250991653971,1.1));
#7171=CARTESIAN_POINT('Origin',(1.56502328464281,-0.154863293366556,1.1));
#7172=CARTESIAN_POINT('',(1.56502328464281,-0.154863293366556,1.1));
#7173=CARTESIAN_POINT('',(1.56502328464281,-0.154863293366556,1.1));
#7174=CARTESIAN_POINT('',(1.56502328464281,-0.154863293366556,1.11));
#7175=CARTESIAN_POINT('',(1.56502328464281,-0.154863293366556,1.11));
#7176=CARTESIAN_POINT('',(1.56502328464281,-0.154863293366556,1.1));
#7177=CARTESIAN_POINT('Origin',(1.49574011243791,-0.154863293366556,1.1));
#7178=CARTESIAN_POINT('',(1.49574011243791,-0.154863293366556,1.1));
#7179=CARTESIAN_POINT('',(1.49574011243791,-0.154863293366556,1.1));
#7180=CARTESIAN_POINT('',(1.49574011243791,-0.154863293366556,1.11));
#7181=CARTESIAN_POINT('',(1.49574011243791,-0.154863293366556,1.11));
#7182=CARTESIAN_POINT('',(1.49574011243791,-0.154863293366556,1.1));
#7183=CARTESIAN_POINT('Origin',(1.49574011243791,-0.0905250991653972,1.1));
#7184=CARTESIAN_POINT('',(1.49574011243791,-0.0905250991653972,1.1));
#7185=CARTESIAN_POINT('',(1.49574011243791,-0.0905250991653972,1.11));
#7186=CARTESIAN_POINT('Origin',(1.49150374515443,-0.0595232325214857,1.11));
#7187=CARTESIAN_POINT('Origin',(1.49150374515443,-0.0595232325214857,1.1));
#7188=CARTESIAN_POINT('Origin',(1.70361311593911,-0.25192235020408,1.1));
#7189=CARTESIAN_POINT('',(1.70361311593911,-0.308775755066414,1.11));
#7190=CARTESIAN_POINT('Origin',(1.70361311593911,-0.25192235020408,1.11));
#7191=CARTESIAN_POINT('',(1.70361311593911,-0.308775755066414,1.1));
#7192=CARTESIAN_POINT('Origin',(1.70361311593911,-0.25192235020408,1.1));
#7193=CARTESIAN_POINT('Origin',(1.70361311593912,-0.25192235020408,1.11));
#7194=CARTESIAN_POINT('Origin',(1.70361311593912,-0.25192235020408,1.1));
#7195=CARTESIAN_POINT('Origin',(1.42062520356134,-0.842048688124406,1.1));
#7196=CARTESIAN_POINT('',(1.42062520356134,-0.842048688124406,1.1));
#7197=CARTESIAN_POINT('',(1.38519549591611,-0.842048688090381,1.1));
#7198=CARTESIAN_POINT('',(1.36513483495536,-0.84204868796453,1.1));
#7199=CARTESIAN_POINT('',(1.42062520356134,-0.842048688124406,1.11));
#7200=CARTESIAN_POINT('',(1.42062520356134,-0.842048688124406,1.1));
#7201=CARTESIAN_POINT('',(1.38519549591611,-0.842048688090381,1.11));
#7202=CARTESIAN_POINT('',(1.36513483495536,-0.84204868796453,1.11));
#7203=CARTESIAN_POINT('',(1.38519549591611,-0.842048688090381,1.1));
#7204=CARTESIAN_POINT('Ctrl Pts',(1.43394391445986,-0.972403272916504,1.1));
#7205=CARTESIAN_POINT('Ctrl Pts',(1.43394391445986,-0.972403272916504,1.11));
#7206=CARTESIAN_POINT('Ctrl Pts',(1.45855080001476,-0.970542168793357,1.1));
#7207=CARTESIAN_POINT('Ctrl Pts',(1.45855080001476,-0.970542168793357,1.11));
#7208=CARTESIAN_POINT('Ctrl Pts',(1.50859165066198,-0.950481470098411,1.1));
#7209=CARTESIAN_POINT('Ctrl Pts',(1.50859165066198,-0.950481470098411,1.11));
#7210=CARTESIAN_POINT('Ctrl Pts',(1.50611225490319,-0.866652775859427,1.1));
#7211=CARTESIAN_POINT('Ctrl Pts',(1.50611225490319,-0.866652775859427,1.11));
#7212=CARTESIAN_POINT('Ctrl Pts',(1.45183411636751,-0.8415390821955,1.1));
#7213=CARTESIAN_POINT('Ctrl Pts',(1.45183411636751,-0.8415390821955,1.11));
#7214=CARTESIAN_POINT('Ctrl Pts',(1.42062520356134,-0.842048688124406,1.1));
#7215=CARTESIAN_POINT('Ctrl Pts',(1.42062520356134,-0.842048688124406,1.11));
#7216=CARTESIAN_POINT('',(1.43394391445986,-0.972403272916504,1.1));
#7217=CARTESIAN_POINT('Ctrl Pts',(1.43394391445986,-0.972403272916504,1.1));
#7218=CARTESIAN_POINT('Ctrl Pts',(1.45855080001476,-0.970542168793357,1.1));
#7219=CARTESIAN_POINT('Ctrl Pts',(1.50859165066198,-0.950481470098411,1.1));
#7220=CARTESIAN_POINT('Ctrl Pts',(1.50611225490319,-0.866652775859427,1.1));
#7221=CARTESIAN_POINT('Ctrl Pts',(1.45183411636751,-0.8415390821955,1.1));
#7222=CARTESIAN_POINT('Ctrl Pts',(1.42062520356134,-0.842048688124406,1.1));
#7223=CARTESIAN_POINT('',(1.43394391445986,-0.972403272916504,1.11));
#7224=CARTESIAN_POINT('',(1.43394391445986,-0.972403272916504,1.1));
#7225=CARTESIAN_POINT('Ctrl Pts',(1.42062520356134,-0.842048688124406,1.11));
#7226=CARTESIAN_POINT('Ctrl Pts',(1.45183411636751,-0.8415390821955,1.11));
#7227=CARTESIAN_POINT('Ctrl Pts',(1.50611225490319,-0.866652775859427,1.11));
#7228=CARTESIAN_POINT('Ctrl Pts',(1.50859165066198,-0.950481470098411,1.11));
#7229=CARTESIAN_POINT('Ctrl Pts',(1.45855080001476,-0.970542168793357,1.11));
#7230=CARTESIAN_POINT('Ctrl Pts',(1.43394391445986,-0.972403272916504,1.11));
#7231=CARTESIAN_POINT('Origin',(1.38519549591611,-0.972403272916504,1.1));
#7232=CARTESIAN_POINT('',(1.38519549591611,-0.972403272916504,1.1));
#7233=CARTESIAN_POINT('',(1.34741998103268,-0.972403272916505,1.1));
#7234=CARTESIAN_POINT('',(1.38519549591611,-0.972403272916504,1.11));
#7235=CARTESIAN_POINT('',(1.38519549591611,-0.972403272916504,1.1));
#7236=CARTESIAN_POINT('',(1.34741998103268,-0.972403272916505,1.11));
#7237=CARTESIAN_POINT('Origin',(1.38519549591611,-0.842048688090381,1.1));
#7238=CARTESIAN_POINT('',(1.38519549591611,-0.876779056400334,1.1));
#7239=CARTESIAN_POINT('',(1.38519549591611,-0.876779056400334,1.11));
#7240=CARTESIAN_POINT('Ctrl Pts',(1.26825879515395,-0.762601883287521,1.1));
#7241=CARTESIAN_POINT('Ctrl Pts',(1.26825879515395,-0.762601883287521,1.11));
#7242=CARTESIAN_POINT('Ctrl Pts',(1.22564127371752,-0.770973001386485,1.1));
#7243=CARTESIAN_POINT('Ctrl Pts',(1.22564127371752,-0.770973001386485,1.11));
#7244=CARTESIAN_POINT('Ctrl Pts',(1.14914800033132,-0.777561850421913,1.1));
#7245=CARTESIAN_POINT('Ctrl Pts',(1.14914800033132,-0.777561850421913,1.11));
#7246=CARTESIAN_POINT('Ctrl Pts',(1.09291970823617,-0.862607290682536,1.1));
#7247=CARTESIAN_POINT('Ctrl Pts',(1.09291970823617,-0.862607290682536,1.11));
#7248=CARTESIAN_POINT('Ctrl Pts',(1.0886384650228,-0.938160917292284,1.1));
#7249=CARTESIAN_POINT('Ctrl Pts',(1.0886384650228,-0.938160917292284,1.11));
#7250=CARTESIAN_POINT('Ctrl Pts',(1.13048259359144,-1.03269242023614,1.1));
#7251=CARTESIAN_POINT('Ctrl Pts',(1.13048259359144,-1.03269242023614,1.11));
#7252=CARTESIAN_POINT('Ctrl Pts',(1.2091032155312,-1.0520895024196,1.1));
#7253=CARTESIAN_POINT('Ctrl Pts',(1.2091032155312,-1.0520895024196,1.11));
#7254=CARTESIAN_POINT('Ctrl Pts',(1.2531390237987,-1.05462693408073,1.1));
#7255=CARTESIAN_POINT('Ctrl Pts',(1.2531390237987,-1.05462693408073,1.11));
#7256=CARTESIAN_POINT('',(1.26825879515395,-0.762601883287521,1.1));
#7257=CARTESIAN_POINT('',(1.25313902381467,-1.05462693407879,1.1));
#7258=CARTESIAN_POINT('Ctrl Pts',(1.26825879515395,-0.762601883287521,1.1));
#7259=CARTESIAN_POINT('Ctrl Pts',(1.22564127371752,-0.770973001386485,1.1));
#7260=CARTESIAN_POINT('Ctrl Pts',(1.14914800033132,-0.777561850421913,1.1));
#7261=CARTESIAN_POINT('Ctrl Pts',(1.09291970823617,-0.862607290682536,1.1));
#7262=CARTESIAN_POINT('Ctrl Pts',(1.0886384650228,-0.938160917292284,1.1));
#7263=CARTESIAN_POINT('Ctrl Pts',(1.13048259359144,-1.03269242023614,1.1));
#7264=CARTESIAN_POINT('Ctrl Pts',(1.2091032155312,-1.0520895024196,1.1));
#7265=CARTESIAN_POINT('Ctrl Pts',(1.2531390237987,-1.05462693408073,1.1));
#7266=CARTESIAN_POINT('',(1.25313902381467,-1.05462693407879,1.11));
#7267=CARTESIAN_POINT('',(1.25313902381467,-1.05462693407879,1.1));
#7268=CARTESIAN_POINT('',(1.26825879515395,-0.762601883287521,1.11));
#7269=CARTESIAN_POINT('Ctrl Pts',(1.26825879515395,-0.762601883287521,1.11));
#7270=CARTESIAN_POINT('Ctrl Pts',(1.22564127371752,-0.770973001386485,1.11));
#7271=CARTESIAN_POINT('Ctrl Pts',(1.14914800033132,-0.777561850421913,1.11));
#7272=CARTESIAN_POINT('Ctrl Pts',(1.09291970823617,-0.862607290682536,1.11));
#7273=CARTESIAN_POINT('Ctrl Pts',(1.0886384650228,-0.938160917292284,1.11));
#7274=CARTESIAN_POINT('Ctrl Pts',(1.13048259359144,-1.03269242023614,1.11));
#7275=CARTESIAN_POINT('Ctrl Pts',(1.2091032155312,-1.0520895024196,1.11));
#7276=CARTESIAN_POINT('Ctrl Pts',(1.2531390237987,-1.05462693408073,1.11));
#7277=CARTESIAN_POINT('',(1.26825879515395,-0.762601883287521,1.1));
#7278=CARTESIAN_POINT('Origin',(1.39080852068408,-0.762601883288728,1.1));
#7279=CARTESIAN_POINT('',(1.39080852068408,-0.762601883288728,1.1));
#7280=CARTESIAN_POINT('',(1.39080852068408,-0.762601883288728,1.1));
#7281=CARTESIAN_POINT('',(1.39080852068408,-0.762601883288728,1.11));
#7282=CARTESIAN_POINT('',(1.39080852068408,-0.762601883288728,1.11));
#7283=CARTESIAN_POINT('',(1.39080852068408,-0.762601883288728,1.1));
#7284=CARTESIAN_POINT('Ctrl Pts',(1.43043339141704,-1.05115522196457,1.1));
#7285=CARTESIAN_POINT('Ctrl Pts',(1.43043339141704,-1.05115522196457,1.11));
#7286=CARTESIAN_POINT('Ctrl Pts',(1.47172351355022,-1.05171034030723,1.1));
#7287=CARTESIAN_POINT('Ctrl Pts',(1.47172351355022,-1.05171034030723,1.11));
#7288=CARTESIAN_POINT('Ctrl Pts',(1.53005590851473,-1.02187368909658,1.1));
#7289=CARTESIAN_POINT('Ctrl Pts',(1.53005590851473,-1.02187368909658,1.11));
#7290=CARTESIAN_POINT('Ctrl Pts',(1.5790653175134,-0.948196740847887,1.1));
#7291=CARTESIAN_POINT('Ctrl Pts',(1.5790653175134,-0.948196740847887,1.11));
#7292=CARTESIAN_POINT('Ctrl Pts',(1.57748093316534,-0.870645535974663,1.1));
#7293=CARTESIAN_POINT('Ctrl Pts',(1.57748093316534,-0.870645535974663,1.11));
#7294=CARTESIAN_POINT('Ctrl Pts',(1.5214519454304,-0.77971735876442,1.1));
#7295=CARTESIAN_POINT('Ctrl Pts',(1.5214519454304,-0.77971735876442,1.11));
#7296=CARTESIAN_POINT('Ctrl Pts',(1.4360195427468,-0.76680611336482,1.1));
#7297=CARTESIAN_POINT('Ctrl Pts',(1.4360195427468,-0.76680611336482,1.11));
#7298=CARTESIAN_POINT('Ctrl Pts',(1.39080852068408,-0.762601883288728,1.1));
#7299=CARTESIAN_POINT('Ctrl Pts',(1.39080852068408,-0.762601883288728,1.11));
#7300=CARTESIAN_POINT('',(1.43043339141704,-1.05115522196457,1.1));
#7301=CARTESIAN_POINT('Ctrl Pts',(1.43043339141704,-1.05115522196457,1.1));
#7302=CARTESIAN_POINT('Ctrl Pts',(1.47172351355022,-1.05171034030723,1.1));
#7303=CARTESIAN_POINT('Ctrl Pts',(1.53005590851473,-1.02187368909658,1.1));
#7304=CARTESIAN_POINT('Ctrl Pts',(1.5790653175134,-0.948196740847887,1.1));
#7305=CARTESIAN_POINT('Ctrl Pts',(1.57748093316534,-0.870645535974663,1.1));
#7306=CARTESIAN_POINT('Ctrl Pts',(1.5214519454304,-0.77971735876442,1.1));
#7307=CARTESIAN_POINT('Ctrl Pts',(1.4360195427468,-0.76680611336482,1.1));
#7308=CARTESIAN_POINT('Ctrl Pts',(1.39080852068408,-0.762601883288728,1.1));
#7309=CARTESIAN_POINT('',(1.43043339141704,-1.05115522196457,1.11));
#7310=CARTESIAN_POINT('Ctrl Pts',(1.43043339141704,-1.05115522196457,1.11));
#7311=CARTESIAN_POINT('Ctrl Pts',(1.47172351355022,-1.05171034030723,1.11));
#7312=CARTESIAN_POINT('Ctrl Pts',(1.53005590851473,-1.02187368909658,1.11));
#7313=CARTESIAN_POINT('Ctrl Pts',(1.5790653175134,-0.948196740847887,1.11));
#7314=CARTESIAN_POINT('Ctrl Pts',(1.57748093316534,-0.870645535974663,1.11));
#7315=CARTESIAN_POINT('Ctrl Pts',(1.5214519454304,-0.77971735876442,1.11));
#7316=CARTESIAN_POINT('Ctrl Pts',(1.4360195427468,-0.76680611336482,1.11));
#7317=CARTESIAN_POINT('Ctrl Pts',(1.39080852068408,-0.762601883288728,1.11));
#7318=CARTESIAN_POINT('',(1.43043339141704,-1.05115522196457,1.1));
#7319=CARTESIAN_POINT('Origin',(1.31366759555021,-1.05115522196457,1.1));
#7320=CARTESIAN_POINT('',(1.31366759555021,-1.05115522196457,1.1));
#7321=CARTESIAN_POINT('',(1.31366759555021,-1.05115522196457,1.1));
#7322=CARTESIAN_POINT('',(1.31366759555021,-1.05115522196457,1.11));
#7323=CARTESIAN_POINT('',(1.31366759555021,-1.05115522196457,1.11));
#7324=CARTESIAN_POINT('',(1.31366759555021,-1.05115522196457,1.1));
#7325=CARTESIAN_POINT('Origin',(1.31366759555021,-0.84204868809038,1.1));
#7326=CARTESIAN_POINT('',(1.31366759555021,-0.84204868809038,1.1));
#7327=CARTESIAN_POINT('',(1.31366759555021,-0.84204868809038,1.1));
#7328=CARTESIAN_POINT('',(1.31366759555021,-0.84204868809038,1.11));
#7329=CARTESIAN_POINT('',(1.31366759555021,-0.84204868809038,1.11));
#7330=CARTESIAN_POINT('',(1.31366759555021,-0.84204868809038,1.1));
#7331=CARTESIAN_POINT('Origin',(1.27222509577302,-0.842048688124406,1.1));
#7332=CARTESIAN_POINT('',(1.27222509577302,-0.842048688124406,1.1));
#7333=CARTESIAN_POINT('',(1.27222509577302,-0.842048688124406,1.1));
#7334=CARTESIAN_POINT('',(1.27222509577302,-0.842048688124406,1.11));
#7335=CARTESIAN_POINT('',(1.27222509577302,-0.842048688124406,1.11));
#7336=CARTESIAN_POINT('',(1.27222509577302,-0.842048688124406,1.1));
#7337=CARTESIAN_POINT('Ctrl Pts',(1.25313902381467,-0.972403272916503,1.1));
#7338=CARTESIAN_POINT('Ctrl Pts',(1.25313902381467,-0.972403272916503,1.11));
#7339=CARTESIAN_POINT('Ctrl Pts',(1.22855612235889,-0.967796925022532,1.1));
#7340=CARTESIAN_POINT('Ctrl Pts',(1.22855612235889,-0.967796925022532,1.11));
#7341=CARTESIAN_POINT('Ctrl Pts',(1.17432828640437,-0.962569728694984,1.1));
#7342=CARTESIAN_POINT('Ctrl Pts',(1.17432828640437,-0.962569728694984,1.11));
#7343=CARTESIAN_POINT('Ctrl Pts',(1.14900011105676,-0.857965950724695,1.1));
#7344=CARTESIAN_POINT('Ctrl Pts',(1.14900011105676,-0.857965950724695,1.11));
#7345=CARTESIAN_POINT('Ctrl Pts',(1.24545489353945,-0.846500052456733,1.1));
#7346=CARTESIAN_POINT('Ctrl Pts',(1.24545489353945,-0.846500052456733,1.11));
#7347=CARTESIAN_POINT('Ctrl Pts',(1.27222509577302,-0.842048688124406,1.1));
#7348=CARTESIAN_POINT('Ctrl Pts',(1.27222509577302,-0.842048688124406,1.11));
#7349=CARTESIAN_POINT('',(1.25313902381467,-0.972403272916503,1.1));
#7350=CARTESIAN_POINT('Ctrl Pts',(1.25313902381467,-0.972403272916503,1.1));
#7351=CARTESIAN_POINT('Ctrl Pts',(1.22855612235889,-0.967796925022532,1.1));
#7352=CARTESIAN_POINT('Ctrl Pts',(1.17432828640437,-0.962569728694984,1.1));
#7353=CARTESIAN_POINT('Ctrl Pts',(1.14900011105676,-0.857965950724695,1.1));
#7354=CARTESIAN_POINT('Ctrl Pts',(1.24545489353945,-0.846500052456733,1.1));
#7355=CARTESIAN_POINT('Ctrl Pts',(1.27222509577302,-0.842048688124406,1.1));
#7356=CARTESIAN_POINT('',(1.25313902381467,-0.972403272916503,1.11));
#7357=CARTESIAN_POINT('Ctrl Pts',(1.25313902381467,-0.972403272916503,1.11));
#7358=CARTESIAN_POINT('Ctrl Pts',(1.22855612235889,-0.967796925022532,1.11));
#7359=CARTESIAN_POINT('Ctrl Pts',(1.17432828640437,-0.962569728694984,1.11));
#7360=CARTESIAN_POINT('Ctrl Pts',(1.14900011105676,-0.857965950724695,1.11));
#7361=CARTESIAN_POINT('Ctrl Pts',(1.24545489353945,-0.846500052456733,1.11));
#7362=CARTESIAN_POINT('Ctrl Pts',(1.27222509577302,-0.842048688124406,1.11));
#7363=CARTESIAN_POINT('',(1.25313902381467,-0.972403272916503,1.1));
#7364=CARTESIAN_POINT('Origin',(1.25313902381467,-1.05462693407879,1.1));
#7365=CARTESIAN_POINT('',(1.25313902381467,-1.05462693407879,1.1));
#7366=CARTESIAN_POINT('',(1.25313902381467,-1.05462693407879,1.11));
#7367=CARTESIAN_POINT('Origin',(1.30964446614925,-0.911509424710288,1.11));
#7368=CARTESIAN_POINT('Origin',(1.30964446614925,-0.911509424710288,1.1));
#7369=CARTESIAN_POINT('Ctrl Pts',(1.26825879515395,-1.20649175037218,1.1));
#7370=CARTESIAN_POINT('Ctrl Pts',(1.26825879515395,-1.20649175037218,1.11));
#7371=CARTESIAN_POINT('Ctrl Pts',(1.2414321633216,-1.21233291655416,1.1));
#7372=CARTESIAN_POINT('Ctrl Pts',(1.2414321633216,-1.21233291655416,1.11));
#7373=CARTESIAN_POINT('Ctrl Pts',(1.1682393388829,-1.2232422477859,1.1));
#7374=CARTESIAN_POINT('Ctrl Pts',(1.1682393388829,-1.2232422477859,1.11));
#7375=CARTESIAN_POINT('Ctrl Pts',(1.17048320876714,-1.3298570685108,1.1));
#7376=CARTESIAN_POINT('Ctrl Pts',(1.17048320876714,-1.3298570685108,1.11));
#7377=CARTESIAN_POINT('Ctrl Pts',(1.23851655434692,-1.34408020743662,1.1));
#7378=CARTESIAN_POINT('Ctrl Pts',(1.23851655434692,-1.34408020743662,1.11));
#7379=CARTESIAN_POINT('Ctrl Pts',(1.26825879513292,-1.34662065479981,1.1));
#7380=CARTESIAN_POINT('Ctrl Pts',(1.26825879513292,-1.34662065479981,1.11));
#7381=CARTESIAN_POINT('',(1.26825879515395,-1.20649175037218,1.1));
#7382=CARTESIAN_POINT('',(1.26825879515395,-1.34662065482044,1.1));
#7383=CARTESIAN_POINT('Ctrl Pts',(1.26825879515395,-1.20649175037218,1.1));
#7384=CARTESIAN_POINT('Ctrl Pts',(1.2414321633216,-1.21233291655416,1.1));
#7385=CARTESIAN_POINT('Ctrl Pts',(1.1682393388829,-1.2232422477859,1.1));
#7386=CARTESIAN_POINT('Ctrl Pts',(1.17048320876714,-1.3298570685108,1.1));
#7387=CARTESIAN_POINT('Ctrl Pts',(1.23851655434692,-1.34408020743662,1.1));
#7388=CARTESIAN_POINT('Ctrl Pts',(1.26825879513292,-1.34662065479981,1.1));
#7389=CARTESIAN_POINT('',(1.26825879515395,-1.20649175037218,1.11));
#7390=CARTESIAN_POINT('',(1.26825879515395,-1.20649175037218,1.1));
#7391=CARTESIAN_POINT('',(1.26825879515395,-1.34662065482044,1.11));
#7392=CARTESIAN_POINT('Ctrl Pts',(1.26825879513292,-1.34662065479981,1.11));
#7393=CARTESIAN_POINT('Ctrl Pts',(1.23851655434692,-1.34408020743662,1.11));
#7394=CARTESIAN_POINT('Ctrl Pts',(1.17048320876714,-1.3298570685108,1.11));
#7395=CARTESIAN_POINT('Ctrl Pts',(1.1682393388829,-1.2232422477859,1.11));
#7396=CARTESIAN_POINT('Ctrl Pts',(1.2414321633216,-1.21233291655416,1.11));
#7397=CARTESIAN_POINT('Ctrl Pts',(1.26825879515395,-1.20649175037218,1.11));
#7398=CARTESIAN_POINT('',(1.26825879515395,-1.34662065482044,1.1));
#7399=CARTESIAN_POINT('Origin',(1.39798968844404,-1.20649175034356,1.1));
#7400=CARTESIAN_POINT('',(1.39798968844404,-1.20649175034356,1.1));
#7401=CARTESIAN_POINT('',(1.36566732879525,-1.20649175036495,1.1));
#7402=CARTESIAN_POINT('',(1.39798968844404,-1.20649175034356,1.11));
#7403=CARTESIAN_POINT('',(1.39798968844404,-1.20649175034356,1.1));
#7404=CARTESIAN_POINT('',(1.36566732879525,-1.20649175036495,1.11));
#7405=CARTESIAN_POINT('Ctrl Pts',(1.39798968847197,-1.34662065482044,1.1));
#7406=CARTESIAN_POINT('Ctrl Pts',(1.39798968847197,-1.34662065482044,1.11));
#7407=CARTESIAN_POINT('Ctrl Pts',(1.42304474227078,-1.34591882507743,1.1));
#7408=CARTESIAN_POINT('Ctrl Pts',(1.42304474227078,-1.34591882507743,1.11));
#7409=CARTESIAN_POINT('Ctrl Pts',(1.51077439250805,-1.32522372036825,1.1));
#7410=CARTESIAN_POINT('Ctrl Pts',(1.51077439250805,-1.32522372036825,1.11));
#7411=CARTESIAN_POINT('Ctrl Pts',(1.48866509062783,-1.2211941358938,1.1));
#7412=CARTESIAN_POINT('Ctrl Pts',(1.48866509062783,-1.2211941358938,1.11));
#7413=CARTESIAN_POINT('Ctrl Pts',(1.42726661924355,-1.21185276419611,1.1));
#7414=CARTESIAN_POINT('Ctrl Pts',(1.42726661924355,-1.21185276419611,1.11));
#7415=CARTESIAN_POINT('Ctrl Pts',(1.39798968844404,-1.20649175034356,1.1));
#7416=CARTESIAN_POINT('Ctrl Pts',(1.39798968844404,-1.20649175034356,1.11));
#7417=CARTESIAN_POINT('',(1.39798968847197,-1.34662065482044,1.1));
#7418=CARTESIAN_POINT('Ctrl Pts',(1.39798968847197,-1.34662065482044,1.1));
#7419=CARTESIAN_POINT('Ctrl Pts',(1.42304474227078,-1.34591882507743,1.1));
#7420=CARTESIAN_POINT('Ctrl Pts',(1.51077439250805,-1.32522372036825,1.1));
#7421=CARTESIAN_POINT('Ctrl Pts',(1.48866509062783,-1.2211941358938,1.1));
#7422=CARTESIAN_POINT('Ctrl Pts',(1.42726661924355,-1.21185276419611,1.1));
#7423=CARTESIAN_POINT('Ctrl Pts',(1.39798968844404,-1.20649175034356,1.1));
#7424=CARTESIAN_POINT('',(1.39798968847197,-1.34662065482044,1.11));
#7425=CARTESIAN_POINT('',(1.39798968847197,-1.34662065482044,1.1));
#7426=CARTESIAN_POINT('Ctrl Pts',(1.39798968844404,-1.20649175034356,1.11));
#7427=CARTESIAN_POINT('Ctrl Pts',(1.42726661924355,-1.21185276419611,1.11));
#7428=CARTESIAN_POINT('Ctrl Pts',(1.48866509062783,-1.2211941358938,1.11));
#7429=CARTESIAN_POINT('Ctrl Pts',(1.51077439250805,-1.32522372036825,1.11));
#7430=CARTESIAN_POINT('Ctrl Pts',(1.42304474227078,-1.34591882507743,1.11));
#7431=CARTESIAN_POINT('Ctrl Pts',(1.39798968847197,-1.34662065482044,1.11));
#7432=CARTESIAN_POINT('Origin',(1.26825879515395,-1.34662065482044,1.1));
#7433=CARTESIAN_POINT('',(1.30080188217327,-1.34662065482044,1.1));
#7434=CARTESIAN_POINT('',(1.30080188217327,-1.34662065482044,1.11));
#7435=CARTESIAN_POINT('Ctrl Pts',(1.28377141157914,-1.12188561932563,1.1));
#7436=CARTESIAN_POINT('Ctrl Pts',(1.28377141157914,-1.12188561932563,1.11));
#7437=CARTESIAN_POINT('Ctrl Pts',(1.23760690085957,-1.13109617210259,1.1));
#7438=CARTESIAN_POINT('Ctrl Pts',(1.23760690085957,-1.13109617210259,1.11));
#7439=CARTESIAN_POINT('Ctrl Pts',(1.15312662899854,-1.13998959971187,1.1));
#7440=CARTESIAN_POINT('Ctrl Pts',(1.15312662899854,-1.13998959971187,1.11));
#7441=CARTESIAN_POINT('Ctrl Pts',(1.08873055583255,-1.23708435644124,1.1));
#7442=CARTESIAN_POINT('Ctrl Pts',(1.08873055583255,-1.23708435644124,1.11));
#7443=CARTESIAN_POINT('Ctrl Pts',(1.08779221348988,-1.39125905605686,1.1));
#7444=CARTESIAN_POINT('Ctrl Pts',(1.08779221348988,-1.39125905605686,1.11));
#7445=CARTESIAN_POINT('Ctrl Pts',(1.23457290026018,-1.42732574308153,1.1));
#7446=CARTESIAN_POINT('Ctrl Pts',(1.23457290026018,-1.42732574308153,1.11));
#7447=CARTESIAN_POINT('Ctrl Pts',(1.29381838965959,-1.43228436242966,1.1));
#7448=CARTESIAN_POINT('Ctrl Pts',(1.29381838965959,-1.43228436242966,1.11));
#7449=CARTESIAN_POINT('',(1.28377141157914,-1.12188561932563,1.1));
#7450=CARTESIAN_POINT('',(1.29381838964844,-1.43228436243,1.1));
#7451=CARTESIAN_POINT('Ctrl Pts',(1.28377141157914,-1.12188561932563,1.1));
#7452=CARTESIAN_POINT('Ctrl Pts',(1.23760690085957,-1.13109617210259,1.1));
#7453=CARTESIAN_POINT('Ctrl Pts',(1.15312662899854,-1.13998959971187,1.1));
#7454=CARTESIAN_POINT('Ctrl Pts',(1.08873055583255,-1.23708435644124,1.1));
#7455=CARTESIAN_POINT('Ctrl Pts',(1.08779221348988,-1.39125905605686,1.1));
#7456=CARTESIAN_POINT('Ctrl Pts',(1.23457290026018,-1.42732574308153,1.1));
#7457=CARTESIAN_POINT('Ctrl Pts',(1.29381838965959,-1.43228436242966,1.1));
#7458=CARTESIAN_POINT('',(1.29381838964844,-1.43228436243,1.11));
#7459=CARTESIAN_POINT('',(1.29381838964844,-1.43228436243,1.1));
#7460=CARTESIAN_POINT('',(1.28377141157914,-1.12188561932563,1.11));
#7461=CARTESIAN_POINT('Ctrl Pts',(1.28377141157914,-1.12188561932563,1.11));
#7462=CARTESIAN_POINT('Ctrl Pts',(1.23760690085957,-1.13109617210259,1.11));
#7463=CARTESIAN_POINT('Ctrl Pts',(1.15312662899854,-1.13998959971187,1.11));
#7464=CARTESIAN_POINT('Ctrl Pts',(1.08873055583255,-1.23708435644124,1.11));
#7465=CARTESIAN_POINT('Ctrl Pts',(1.08779221348988,-1.39125905605686,1.11));
#7466=CARTESIAN_POINT('Ctrl Pts',(1.23457290026018,-1.42732574308153,1.11));
#7467=CARTESIAN_POINT('Ctrl Pts',(1.29381838965959,-1.43228436242966,1.11));
#7468=CARTESIAN_POINT('',(1.28377141157914,-1.12188561932563,1.1));
#7469=CARTESIAN_POINT('Origin',(1.40274878331237,-1.12188561935111,1.1));
#7470=CARTESIAN_POINT('',(1.40274878331237,-1.12188561935111,1.1));
#7471=CARTESIAN_POINT('',(1.40274878331237,-1.12188561935111,1.1));
#7472=CARTESIAN_POINT('',(1.40274878331237,-1.12188561935111,1.11));
#7473=CARTESIAN_POINT('',(1.40274878331237,-1.12188561935111,1.11));
#7474=CARTESIAN_POINT('',(1.40274878331237,-1.12188561935111,1.1));
#7475=CARTESIAN_POINT('Ctrl Pts',(1.39080852064909,-1.43228436243,1.1));
#7476=CARTESIAN_POINT('Ctrl Pts',(1.39080852064909,-1.43228436243,1.11));
#7477=CARTESIAN_POINT('Ctrl Pts',(1.44030562884947,-1.42398614308215,1.1));
#7478=CARTESIAN_POINT('Ctrl Pts',(1.44030562884947,-1.42398614308215,1.11));
#7479=CARTESIAN_POINT('Ctrl Pts',(1.50936602241261,-1.40247953709147,1.1));
#7480=CARTESIAN_POINT('Ctrl Pts',(1.50936602241261,-1.40247953709147,1.11));
#7481=CARTESIAN_POINT('Ctrl Pts',(1.57476064462263,-1.32924724164304,1.1));
#7482=CARTESIAN_POINT('Ctrl Pts',(1.57476064462263,-1.32924724164304,1.11));
#7483=CARTESIAN_POINT('Ctrl Pts',(1.57656287788674,-1.25858690176211,1.1));
#7484=CARTESIAN_POINT('Ctrl Pts',(1.57656287788674,-1.25858690176211,1.11));
#7485=CARTESIAN_POINT('Ctrl Pts',(1.54424525406804,-1.15633490858893,1.1));
#7486=CARTESIAN_POINT('Ctrl Pts',(1.54424525406804,-1.15633490858893,1.11));
#7487=CARTESIAN_POINT('Ctrl Pts',(1.44984798947193,-1.13215611648602,1.1));
#7488=CARTESIAN_POINT('Ctrl Pts',(1.44984798947193,-1.13215611648602,1.11));
#7489=CARTESIAN_POINT('Ctrl Pts',(1.40274878331237,-1.12188561935111,1.1));
#7490=CARTESIAN_POINT('Ctrl Pts',(1.40274878331237,-1.12188561935111,1.11));
#7491=CARTESIAN_POINT('',(1.39080852064909,-1.43228436243,1.1));
#7492=CARTESIAN_POINT('Ctrl Pts',(1.39080852064909,-1.43228436243,1.1));
#7493=CARTESIAN_POINT('Ctrl Pts',(1.44030562884947,-1.42398614308215,1.1));
#7494=CARTESIAN_POINT('Ctrl Pts',(1.50936602241261,-1.40247953709147,1.1));
#7495=CARTESIAN_POINT('Ctrl Pts',(1.57476064462263,-1.32924724164304,1.1));
#7496=CARTESIAN_POINT('Ctrl Pts',(1.57656287788674,-1.25858690176211,1.1));
#7497=CARTESIAN_POINT('Ctrl Pts',(1.54424525406804,-1.15633490858893,1.1));
#7498=CARTESIAN_POINT('Ctrl Pts',(1.44984798947193,-1.13215611648602,1.1));
#7499=CARTESIAN_POINT('Ctrl Pts',(1.40274878331237,-1.12188561935111,1.1));
#7500=CARTESIAN_POINT('',(1.39080852064909,-1.43228436243,1.11));
#7501=CARTESIAN_POINT('Ctrl Pts',(1.39080852064909,-1.43228436243,1.11));
#7502=CARTESIAN_POINT('Ctrl Pts',(1.44030562884947,-1.42398614308215,1.11));
#7503=CARTESIAN_POINT('Ctrl Pts',(1.50936602241261,-1.40247953709147,1.11));
#7504=CARTESIAN_POINT('Ctrl Pts',(1.57476064462263,-1.32924724164304,1.11));
#7505=CARTESIAN_POINT('Ctrl Pts',(1.57656287788674,-1.25858690176211,1.11));
#7506=CARTESIAN_POINT('Ctrl Pts',(1.54424525406804,-1.15633490858893,1.11));
#7507=CARTESIAN_POINT('Ctrl Pts',(1.44984798947193,-1.13215611648602,1.11));
#7508=CARTESIAN_POINT('Ctrl Pts',(1.40274878331237,-1.12188561935111,1.11));
#7509=CARTESIAN_POINT('',(1.39080852064909,-1.43228436243,1.1));
#7510=CARTESIAN_POINT('Origin',(1.29381838964844,-1.43228436243,1.1));
#7511=CARTESIAN_POINT('',(1.29381838964844,-1.43228436243,1.1));
#7512=CARTESIAN_POINT('',(1.29381838964844,-1.43228436243,1.11));
#7513=CARTESIAN_POINT('Origin',(1.3333449691926,-1.27623412476361,1.11));
#7514=CARTESIAN_POINT('Origin',(1.3333449691926,-1.27623412476361,1.1));
#7515=CARTESIAN_POINT('Ctrl Pts',(1.5061448940531,-0.684970797611602,1.1));
#7516=CARTESIAN_POINT('Ctrl Pts',(1.5061448940531,-0.684970797611602,1.11));
#7517=CARTESIAN_POINT('Ctrl Pts',(1.53605735035693,-0.671145611079763,1.1));
#7518=CARTESIAN_POINT('Ctrl Pts',(1.53605735035693,-0.671145611079763,1.11));
#7519=CARTESIAN_POINT('Ctrl Pts',(1.56975169562006,-0.62507937300181,1.1));
#7520=CARTESIAN_POINT('Ctrl Pts',(1.56975169562006,-0.62507937300181,1.11));
#7521=CARTESIAN_POINT('Ctrl Pts',(1.57028927638613,-0.543457118144715,1.1));
#7522=CARTESIAN_POINT('Ctrl Pts',(1.57028927638613,-0.543457118144715,1.11));
#7523=CARTESIAN_POINT('Ctrl Pts',(1.54294776759181,-0.503885393449312,1.1));
#7524=CARTESIAN_POINT('Ctrl Pts',(1.54294776759181,-0.503885393449312,1.11));
#7525=CARTESIAN_POINT('Ctrl Pts',(1.52597617792655,-0.484871251295982,1.1));
#7526=CARTESIAN_POINT('Ctrl Pts',(1.52597617792655,-0.484871251295982,1.11));
#7527=CARTESIAN_POINT('',(1.5061448940531,-0.684970797611602,1.1));
#7528=CARTESIAN_POINT('',(1.52597617794157,-0.484871251319334,1.1));
#7529=CARTESIAN_POINT('Ctrl Pts',(1.5061448940531,-0.684970797611602,1.1));
#7530=CARTESIAN_POINT('Ctrl Pts',(1.53605735035693,-0.671145611079763,1.1));
#7531=CARTESIAN_POINT('Ctrl Pts',(1.56975169562006,-0.62507937300181,1.1));
#7532=CARTESIAN_POINT('Ctrl Pts',(1.57028927638613,-0.543457118144715,1.1));
#7533=CARTESIAN_POINT('Ctrl Pts',(1.54294776759181,-0.503885393449312,1.1));
#7534=CARTESIAN_POINT('Ctrl Pts',(1.52597617792655,-0.484871251295982,1.1));
#7535=CARTESIAN_POINT('',(1.52597617794157,-0.484871251319334,1.11));
#7536=CARTESIAN_POINT('',(1.52597617794157,-0.484871251319334,1.1));
#7537=CARTESIAN_POINT('',(1.5061448940531,-0.684970797611602,1.11));
#7538=CARTESIAN_POINT('Ctrl Pts',(1.5061448940531,-0.684970797611602,1.11));
#7539=CARTESIAN_POINT('Ctrl Pts',(1.53605735035693,-0.671145611079763,1.11));
#7540=CARTESIAN_POINT('Ctrl Pts',(1.56975169562006,-0.62507937300181,1.11));
#7541=CARTESIAN_POINT('Ctrl Pts',(1.57028927638613,-0.543457118144715,1.11));
#7542=CARTESIAN_POINT('Ctrl Pts',(1.54294776759181,-0.503885393449312,1.11));
#7543=CARTESIAN_POINT('Ctrl Pts',(1.52597617792655,-0.484871251295982,1.11));
#7544=CARTESIAN_POINT('',(1.5061448940531,-0.684970797611602,1.1));
#7545=CARTESIAN_POINT('Origin',(1.10318628669905,-0.684970797611602,1.1));
#7546=CARTESIAN_POINT('',(1.10318628669905,-0.684970797611602,1.1));
#7547=CARTESIAN_POINT('',(1.10318628669905,-0.684970797611602,1.1));
#7548=CARTESIAN_POINT('',(1.10318628669905,-0.684970797611602,1.11));
#7549=CARTESIAN_POINT('',(1.10318628669905,-0.684970797611602,1.11));
#7550=CARTESIAN_POINT('',(1.10318628669905,-0.684970797611602,1.1));
#7551=CARTESIAN_POINT('Origin',(1.10318628669904,-0.600231968150773,1.1));
#7552=CARTESIAN_POINT('',(1.10318628669904,-0.600231968150773,1.1));
#7553=CARTESIAN_POINT('',(1.10318628669904,-0.600231968150773,1.1));
#7554=CARTESIAN_POINT('',(1.10318628669904,-0.600231968150773,1.11));
#7555=CARTESIAN_POINT('',(1.10318628669904,-0.600231968150773,1.11));
#7556=CARTESIAN_POINT('',(1.10318628669904,-0.600231968150773,1.1));
#7557=CARTESIAN_POINT('Origin',(1.454333552264,-0.600231968162616,1.1));
#7558=CARTESIAN_POINT('',(1.454333552264,-0.600231968162616,1.1));
#7559=CARTESIAN_POINT('',(1.454333552264,-0.600231968162616,1.1));
#7560=CARTESIAN_POINT('',(1.454333552264,-0.600231968162616,1.11));
#7561=CARTESIAN_POINT('',(1.454333552264,-0.600231968162616,1.11));
#7562=CARTESIAN_POINT('',(1.454333552264,-0.600231968162616,1.1));
#7563=CARTESIAN_POINT('Ctrl Pts',(1.45272597562171,-0.487719324057863,1.1));
#7564=CARTESIAN_POINT('Ctrl Pts',(1.45272597562171,-0.487719324057863,1.11));
#7565=CARTESIAN_POINT('Ctrl Pts',(1.45707758329539,-0.488829734858749,1.1));
#7566=CARTESIAN_POINT('Ctrl Pts',(1.45707758329539,-0.488829734858749,1.11));
#7567=CARTESIAN_POINT('Ctrl Pts',(1.47111765495187,-0.488808653696187,1.1));
#7568=CARTESIAN_POINT('Ctrl Pts',(1.47111765495187,-0.488808653696187,1.11));
#7569=CARTESIAN_POINT('Ctrl Pts',(1.50366544866867,-0.535266712536552,1.1));
#7570=CARTESIAN_POINT('Ctrl Pts',(1.50366544866867,-0.535266712536552,1.11));
#7571=CARTESIAN_POINT('Ctrl Pts',(1.4905576991415,-0.584234326092471,1.1));
#7572=CARTESIAN_POINT('Ctrl Pts',(1.4905576991415,-0.584234326092471,1.11));
#7573=CARTESIAN_POINT('Ctrl Pts',(1.454333552264,-0.600231968162616,1.1));
#7574=CARTESIAN_POINT('Ctrl Pts',(1.454333552264,-0.600231968162616,1.11));
#7575=CARTESIAN_POINT('',(1.45272597562171,-0.487719324057863,1.1));
#7576=CARTESIAN_POINT('Ctrl Pts',(1.45272597562171,-0.487719324057863,1.1));
#7577=CARTESIAN_POINT('Ctrl Pts',(1.45707758329539,-0.488829734858749,1.1));
#7578=CARTESIAN_POINT('Ctrl Pts',(1.47111765495187,-0.488808653696187,1.1));
#7579=CARTESIAN_POINT('Ctrl Pts',(1.50366544866867,-0.535266712536552,1.1));
#7580=CARTESIAN_POINT('Ctrl Pts',(1.4905576991415,-0.584234326092471,1.1));
#7581=CARTESIAN_POINT('Ctrl Pts',(1.454333552264,-0.600231968162616,1.1));
#7582=CARTESIAN_POINT('',(1.45272597562171,-0.487719324057863,1.11));
#7583=CARTESIAN_POINT('Ctrl Pts',(1.45272597562171,-0.487719324057863,1.11));
#7584=CARTESIAN_POINT('Ctrl Pts',(1.45707758329539,-0.488829734858749,1.11));
#7585=CARTESIAN_POINT('Ctrl Pts',(1.47111765495187,-0.488808653696187,1.11));
#7586=CARTESIAN_POINT('Ctrl Pts',(1.50366544866867,-0.535266712536552,1.11));
#7587=CARTESIAN_POINT('Ctrl Pts',(1.4905576991415,-0.584234326092471,1.11));
#7588=CARTESIAN_POINT('Ctrl Pts',(1.454333552264,-0.600231968162616,1.11));
#7589=CARTESIAN_POINT('',(1.45272597562171,-0.487719324057863,1.1));
#7590=CARTESIAN_POINT('Origin',(1.10318628669905,-0.487719324057864,1.1));
#7591=CARTESIAN_POINT('',(1.10318628669905,-0.487719324057864,1.1));
#7592=CARTESIAN_POINT('',(1.10318628669905,-0.487719324057864,1.1));
#7593=CARTESIAN_POINT('',(1.10318628669905,-0.487719324057864,1.11));
#7594=CARTESIAN_POINT('',(1.10318628669905,-0.487719324057864,1.11));
#7595=CARTESIAN_POINT('',(1.10318628669905,-0.487719324057864,1.1));
#7596=CARTESIAN_POINT('Origin',(1.10318628669904,-0.400845344091791,1.1));
#7597=CARTESIAN_POINT('',(1.10318628669904,-0.400845344091791,1.1));
#7598=CARTESIAN_POINT('',(1.10318628669904,-0.400845344091791,1.1));
#7599=CARTESIAN_POINT('',(1.10318628669904,-0.400845344091791,1.11));
#7600=CARTESIAN_POINT('',(1.10318628669904,-0.400845344091791,1.11));
#7601=CARTESIAN_POINT('',(1.10318628669904,-0.400845344091791,1.1));
#7602=CARTESIAN_POINT('Origin',(1.56502328464281,-0.400845344091791,1.1));
#7603=CARTESIAN_POINT('',(1.56502328464281,-0.400845344091791,1.1));
#7604=CARTESIAN_POINT('',(1.56502328464281,-0.400845344091791,1.1));
#7605=CARTESIAN_POINT('',(1.56502328464281,-0.400845344091791,1.11));
#7606=CARTESIAN_POINT('',(1.56502328464281,-0.400845344091791,1.11));
#7607=CARTESIAN_POINT('',(1.56502328464281,-0.400845344091791,1.1));
#7608=CARTESIAN_POINT('Origin',(1.56502328464281,-0.484871251319334,1.1));
#7609=CARTESIAN_POINT('',(1.56502328464281,-0.484871251319334,1.1));
#7610=CARTESIAN_POINT('',(1.56502328464281,-0.484871251319334,1.1));
#7611=CARTESIAN_POINT('',(1.56502328464281,-0.484871251319334,1.11));
#7612=CARTESIAN_POINT('',(1.56502328464281,-0.484871251319334,1.11));
#7613=CARTESIAN_POINT('',(1.56502328464281,-0.484871251319334,1.1));
#7614=CARTESIAN_POINT('Origin',(1.52597617794157,-0.484871251319334,1.1));
#7615=CARTESIAN_POINT('',(1.52597617794157,-0.484871251319334,1.1));
#7616=CARTESIAN_POINT('',(1.52597617794157,-0.484871251319334,1.11));
#7617=CARTESIAN_POINT('Origin',(1.33835700326984,-0.539575003573277,1.11));
#7618=CARTESIAN_POINT('Origin',(1.33835700326984,-0.539575003573277,1.1));
#7619=CARTESIAN_POINT('Ctrl Pts',(1.5061448940531,-1.78496120216159,1.1));
#7620=CARTESIAN_POINT('Ctrl Pts',(1.5061448940531,-1.78496120216159,1.11));
#7621=CARTESIAN_POINT('Ctrl Pts',(1.53828020665249,-1.77601638460247,1.1));
#7622=CARTESIAN_POINT('Ctrl Pts',(1.53828020665249,-1.77601638460247,1.11));
#7623=CARTESIAN_POINT('Ctrl Pts',(1.56943394290904,-1.72837777039878,1.1));
#7624=CARTESIAN_POINT('Ctrl Pts',(1.56943394290904,-1.72837777039878,1.11));
#7625=CARTESIAN_POINT('Ctrl Pts',(1.57039397737631,-1.64830010696747,1.1));
#7626=CARTESIAN_POINT('Ctrl Pts',(1.57039397737631,-1.64830010696747,1.11));
#7627=CARTESIAN_POINT('Ctrl Pts',(1.5429270198866,-1.60853871338338,1.1));
#7628=CARTESIAN_POINT('Ctrl Pts',(1.5429270198866,-1.60853871338338,1.11));
#7629=CARTESIAN_POINT('Ctrl Pts',(1.52597617792655,-1.58955594018273,1.1));
#7630=CARTESIAN_POINT('Ctrl Pts',(1.52597617792655,-1.58955594018273,1.11));
#7631=CARTESIAN_POINT('',(1.5061448940531,-1.78496120216159,1.1));
#7632=CARTESIAN_POINT('',(1.52597617794157,-1.58955594022258,1.1));
#7633=CARTESIAN_POINT('Ctrl Pts',(1.5061448940531,-1.78496120216159,1.1));
#7634=CARTESIAN_POINT('Ctrl Pts',(1.53828020665249,-1.77601638460247,1.1));
#7635=CARTESIAN_POINT('Ctrl Pts',(1.56943394290904,-1.72837777039878,1.1));
#7636=CARTESIAN_POINT('Ctrl Pts',(1.57039397737631,-1.64830010696747,1.1));
#7637=CARTESIAN_POINT('Ctrl Pts',(1.5429270198866,-1.60853871338338,1.1));
#7638=CARTESIAN_POINT('Ctrl Pts',(1.52597617792655,-1.58955594018273,1.1));
#7639=CARTESIAN_POINT('',(1.52597617794157,-1.58955594022258,1.11));
#7640=CARTESIAN_POINT('',(1.52597617794157,-1.58955594022258,1.1));
#7641=CARTESIAN_POINT('',(1.5061448940531,-1.78496120216159,1.11));
#7642=CARTESIAN_POINT('Ctrl Pts',(1.5061448940531,-1.78496120216159,1.11));
#7643=CARTESIAN_POINT('Ctrl Pts',(1.53828020665249,-1.77601638460247,1.11));
#7644=CARTESIAN_POINT('Ctrl Pts',(1.56943394290904,-1.72837777039878,1.11));
#7645=CARTESIAN_POINT('Ctrl Pts',(1.57039397737631,-1.64830010696747,1.11));
#7646=CARTESIAN_POINT('Ctrl Pts',(1.5429270198866,-1.60853871338338,1.11));
#7647=CARTESIAN_POINT('Ctrl Pts',(1.52597617792655,-1.58955594018273,1.11));
#7648=CARTESIAN_POINT('',(1.5061448940531,-1.78496120216159,1.1));
#7649=CARTESIAN_POINT('Origin',(1.10318628669905,-1.78496120216159,1.1));
#7650=CARTESIAN_POINT('',(1.10318628669905,-1.78496120216159,1.1));
#7651=CARTESIAN_POINT('',(1.10318628669905,-1.78496120216159,1.1));
#7652=CARTESIAN_POINT('',(1.10318628669905,-1.78496120216159,1.11));
#7653=CARTESIAN_POINT('',(1.10318628669905,-1.78496120216159,1.11));
#7654=CARTESIAN_POINT('',(1.10318628669905,-1.78496120216159,1.1));
#7655=CARTESIAN_POINT('Origin',(1.10318628669904,-1.7014480830539,1.1));
#7656=CARTESIAN_POINT('',(1.10318628669904,-1.7014480830539,1.1));
#7657=CARTESIAN_POINT('',(1.10318628669904,-1.7014480830539,1.1));
#7658=CARTESIAN_POINT('',(1.10318628669904,-1.7014480830539,1.11));
#7659=CARTESIAN_POINT('',(1.10318628669904,-1.7014480830539,1.11));
#7660=CARTESIAN_POINT('',(1.10318628669904,-1.7014480830539,1.1));
#7661=CARTESIAN_POINT('Origin',(1.454333552264,-1.70144808303864,1.1));
#7662=CARTESIAN_POINT('',(1.454333552264,-1.70144808303864,1.1));
#7663=CARTESIAN_POINT('',(1.454333552264,-1.70144808303864,1.1));
#7664=CARTESIAN_POINT('',(1.454333552264,-1.70144808303864,1.11));
#7665=CARTESIAN_POINT('',(1.454333552264,-1.70144808303864,1.11));
#7666=CARTESIAN_POINT('',(1.454333552264,-1.70144808303864,1.1));
#7667=CARTESIAN_POINT('Ctrl Pts',(1.45272597562171,-1.58955594022258,1.1));
#7668=CARTESIAN_POINT('Ctrl Pts',(1.45272597562171,-1.58955594022258,1.11));
#7669=CARTESIAN_POINT('Ctrl Pts',(1.45707758329539,-1.59066635095368,1.1));
#7670=CARTESIAN_POINT('Ctrl Pts',(1.45707758329539,-1.59066635095368,1.11));
#7671=CARTESIAN_POINT('Ctrl Pts',(1.47111765495187,-1.59676758306631,1.1));
#7672=CARTESIAN_POINT('Ctrl Pts',(1.47111765495187,-1.59676758306631,1.11));
#7673=CARTESIAN_POINT('Ctrl Pts',(1.50366544866867,-1.63557267829566,1.1));
#7674=CARTESIAN_POINT('Ctrl Pts',(1.50366544866867,-1.63557267829566,1.11));
#7675=CARTESIAN_POINT('Ctrl Pts',(1.4905576991415,-1.69229847252258,1.1));
#7676=CARTESIAN_POINT('Ctrl Pts',(1.4905576991415,-1.69229847252258,1.11));
#7677=CARTESIAN_POINT('Ctrl Pts',(1.454333552264,-1.70144808303864,1.1));
#7678=CARTESIAN_POINT('Ctrl Pts',(1.454333552264,-1.70144808303864,1.11));
#7679=CARTESIAN_POINT('',(1.45272597562171,-1.58955594022258,1.1));
#7680=CARTESIAN_POINT('Ctrl Pts',(1.45272597562171,-1.58955594022258,1.1));
#7681=CARTESIAN_POINT('Ctrl Pts',(1.45707758329539,-1.59066635095368,1.1));
#7682=CARTESIAN_POINT('Ctrl Pts',(1.47111765495187,-1.59676758306631,1.1));
#7683=CARTESIAN_POINT('Ctrl Pts',(1.50366544866867,-1.63557267829566,1.1));
#7684=CARTESIAN_POINT('Ctrl Pts',(1.4905576991415,-1.69229847252258,1.1));
#7685=CARTESIAN_POINT('Ctrl Pts',(1.454333552264,-1.70144808303864,1.1));
#7686=CARTESIAN_POINT('',(1.45272597562171,-1.58955594022258,1.11));
#7687=CARTESIAN_POINT('Ctrl Pts',(1.45272597562171,-1.58955594022258,1.11));
#7688=CARTESIAN_POINT('Ctrl Pts',(1.45707758329539,-1.59066635095368,1.11));
#7689=CARTESIAN_POINT('Ctrl Pts',(1.47111765495187,-1.59676758306631,1.11));
#7690=CARTESIAN_POINT('Ctrl Pts',(1.50366544866867,-1.63557267829566,1.11));
#7691=CARTESIAN_POINT('Ctrl Pts',(1.4905576991415,-1.69229847252258,1.11));
#7692=CARTESIAN_POINT('Ctrl Pts',(1.454333552264,-1.70144808303864,1.11));
#7693=CARTESIAN_POINT('',(1.45272597562171,-1.58955594022258,1.1));
#7694=CARTESIAN_POINT('Origin',(1.10318628669905,-1.58955594022258,1.1));
#7695=CARTESIAN_POINT('',(1.10318628669905,-1.58955594022258,1.1));
#7696=CARTESIAN_POINT('',(1.10318628669905,-1.58955594022258,1.1));
#7697=CARTESIAN_POINT('',(1.10318628669905,-1.58955594022258,1.11));
#7698=CARTESIAN_POINT('',(1.10318628669905,-1.58955594022258,1.11));
#7699=CARTESIAN_POINT('',(1.10318628669905,-1.58955594022258,1.1));
#7700=CARTESIAN_POINT('Origin',(1.10318628669904,-1.50553003299504,1.1));
#7701=CARTESIAN_POINT('',(1.10318628669904,-1.50553003299504,1.1));
#7702=CARTESIAN_POINT('',(1.10318628669904,-1.50553003299504,1.1));
#7703=CARTESIAN_POINT('',(1.10318628669904,-1.50553003299504,1.11));
#7704=CARTESIAN_POINT('',(1.10318628669904,-1.50553003299504,1.11));
#7705=CARTESIAN_POINT('',(1.10318628669904,-1.50553003299504,1.1));
#7706=CARTESIAN_POINT('Origin',(1.56502328464281,-1.50553003299504,1.1));
#7707=CARTESIAN_POINT('',(1.56502328464281,-1.50553003299504,1.1));
#7708=CARTESIAN_POINT('',(1.56502328464281,-1.50553003299504,1.1));
#7709=CARTESIAN_POINT('',(1.56502328464281,-1.50553003299504,1.11));
#7710=CARTESIAN_POINT('',(1.56502328464281,-1.50553003299504,1.11));
#7711=CARTESIAN_POINT('',(1.56502328464281,-1.50553003299504,1.1));
#7712=CARTESIAN_POINT('Origin',(1.56502328464281,-1.58955594022258,1.1));
#7713=CARTESIAN_POINT('',(1.56502328464281,-1.58955594022258,1.1));
#7714=CARTESIAN_POINT('',(1.56502328464281,-1.58955594022258,1.1));
#7715=CARTESIAN_POINT('',(1.56502328464281,-1.58955594022258,1.11));
#7716=CARTESIAN_POINT('',(1.56502328464281,-1.58955594022258,1.11));
#7717=CARTESIAN_POINT('',(1.56502328464281,-1.58955594022258,1.1));
#7718=CARTESIAN_POINT('Origin',(1.52597617794157,-1.58955594022258,1.1));
#7719=CARTESIAN_POINT('',(1.52597617794157,-1.58955594022258,1.1));
#7720=CARTESIAN_POINT('',(1.52597617794157,-1.58955594022258,1.11));
#7721=CARTESIAN_POINT('Origin',(1.33851659409387,-1.64203443056874,1.11));
#7722=CARTESIAN_POINT('Origin',(1.33851659409387,-1.64203443056874,1.1));
#7723=CARTESIAN_POINT('Origin',(-2.30499999996741,0.84499999999865,-2.77555756156289E-17));
#7724=CARTESIAN_POINT('',(-2.79000115650211,0.84499999999863,-2.77555756156289E-17));
#7725=CARTESIAN_POINT('',(-2.30499999996741,0.84499999999865,-2.77555756156289E-17));
#7726=CARTESIAN_POINT('',(-2.79000115650211,0.844999999998626,-2.77555756156289E-17));
#7727=CARTESIAN_POINT('',(-2.79000115650211,0.84499999999863,0.25));
#7728=CARTESIAN_POINT('',(-2.79000115650211,0.84499999999863,-2.77555756156289E-17));
#7729=CARTESIAN_POINT('',(-2.30499999996741,0.84499999999865,0.25));
#7730=CARTESIAN_POINT('',(-2.79000115650211,0.844999999998626,0.25));
#7731=CARTESIAN_POINT('',(-2.30499999996741,0.84499999999865,-2.77555756156289E-17));
#7732=CARTESIAN_POINT('Origin',(-2.30499999996738,0.42500000000085,-2.77555756156289E-17));
#7733=CARTESIAN_POINT('',(-2.30499999996738,0.42500000000085,-2.77555756156289E-17));
#7734=CARTESIAN_POINT('',(-2.30499999996741,0.84499999999865,-2.77555756156289E-17));
#7735=CARTESIAN_POINT('',(-2.30499999996738,0.42500000000085,0.25));
#7736=CARTESIAN_POINT('',(-2.30499999996741,0.84499999999865,0.25));
#7737=CARTESIAN_POINT('',(-2.30499999996738,0.42500000000085,-2.77555756156289E-17));
#7738=CARTESIAN_POINT('Origin',(-2.79000000026821,0.425000000000873,-2.77555756156289E-17));
#7739=CARTESIAN_POINT('',(-2.79000000026821,0.425000000000873,-2.77555756156289E-17));
#7740=CARTESIAN_POINT('',(-2.30499999996738,0.42500000000085,-2.77555756156289E-17));
#7741=CARTESIAN_POINT('',(-2.79000000026821,0.425000000000873,0.25));
#7742=CARTESIAN_POINT('',(-2.30499999996738,0.42500000000085,0.25));
#7743=CARTESIAN_POINT('',(-2.79000000026821,0.425000000000873,-2.77555756156289E-17));
#7744=CARTESIAN_POINT('Origin',(-2.79000000026821,0.27500000000088,-2.77555756156289E-17));
#7745=CARTESIAN_POINT('',(-2.9199038108359,0.350000000000848,-2.77555756156289E-17));
#7746=CARTESIAN_POINT('Origin',(-2.79000000026821,0.27500000000088,-2.77555756156289E-17));
#7747=CARTESIAN_POINT('',(-2.9199038108359,0.350000000000848,0.25));
#7748=CARTESIAN_POINT('Origin',(-2.79000000026821,0.27500000000088,0.25));
#7749=CARTESIAN_POINT('',(-2.9199038108359,0.350000000000848,-2.77555756156289E-17));
#7750=CARTESIAN_POINT('Origin',(-3.22000000027208,0.350000000000848,-2.77555756156289E-17));
#7751=CARTESIAN_POINT('',(-3.22000000027208,0.350000000000848,-2.77555756156289E-17));
#7752=CARTESIAN_POINT('',(-2.91990381083589,0.350000000000847,-2.77555756156289E-17));
#7753=CARTESIAN_POINT('',(-3.22000000027208,0.350000000000848,0.25));
#7754=CARTESIAN_POINT('',(-2.91990381083589,0.350000000000847,0.25));
#7755=CARTESIAN_POINT('',(-3.22000000027208,0.350000000000848,-2.77555756156289E-17));
#7756=CARTESIAN_POINT('Origin',(-3.22000000027208,0.920000000000237,-2.77555756156289E-17));
#7757=CARTESIAN_POINT('',(-3.22000000027208,0.920000000000237,-2.77555756156289E-17));
#7758=CARTESIAN_POINT('',(-3.22000000027208,0.350000000000848,-2.77555756156289E-17));
#7759=CARTESIAN_POINT('',(-3.22000000027208,0.920000000000237,0.25));
#7760=CARTESIAN_POINT('',(-3.22000000027208,0.350000000000848,0.25));
#7761=CARTESIAN_POINT('',(-3.22000000027208,0.920000000000237,-2.77555756156289E-17));
#7762=CARTESIAN_POINT('Origin',(-2.91990496707071,0.920000000000244,-2.77555756156289E-17));
#7763=CARTESIAN_POINT('',(-2.91990496707071,0.920000000000244,-2.77555756156289E-17));
#7764=CARTESIAN_POINT('',(-3.22000000027208,0.920000000000237,-2.77555756156289E-17));
#7765=CARTESIAN_POINT('',(-2.91990496707071,0.920000000000244,0.25));
#7766=CARTESIAN_POINT('',(-3.22000000027208,0.920000000000237,0.25));
#7767=CARTESIAN_POINT('',(-2.91990496707071,0.920000000000244,-2.77555756156289E-17));
#7768=CARTESIAN_POINT('Origin',(-2.79000115650211,0.994999999998633,-2.77555756156289E-17));
#7769=CARTESIAN_POINT('Origin',(-2.79000115650211,0.994999999998633,-2.77555756156289E-17));
#7770=CARTESIAN_POINT('Origin',(-2.79000115650211,0.994999999998633,0.25));
#7771=CARTESIAN_POINT('Origin',(-2.7868077208082,0.634999968983181,-2.77555756156289E-17));
#7772=CARTESIAN_POINT('Origin',(-2.7868077208082,0.634999968983181,0.25));
#7773=CARTESIAN_POINT('Origin',(-2.30499999996741,-0.42500000000135,-2.77555756156289E-17));
#7774=CARTESIAN_POINT('',(-2.79000115650211,-0.42500000000137,-2.77555756156289E-17));
#7775=CARTESIAN_POINT('',(-2.30499999996741,-0.42500000000135,-2.77555756156289E-17));
#7776=CARTESIAN_POINT('',(-2.79000115650211,-0.425000000001374,-2.77555756156289E-17));
#7777=CARTESIAN_POINT('',(-2.79000115650211,-0.42500000000137,0.25));
#7778=CARTESIAN_POINT('',(-2.79000115650211,-0.42500000000137,-2.77555756156289E-17));
#7779=CARTESIAN_POINT('',(-2.30499999996741,-0.42500000000135,0.25));
#7780=CARTESIAN_POINT('',(-2.79000115650211,-0.425000000001374,0.25));
#7781=CARTESIAN_POINT('',(-2.30499999996741,-0.42500000000135,-2.77555756156289E-17));
#7782=CARTESIAN_POINT('Origin',(-2.30499999996738,-0.84499999999915,-2.77555756156289E-17));
#7783=CARTESIAN_POINT('',(-2.30499999996738,-0.84499999999915,-2.77555756156289E-17));
#7784=CARTESIAN_POINT('',(-2.30499999996741,-0.42500000000135,-2.77555756156289E-17));
#7785=CARTESIAN_POINT('',(-2.30499999996738,-0.84499999999915,0.25));
#7786=CARTESIAN_POINT('',(-2.30499999996741,-0.42500000000135,0.25));
#7787=CARTESIAN_POINT('',(-2.30499999996738,-0.84499999999915,-2.77555756156289E-17));
#7788=CARTESIAN_POINT('Origin',(-2.79000000026821,-0.844999999999127,-2.77555756156289E-17));
#7789=CARTESIAN_POINT('',(-2.79000000026821,-0.844999999999127,-2.77555756156289E-17));
#7790=CARTESIAN_POINT('',(-2.30499999996738,-0.84499999999915,-2.77555756156289E-17));
#7791=CARTESIAN_POINT('',(-2.79000000026821,-0.844999999999127,0.25));
#7792=CARTESIAN_POINT('',(-2.30499999996738,-0.84499999999915,0.25));
#7793=CARTESIAN_POINT('',(-2.79000000026821,-0.844999999999127,-2.77555756156289E-17));
#7794=CARTESIAN_POINT('Origin',(-2.79000000026821,-0.99499999999912,-2.77555756156289E-17));
#7795=CARTESIAN_POINT('',(-2.9199038108359,-0.919999999999152,-2.77555756156289E-17));
#7796=CARTESIAN_POINT('Origin',(-2.79000000026821,-0.99499999999912,-2.77555756156289E-17));
#7797=CARTESIAN_POINT('',(-2.9199038108359,-0.919999999999152,0.25));
#7798=CARTESIAN_POINT('Origin',(-2.79000000026821,-0.99499999999912,0.25));
#7799=CARTESIAN_POINT('',(-2.9199038108359,-0.919999999999152,-2.77555756156289E-17));
#7800=CARTESIAN_POINT('Origin',(-3.22000000027208,-0.919999999999152,-2.77555756156289E-17));
#7801=CARTESIAN_POINT('',(-3.22000000027208,-0.919999999999152,-2.77555756156289E-17));
#7802=CARTESIAN_POINT('',(-2.91990381083589,-0.919999999999153,-2.77555756156289E-17));
#7803=CARTESIAN_POINT('',(-3.22000000027208,-0.919999999999152,0.25));
#7804=CARTESIAN_POINT('',(-2.91990381083589,-0.919999999999153,0.25));
#7805=CARTESIAN_POINT('',(-3.22000000027208,-0.919999999999152,-2.77555756156289E-17));
#7806=CARTESIAN_POINT('Origin',(-3.22000000027208,-0.349999999999763,-2.77555756156289E-17));
#7807=CARTESIAN_POINT('',(-3.22000000027208,-0.349999999999763,-2.77555756156289E-17));
#7808=CARTESIAN_POINT('',(-3.22000000027208,-0.919999999999152,-2.77555756156289E-17));
#7809=CARTESIAN_POINT('',(-3.22000000027208,-0.349999999999763,0.25));
#7810=CARTESIAN_POINT('',(-3.22000000027208,-0.919999999999152,0.25));
#7811=CARTESIAN_POINT('',(-3.22000000027208,-0.349999999999763,-2.77555756156289E-17));
#7812=CARTESIAN_POINT('Origin',(-2.91990496707071,-0.349999999999756,-2.77555756156289E-17));
#7813=CARTESIAN_POINT('',(-2.91990496707071,-0.349999999999756,-2.77555756156289E-17));
#7814=CARTESIAN_POINT('',(-3.22000000027208,-0.349999999999763,-2.77555756156289E-17));
#7815=CARTESIAN_POINT('',(-2.91990496707071,-0.349999999999756,0.25));
#7816=CARTESIAN_POINT('',(-3.22000000027208,-0.349999999999763,0.25));
#7817=CARTESIAN_POINT('',(-2.91990496707071,-0.349999999999756,-2.77555756156289E-17));
#7818=CARTESIAN_POINT('Origin',(-2.79000115650211,-0.275000000001367,-2.77555756156289E-17));
#7819=CARTESIAN_POINT('Origin',(-2.79000115650211,-0.275000000001367,-2.77555756156289E-17));
#7820=CARTESIAN_POINT('Origin',(-2.79000115650211,-0.275000000001367,0.25));
#7821=CARTESIAN_POINT('Origin',(-2.7868077208082,-0.635000031016818,-2.77555756156289E-17));
#7822=CARTESIAN_POINT('Origin',(-2.7868077208082,-0.635000031016818,0.25));
#7823=CARTESIAN_POINT('Origin',(-2.30499999996741,-1.69500000000135,-2.77555756156289E-17));
#7824=CARTESIAN_POINT('',(-2.79000115650211,-1.69500000000137,-2.77555756156289E-17));
#7825=CARTESIAN_POINT('',(-2.30499999996741,-1.69500000000135,-2.77555756156289E-17));
#7826=CARTESIAN_POINT('',(-2.79000115650211,-1.69500000000137,-2.77555756156289E-17));
#7827=CARTESIAN_POINT('',(-2.79000115650211,-1.69500000000137,0.25));
#7828=CARTESIAN_POINT('',(-2.79000115650211,-1.69500000000137,-2.77555756156289E-17));
#7829=CARTESIAN_POINT('',(-2.30499999996741,-1.69500000000135,0.25));
#7830=CARTESIAN_POINT('',(-2.79000115650211,-1.69500000000137,0.25));
#7831=CARTESIAN_POINT('',(-2.30499999996741,-1.69500000000135,-2.77555756156289E-17));
#7832=CARTESIAN_POINT('Origin',(-2.30499999996738,-2.11499999999915,-2.77555756156289E-17));
#7833=CARTESIAN_POINT('',(-2.30499999996738,-2.11499999999915,-2.77555756156289E-17));
#7834=CARTESIAN_POINT('',(-2.30499999996741,-1.69500000000135,-2.77555756156289E-17));
#7835=CARTESIAN_POINT('',(-2.30499999996738,-2.11499999999915,0.25));
#7836=CARTESIAN_POINT('',(-2.30499999996741,-1.69500000000135,0.25));
#7837=CARTESIAN_POINT('',(-2.30499999996738,-2.11499999999915,-2.77555756156289E-17));
#7838=CARTESIAN_POINT('Origin',(-2.79000000026821,-2.11499999999913,-2.77555756156289E-17));
#7839=CARTESIAN_POINT('',(-2.79000000026821,-2.11499999999913,-2.77555756156289E-17));
#7840=CARTESIAN_POINT('',(-2.30499999996738,-2.11499999999915,-2.77555756156289E-17));
#7841=CARTESIAN_POINT('',(-2.79000000026821,-2.11499999999913,0.25));
#7842=CARTESIAN_POINT('',(-2.30499999996738,-2.11499999999915,0.25));
#7843=CARTESIAN_POINT('',(-2.79000000026821,-2.11499999999913,-2.77555756156289E-17));
#7844=CARTESIAN_POINT('Origin',(-2.79000000026821,-2.26499999999912,-2.77555756156289E-17));
#7845=CARTESIAN_POINT('',(-2.9199038108359,-2.18999999999915,-2.77555756156289E-17));
#7846=CARTESIAN_POINT('Origin',(-2.79000000026821,-2.26499999999912,-2.77555756156289E-17));
#7847=CARTESIAN_POINT('',(-2.9199038108359,-2.18999999999915,0.25));
#7848=CARTESIAN_POINT('Origin',(-2.79000000026821,-2.26499999999912,0.25));
#7849=CARTESIAN_POINT('',(-2.9199038108359,-2.18999999999915,-2.77555756156289E-17));
#7850=CARTESIAN_POINT('Origin',(-3.22000000027208,-2.18999999999915,-2.77555756156289E-17));
#7851=CARTESIAN_POINT('',(-3.22000000027208,-2.18999999999915,-2.77555756156289E-17));
#7852=CARTESIAN_POINT('',(-2.91990381083589,-2.18999999999915,-2.77555756156289E-17));
#7853=CARTESIAN_POINT('',(-3.22000000027208,-2.18999999999915,0.25));
#7854=CARTESIAN_POINT('',(-2.91990381083589,-2.18999999999915,0.25));
#7855=CARTESIAN_POINT('',(-3.22000000027208,-2.18999999999915,-2.77555756156289E-17));
#7856=CARTESIAN_POINT('Origin',(-3.22000000027208,-1.61999999999976,-2.77555756156289E-17));
#7857=CARTESIAN_POINT('',(-3.22000000027208,-1.61999999999976,-2.77555756156289E-17));
#7858=CARTESIAN_POINT('',(-3.22000000027208,-2.18999999999915,-2.77555756156289E-17));
#7859=CARTESIAN_POINT('',(-3.22000000027208,-1.61999999999976,0.25));
#7860=CARTESIAN_POINT('',(-3.22000000027208,-2.18999999999915,0.25));
#7861=CARTESIAN_POINT('',(-3.22000000027208,-1.61999999999976,-2.77555756156289E-17));
#7862=CARTESIAN_POINT('Origin',(-2.91990496707071,-1.61999999999976,-2.77555756156289E-17));
#7863=CARTESIAN_POINT('',(-2.91990496707071,-1.61999999999976,-2.77555756156289E-17));
#7864=CARTESIAN_POINT('',(-3.22000000027208,-1.61999999999976,-2.77555756156289E-17));
#7865=CARTESIAN_POINT('',(-2.91990496707071,-1.61999999999976,0.25));
#7866=CARTESIAN_POINT('',(-3.22000000027208,-1.61999999999976,0.25));
#7867=CARTESIAN_POINT('',(-2.91990496707071,-1.61999999999976,-2.77555756156289E-17));
#7868=CARTESIAN_POINT('Origin',(-2.79000115650211,-1.54500000000137,-2.77555756156289E-17));
#7869=CARTESIAN_POINT('Origin',(-2.79000115650211,-1.54500000000137,-2.77555756156289E-17));
#7870=CARTESIAN_POINT('Origin',(-2.79000115650211,-1.54500000000137,0.25));
#7871=CARTESIAN_POINT('Origin',(-2.7868077208082,-1.90500003101682,-2.77555756156289E-17));
#7872=CARTESIAN_POINT('Origin',(-2.7868077208082,-1.90500003101682,0.25));
#7873=UNCERTAINTY_MEASURE_WITH_UNIT(LENGTH_MEASURE(0.01),#7877,
'DISTANCE_ACCURACY_VALUE',
'Maximum model space distance between geometric entities at asserted c
onnectivities');
#7874=UNCERTAINTY_MEASURE_WITH_UNIT(LENGTH_MEASURE(0.01),#7877,
'DISTANCE_ACCURACY_VALUE',
'Maximum model space distance between geometric entities at asserted c
onnectivities');
#7875=(
GEOMETRIC_REPRESENTATION_CONTEXT(3)
GLOBAL_UNCERTAINTY_ASSIGNED_CONTEXT((#7873))
GLOBAL_UNIT_ASSIGNED_CONTEXT((#7877,#7879,#7878))
REPRESENTATION_CONTEXT('','3D')
);
#7876=(
GEOMETRIC_REPRESENTATION_CONTEXT(3)
GLOBAL_UNCERTAINTY_ASSIGNED_CONTEXT((#7874))
GLOBAL_UNIT_ASSIGNED_CONTEXT((#7877,#7879,#7878))
REPRESENTATION_CONTEXT('','3D')
);
#7877=(
LENGTH_UNIT()
NAMED_UNIT(*)
SI_UNIT(.MILLI.,.METRE.)
);
#7878=(
NAMED_UNIT(*)
SI_UNIT($,.STERADIAN.)
SOLID_ANGLE_UNIT()
);
#7879=(
NAMED_UNIT(*)
PLANE_ANGLE_UNIT()
SI_UNIT($,.RADIAN.)
);
#7880=SHAPE_DEFINITION_REPRESENTATION(#7881,#7882);
#7881=PRODUCT_DEFINITION_SHAPE('',$,#7884);
#7882=SHAPE_REPRESENTATION('',(#4661),#7875);
#7883=PRODUCT_DEFINITION_CONTEXT('part definition',#7888,'design');
#7884=PRODUCT_DEFINITION('Product','Product',#7885,#7883);
#7885=PRODUCT_DEFINITION_FORMATION('',$,#7890);
#7886=PRODUCT_RELATED_PRODUCT_CATEGORY('Product','Product',(#7890));
#7887=APPLICATION_PROTOCOL_DEFINITION('international standard',
'automotive_design',2009,#7888);
#7888=APPLICATION_CONTEXT(
'Core Data for Automotive Mechanical Design Process');
#7889=PRODUCT_CONTEXT('part definition',#7888,'mechanical');
#7890=PRODUCT('Product','Product',$,(#7889));
#7891=PRESENTATION_STYLE_ASSIGNMENT((#7894));
#7892=PRESENTATION_STYLE_ASSIGNMENT((#7895));
#7893=PRESENTATION_STYLE_ASSIGNMENT((#7896));
#7894=SURFACE_STYLE_USAGE(.BOTH.,#7897);
#7895=SURFACE_STYLE_USAGE(.BOTH.,#7898);
#7896=SURFACE_STYLE_USAGE(.BOTH.,#7899);
#7897=SURFACE_SIDE_STYLE('',(#7900));
#7898=SURFACE_SIDE_STYLE('',(#7901));
#7899=SURFACE_SIDE_STYLE('',(#7902));
#7900=SURFACE_STYLE_FILL_AREA(#7903);
#7901=SURFACE_STYLE_FILL_AREA(#7904);
#7902=SURFACE_STYLE_FILL_AREA(#7905);
#7903=FILL_AREA_STYLE('',(#7906));
#7904=FILL_AREA_STYLE('',(#7907));
#7905=FILL_AREA_STYLE('',(#7908));
#7906=FILL_AREA_STYLE_COLOUR('',#7909);
#7907=FILL_AREA_STYLE_COLOUR('',#7910);
#7908=FILL_AREA_STYLE_COLOUR('',#7911);
#7909=COLOUR_RGB('',0.329411764705882,0.329411764705882,0.329411764705882);
#7910=COLOUR_RGB('',1.,1.,1.);
#7911=COLOUR_RGB('',0.866666666666667,0.866666666666667,0.866666666666667);
ENDSEC;
END-ISO-10303-21;
